ts,elapsed_s,latency_ms,ok,sla_violated
1784695016.351,0.1,98.0,True,False
1784695016.521,0.3,69.3,True,False
1784695016.690,0.4,69.1,True,False
1784695016.859,0.6,68.8,True,False
1784695017.031,0.8,71.4,True,False
1784695017.189,0.9,58.5,True,False
1784695017.349,1.1,59.2,True,False
1784695017.524,1.3,75.1,True,False
1784695017.683,1.4,58.8,True,False
1784695017.865,1.6,81.2,True,False
1784695018.035,1.8,70.3,True,False
1784695018.194,1.9,59.0,True,False
1784695018.353,2.1,58.6,True,False
1784695018.530,2.3,76.6,True,False
1784695018.690,2.4,59.3,True,False
1784695018.850,2.6,58.8,True,False
1784695019.025,2.8,75.0,True,False
1784695019.209,3.0,83.3,True,False
1784695019.368,3.1,58.9,True,False
1784695019.527,3.3,58.8,True,False
1784695019.686,3.4,58.8,True,False
1784695019.845,3.6,58.4,True,False
1784695020.003,3.8,58.4,True,False
1784695020.163,3.9,58.9,True,False
1784695020.322,4.1,59.3,True,False
1784695020.481,4.2,58.8,True,False
1784695020.640,4.4,58.9,True,False
1784695020.801,4.5,59.8,True,False
1784695020.960,4.7,59.2,True,False
1784695021.120,4.9,59.5,True,False
1784695021.279,5.0,58.5,True,False
1784695021.438,5.2,59.3,True,False
1784695021.597,5.3,58.8,True,False
1784695021.756,5.5,58.6,True,False
1784695021.914,5.7,57.6,True,False
1784695022.073,5.8,58.4,True,False
1784695022.232,6.0,58.6,True,False
1784695022.391,6.1,59.2,True,False
1784695022.567,6.3,75.5,True,False
1784695022.737,6.5,70.2,True,False
1784695022.896,6.6,58.7,True,False
1784695023.055,6.8,58.2,True,False
1784695023.215,7.0,59.8,True,False
1784695023.374,7.1,59.1,True,False
1784695023.545,7.3,70.8,True,False
1784695023.704,7.5,58.2,True,False
1784695023.863,7.6,59.1,True,False
1784695024.023,7.8,59.0,True,False
1784695024.196,7.9,72.3,True,False
1784695024.355,8.1,59.5,True,False
1784695024.515,8.3,59.4,True,False
1784695024.674,8.4,58.4,True,False
1784695024.833,8.6,58.5,True,False
1784695024.992,8.7,58.5,True,False
1784695025.151,8.9,59.1,True,False
1784695025.310,9.1,59.3,True,False
1784695025.470,9.2,59.2,True,False
1784695025.629,9.4,58.6,True,False
1784695025.788,9.5,59.3,True,False
1784695025.960,9.7,72.0,True,False
1784695026.119,9.9,58.3,True,False
1784695026.278,10.0,58.4,True,False
1784695026.437,10.2,58.6,True,False
1784695026.596,10.3,58.8,True,False
1784695026.754,10.5,58.4,True,False
1784695026.913,10.7,58.5,True,False
1784695027.087,10.8,73.3,True,False
1784695027.245,11.0,57.8,True,False
1784695027.404,11.2,58.7,True,False
1784695027.563,11.3,59.1,True,False
1784695027.722,11.5,58.5,True,False
1784695027.881,11.6,58.6,True,False
1784695028.040,11.8,58.7,True,False
1784695028.199,11.9,58.7,True,False
1784695028.357,12.1,58.5,True,False
1784695028.517,12.3,58.8,True,False
1784695028.676,12.4,59.2,True,False
1784695028.835,12.6,58.1,True,False
1784695028.994,12.7,59.0,True,False
1784695029.153,12.9,58.8,True,False
1784695029.322,13.1,68.9,True,False
1784695029.481,13.2,58.3,True,False
1784695029.660,13.4,79.3,True,False
1784695029.821,13.6,59.9,True,False
1784695029.979,13.7,58.8,True,False
1784695030.138,13.9,58.8,True,False
1784695030.298,14.0,59.5,True,False
1784695030.457,14.2,58.6,True,False
1784695030.617,14.4,59.5,True,False
1784695030.777,14.5,58.9,True,False
1784695030.935,14.7,58.2,True,False
1784695031.114,14.9,78.1,True,False
1784695031.273,15.0,58.5,True,False
1784695031.433,15.2,59.5,True,False
1784695031.591,15.3,58.4,True,False
1784695031.751,15.5,59.3,True,False
1784695031.910,15.7,58.4,True,False
1784695032.069,15.8,58.7,True,False
1784695032.228,16.0,58.6,True,False
1784695032.388,16.1,58.9,True,False
1784695032.547,16.3,59.3,True,False
1784695032.706,16.5,58.7,True,False
1784695032.865,16.6,58.8,True,False
1784695033.024,16.8,58.4,True,False
1784695033.183,16.9,59.0,True,False
1784695033.342,17.1,58.8,True,False
1784695033.502,17.2,59.0,True,False
1784695033.661,17.4,58.7,True,False
1784695033.820,17.6,58.8,True,False
1784695033.980,17.7,59.3,True,False
1784695034.138,17.9,58.6,True,False
1784695034.297,18.0,58.6,True,False
1784695034.456,18.2,58.8,True,False
1784695034.615,18.4,58.7,True,False
1784695034.774,18.5,58.6,True,False
1784695034.947,18.7,72.0,True,False
1784695035.107,18.9,59.8,True,False
1784695035.266,19.0,58.4,True,False
1784695035.425,19.2,58.7,True,False
1784695035.585,19.3,59.4,True,False
1784695035.744,19.5,58.5,True,False
1784695035.902,19.6,58.4,True,False
1784695036.061,19.8,58.6,True,False
1784695036.220,20.0,59.0,True,False
1784695036.379,20.1,58.9,True,False
1784695036.538,20.3,58.4,True,False
1784695036.697,20.4,59.0,True,False
1784695036.856,20.6,58.5,True,False
1784695037.014,20.8,58.4,True,False
1784695037.188,20.9,73.4,True,False
1784695037.347,21.1,58.6,True,False
1784695037.506,21.3,58.6,True,False
1784695037.664,21.4,58.3,True,False
1784695037.838,21.6,73.4,True,False
1784695037.996,21.7,58.3,True,False
1784695038.156,21.9,59.2,True,False
1784695038.315,22.1,58.5,True,False
1784695038.474,22.2,59.0,True,False
1784695038.634,22.4,59.0,True,False
1784695038.793,22.5,58.9,True,False
1784695038.952,22.7,58.7,True,False
1784695039.111,22.9,58.8,True,False
1784695039.270,23.0,58.3,True,False
1784695039.443,23.2,73.0,True,False
1784695039.602,23.3,59.0,True,False
1784695039.762,23.5,58.7,True,False
1784695039.920,23.7,58.4,True,False
1784695040.079,23.8,58.4,True,False
1784695040.238,24.0,59.1,True,False
1784695040.398,24.1,59.6,True,False
1784695040.557,24.3,59.1,True,False
1784695040.716,24.5,58.3,True,False
1784695040.876,24.6,59.2,True,False
1784695041.034,24.8,58.6,True,False
1784695041.194,24.9,59.4,True,False
1784695041.353,25.1,59.0,True,False
1784695041.513,25.3,59.2,True,False
1784695041.672,25.4,58.7,True,False
1784695041.853,25.6,80.5,True,False
1784695042.012,25.8,59.1,True,False
1784695042.171,25.9,58.6,True,False
1784695042.331,26.1,59.6,True,False
1784695042.491,26.2,59.2,True,False
1784695042.650,26.4,58.9,True,False
1784695042.809,26.6,59.2,True,False
1784695042.967,26.7,57.5,True,False
1784695043.126,26.9,58.9,True,False
1784695043.285,27.0,58.5,True,False
1784695043.444,27.2,58.7,True,False
1784695043.603,27.3,58.7,True,False
1784695043.763,27.5,59.1,True,False
1784695043.923,27.7,59.7,True,False
1784695044.082,27.8,58.5,True,False
1784695044.241,28.0,58.6,True,False
1784695044.399,28.1,58.6,True,False
1784695044.558,28.3,58.5,True,False
1784695044.717,28.5,58.3,True,False
1784695044.876,28.6,58.7,True,False
1784695045.035,28.8,58.4,True,False
1784695045.193,28.9,58.3,True,False
1784695045.352,29.1,58.6,True,False
1784695045.512,29.3,59.6,True,False
1784695045.671,29.4,59.4,True,False
1784695045.830,29.6,58.5,True,False
1784695045.989,29.7,58.6,True,False
1784695046.148,29.9,58.7,True,False
1784695046.307,30.1,58.4,True,False
1784695046.466,30.2,58.8,True,False
1784695046.625,30.4,59.4,True,False
1784695046.784,30.5,58.6,True,False
1784695046.957,30.7,72.5,True,False
1784695047.116,30.9,58.5,True,False
1784695047.274,31.0,58.5,True,False
1784695047.433,31.2,58.3,True,False
1784695047.592,31.3,59.0,True,False
1784695047.751,31.5,58.8,True,False
1784695047.910,31.7,58.3,True,False
1784695048.069,31.8,58.8,True,False
1784695048.228,32.0,58.9,True,False
1784695048.387,32.1,58.5,True,False
1784695048.547,32.3,59.6,True,False
1784695048.707,32.5,59.5,True,False
1784695048.866,32.6,58.8,True,False
1784695049.024,32.8,58.1,True,False
1784695049.183,32.9,58.9,True,False
1784695049.342,33.1,58.4,True,False
1784695049.502,33.2,60.0,True,False
1784695049.661,33.4,58.1,True,False
1784695049.820,33.6,58.8,True,False
1784695049.978,33.7,58.5,True,False
1784695050.138,33.9,58.8,True,False
1784695050.297,34.0,59.2,True,False
1784695050.457,34.2,59.2,True,False
1784695050.616,34.4,58.8,True,False
1784695050.786,34.5,69.8,True,False
1784695050.946,34.7,60.1,True,False
1784695051.106,34.9,58.8,True,False
1784695051.264,35.0,58.1,True,False
1784695051.424,35.2,59.4,True,False
1784695051.583,35.3,58.6,True,False
1784695051.741,35.5,58.3,True,False
1784695051.901,35.6,58.8,True,False
1784695052.061,35.8,60.1,True,False
1784695052.220,36.0,58.7,True,False
1784695052.379,36.1,59.1,True,False
1784695052.539,36.3,59.1,True,False
1784695052.698,36.4,58.8,True,False
1784695052.857,36.6,58.6,True,False
1784695053.016,36.8,59.2,True,False
1784695053.175,36.9,58.5,True,False
1784695053.334,37.1,58.2,True,False
1784695053.493,37.2,58.8,True,False
1784695053.651,37.4,58.5,True,False
1784695053.811,37.6,58.8,True,False
1784695053.970,37.7,59.2,True,False
1784695054.129,37.9,58.4,True,False
1784695054.288,38.0,58.8,True,False
1784695054.447,38.2,58.6,True,False
1784695054.606,38.4,58.6,True,False
1784695054.765,38.5,58.9,True,False
1784695054.924,38.7,58.4,True,False
1784695055.092,38.8,67.7,True,False
1784695055.250,39.0,58.2,True,False
1784695055.410,39.2,59.0,True,False
1784695055.569,39.3,58.6,True,False
1784695055.728,39.5,58.6,True,False
1784695055.887,39.6,59.0,True,False
1784695056.066,39.8,78.9,True,False
1784695056.226,40.0,59.7,True,False
1784695056.384,40.1,58.6,True,False
1784695056.543,40.3,58.8,True,False
1784695056.712,40.5,68.5,True,False
1784695056.871,40.6,58.4,True,False
1784695057.030,40.8,58.4,True,False
1784695057.189,40.9,58.7,True,False
1784695057.347,41.1,58.7,True,False
1784695057.506,41.3,58.5,True,False
1784695057.665,41.4,58.5,True,False
1784695057.824,41.6,58.7,True,False
1784695057.983,41.7,58.6,True,False
1784695058.143,41.9,59.5,True,False
1784695058.302,42.0,59.0,True,False
1784695058.460,42.2,58.7,True,False
1784695058.619,42.4,58.7,True,False
1784695058.779,42.5,59.6,True,False
1784695058.955,42.7,75.2,True,False
1784695059.113,42.9,57.8,True,False
1784695059.272,43.0,58.5,True,False
1784695059.431,43.2,59.1,True,False
1784695059.590,43.3,58.6,True,False
1784695059.749,43.5,58.6,True,False
1784695059.923,43.7,74.2,True,False
1784695060.082,43.8,58.7,True,False
1784695060.241,44.0,58.2,True,False
1784695060.400,44.1,58.5,True,False
1784695060.559,44.3,59.1,True,False
1784695060.718,44.5,59.3,True,False
1784695060.878,44.6,59.2,True,False
1784695061.037,44.8,58.9,True,False
1784695061.195,44.9,58.4,True,False
1784695061.355,45.1,59.3,True,False
1784695061.514,45.3,59.1,True,False
1784695061.674,45.4,58.9,True,False
1784695061.833,45.6,58.5,True,False
1784695061.992,45.7,58.8,True,False
1784695062.152,45.9,59.9,True,False
1784695062.311,46.1,58.4,True,False
1784695062.470,46.2,58.5,True,False
1784695062.629,46.4,58.5,True,False
1784695062.787,46.5,58.5,True,False
1784695062.946,46.7,58.8,True,False
1784695063.105,46.9,58.7,True,False
1784695063.265,47.0,59.5,True,False
1784695063.424,47.2,58.9,True,False
1784695063.584,47.3,59.3,True,False
1784695063.743,47.5,59.0,True,False
1784695063.902,47.6,58.7,True,False
1784695064.061,47.8,58.4,True,False
1784695064.220,48.0,58.8,True,False
1784695064.397,48.1,77.0,True,False
1784695064.567,48.3,70.3,True,False
1784695064.727,48.5,58.9,True,False
1784695064.886,48.6,58.8,True,False
1784695065.045,48.8,58.6,True,False
1784695065.206,49.0,60.2,True,False
1784695065.366,49.1,59.5,True,False
1784695065.525,49.3,59.1,True,False
1784695065.684,49.4,59.1,True,False
1784695065.842,49.6,58.1,True,False
1784695066.001,49.7,58.8,True,False
1784695066.161,49.9,59.0,True,False
1784695066.320,50.1,58.6,True,False
1784695066.480,50.2,59.4,True,False
1784695066.639,50.4,58.8,True,False
1784695066.800,50.5,60.6,True,False
1784695066.959,50.7,58.6,True,False
1784695067.118,50.9,58.7,True,False
1784695067.276,51.0,58.5,True,False
1784695067.436,51.2,59.1,True,False
1784695067.595,51.3,59.0,True,False
1784695067.754,51.5,59.1,True,False
1784695067.913,51.7,58.2,True,False
1784695068.072,51.8,58.6,True,False
1784695068.231,52.0,58.6,True,False
1784695068.390,52.1,58.9,True,False
1784695068.550,52.3,59.2,True,False
1784695068.709,52.5,59.3,True,False
1784695068.869,52.6,59.3,True,False
1784695069.029,52.8,59.3,True,False
1784695069.188,52.9,59.4,True,False
1784695069.347,53.1,58.5,True,False
1784695069.506,53.3,58.9,True,False
1784695069.664,53.4,57.2,True,False
1784695069.823,53.6,58.9,True,False
1784695069.982,53.7,58.9,True,False
1784695070.141,53.9,58.5,True,False
1784695070.300,54.0,59.0,True,False
1784695070.459,54.2,58.8,True,False
1784695070.618,54.4,59.0,True,False
1784695070.786,54.5,67.3,True,False
1784695070.957,54.7,70.7,True,False
1784695071.116,54.9,58.7,True,False
1784695071.273,55.0,57.8,True,False
1784695071.432,55.2,58.8,True,False
1784695071.591,55.3,59.0,True,False
1784695071.753,55.5,60.7,True,False
1784695071.913,55.7,59.6,True,False
1784695072.087,55.8,73.4,True,False
1784695072.246,56.0,58.7,True,False
1784695072.405,56.2,58.8,True,False
1784695072.564,56.3,58.5,True,False
1784695072.722,56.5,58.3,True,False
1784695072.881,56.6,58.5,True,False
1784695073.040,56.8,59.0,True,False
1784695073.199,56.9,58.4,True,False
1784695073.376,57.1,76.4,True,False
1784695073.534,57.3,58.5,True,False
1784695073.694,57.4,59.1,True,False
1784695073.853,57.6,59.1,True,False
1784695074.013,57.8,59.6,True,False
1784695074.172,57.9,58.8,True,False
1784695074.350,58.1,76.9,True,False
1784695074.509,58.3,58.8,True,False
1784695074.668,58.4,58.6,True,False
1784695074.827,58.6,58.3,True,False
1784695074.986,58.7,59.0,True,False
1784695075.145,58.9,58.7,True,False
1784695075.325,59.1,79.0,True,False
1784695075.483,59.2,58.3,True,False
1784695075.642,59.4,58.5,True,False
1784695075.801,59.5,58.7,True,False
1784695075.961,59.7,58.8,True,False
1784695076.119,59.9,58.7,True,False
1784695076.279,60.0,58.9,True,False
1784695076.455,60.2,76.4,True,False
1784695076.614,60.4,58.9,True,False
1784695076.773,60.5,58.4,True,False
1784695076.932,60.7,58.5,True,False
1784695077.090,60.8,58.1,True,False
1784695077.259,61.0,69.2,True,False
1784695077.429,61.2,69.5,True,False
1784695077.588,61.3,58.8,True,False
1784695077.747,61.5,58.7,True,False
1784695077.906,61.7,58.7,True,False
1784695078.065,61.8,58.3,True,False
1784695078.224,62.0,58.9,True,False
1784695078.833,62.6,508.9,True,True
1784695078.991,62.7,58.5,True,False
1784695079.151,62.9,58.7,True,False
1784695079.310,63.1,58.9,True,False
1784695079.489,63.2,78.7,True,False
1784695080.098,63.8,508.6,True,True
1784695080.256,64.0,58.4,True,False
1784695080.866,64.6,509.3,True,True
1784695081.024,64.8,58.4,True,False
1784695081.184,64.9,58.7,True,False
1784695081.813,65.6,529.2,True,True
1784695081.972,65.7,58.9,True,False
1784695082.604,66.4,531.3,True,True
1784695082.775,66.5,70.9,True,False
1784695083.385,67.1,509.5,True,True
1784695083.544,67.3,59.0,True,False
1784695084.153,67.9,509.0,True,True
1784695084.313,68.1,59.2,True,False
1784695084.922,68.7,508.9,True,True
1784695085.081,68.8,58.3,True,False
1784695085.711,69.5,530.1,True,True
1784695085.869,69.6,57.8,True,False
1784695086.052,69.8,82.0,True,False
1784695086.211,70.0,58.8,True,False
1784695086.820,70.6,509.2,True,True
1784695086.995,70.7,74.7,True,False
1784695087.604,71.4,508.7,True,True
1784695087.764,71.5,59.6,True,False
1784695088.374,72.1,509.7,True,True
1784695088.532,72.3,58.5,True,False
1784695089.141,72.9,508.8,True,True
1784695089.300,73.0,58.6,True,False
1784695089.460,73.2,59.1,True,False
1784695089.629,73.4,69.4,True,False
1784695090.239,74.0,509.0,True,True
1784695090.398,74.1,58.5,True,False
1784695091.006,74.8,508.7,True,True
1784695091.178,74.9,71.4,True,False
1784695091.787,75.5,508.7,True,True
1784695091.946,75.7,58.5,True,False
1784695092.105,75.9,58.6,True,False
1784695092.264,76.0,58.6,True,False
1784695092.423,76.2,58.9,True,False
1784695093.032,76.8,508.9,True,True
1784695093.191,76.9,59.2,True,False
1784695093.800,77.5,508.7,True,True
1784695093.959,77.7,59.1,True,False
1784695094.568,78.3,509.0,True,True
1784695094.727,78.5,58.6,True,False
1784695094.886,78.6,58.4,True,False
1784695095.495,79.2,508.7,True,True
1784695095.654,79.4,58.7,True,False
1784695096.275,80.0,521.4,True,True
1784695096.434,80.2,58.2,True,False
1784695097.043,80.8,508.8,True,True
1784695097.203,81.0,59.7,True,False
1784695097.812,81.6,508.7,True,True
1784695097.971,81.7,58.2,True,False
1784695098.580,82.3,508.4,True,True
1784695098.739,82.5,58.8,True,False
1784695099.347,83.1,508.4,True,True
1784695099.526,83.3,78.9,True,False
1784695100.136,83.9,509.0,True,True
1784695100.295,84.0,58.6,True,False
1784695100.467,84.2,72.6,True,False
1784695100.627,84.4,59.2,True,False
1784695100.787,84.5,59.9,True,False
1784695100.946,84.7,58.9,True,False
1784695101.104,84.9,58.3,True,False
1784695101.714,85.5,508.9,True,True
1784695101.872,85.6,58.3,True,False
1784695102.031,85.8,58.4,True,False
1784695102.640,86.4,508.8,True,True
1784695102.799,86.5,58.7,True,False
1784695103.409,87.2,509.3,True,True
1784695103.568,87.3,59.0,True,False
1784695103.727,87.5,59.1,True,False
1784695103.896,87.6,68.3,True,False
1784695104.055,87.8,58.9,True,False
1784695104.665,88.4,509.4,True,True
1784695104.824,88.6,58.7,True,False
1784695105.433,89.2,508.6,True,True
1784695105.593,89.3,59.2,True,False
1784695106.202,89.9,509.2,True,True
1784695106.361,90.1,58.9,True,False
1784695106.970,90.7,508.8,True,True
1784695107.128,90.9,57.6,True,False
1784695107.738,91.5,508.8,True,True
1784695107.897,91.6,58.8,True,False
1784695108.506,92.3,509.4,True,True
1784695108.665,92.4,58.8,True,False
1784695108.825,92.6,59.7,True,False
1784695108.985,92.7,59.5,True,False
1784695109.144,92.9,59.1,True,False
1784695109.319,93.1,73.9,True,False
1784695109.477,93.2,58.4,True,False
1784695109.637,93.4,59.3,True,False
1784695110.246,94.0,508.5,True,True
1784695110.406,94.2,59.7,True,False
1784695111.015,94.8,508.9,True,True
1784695111.174,94.9,59.0,True,False
1784695111.784,95.5,509.1,True,True
1784695111.943,95.7,58.9,True,False
1784695112.552,96.3,508.8,True,True
1784695112.711,96.5,58.3,True,False
1784695112.870,96.6,58.9,True,False
1784695113.029,96.8,58.9,True,False
1784695113.638,97.4,509.0,True,True
1784695113.797,97.5,59.1,True,False
1784695113.956,97.7,58.8,True,False
1784695114.115,97.9,58.9,True,False
1784695114.275,98.0,59.4,True,False
1784695114.885,98.6,509.0,True,True
1784695115.043,98.8,58.5,True,False
1784695115.202,98.9,58.8,True,False
1784695115.361,99.1,58.4,True,False
1784695115.520,99.3,58.7,True,False
1784695115.679,99.4,58.3,True,False
1784695115.837,99.6,58.6,True,False
1784695116.446,100.2,508.6,True,True
1784695116.606,100.4,58.9,True,False
1784695117.215,101.0,508.7,True,True
1784695117.373,101.1,58.5,True,False
1784695117.532,101.3,58.4,True,False
1784695117.691,101.4,58.7,True,False
1784695117.852,101.6,60.9,True,False
1784695118.010,101.8,58.0,True,False
1784695118.169,101.9,58.9,True,False
1784695118.328,102.1,58.6,True,False
1784695118.487,102.2,58.4,True,False
1784695118.656,102.4,68.2,True,False
1784695118.815,102.6,59.5,True,False
1784695118.974,102.7,58.4,True,False
1784695119.133,102.9,58.5,True,False
1784695119.292,103.0,58.4,True,False
1784695119.451,103.2,58.8,True,False
1784695119.611,103.4,59.6,True,False
1784695119.770,103.5,59.4,True,False
1784695119.930,103.7,58.9,True,False
1784695120.089,103.8,58.5,True,False
1784695120.698,104.4,508.6,True,True
1784695120.857,104.6,59.0,True,False
1784695121.466,105.2,508.6,True,True
1784695121.625,105.4,58.3,True,False
1784695121.784,105.5,59.0,True,False
1784695121.943,105.7,58.7,True,False
1784695122.102,105.8,58.6,True,False
1784695122.711,106.5,508.7,True,True
1784695122.871,106.6,59.7,True,False
1784695123.030,106.8,58.5,True,False
1784695123.188,106.9,58.7,True,False
1784695123.347,107.1,58.1,True,False
1784695123.506,107.3,59.3,True,False
1784695124.134,107.9,528.0,True,True
1784695124.293,108.0,58.1,True,False
1784695124.902,108.6,509.1,True,True
1784695125.061,108.8,58.8,True,False
1784695125.671,109.4,509.3,True,True
1784695125.830,109.6,58.7,True,False
1784695126.452,110.2,522.1,True,True
1784695126.612,110.4,58.9,True,False
1784695127.221,111.0,509.0,True,True
1784695127.380,111.1,58.5,True,False
1784695127.998,111.7,517.8,True,True
1784695128.158,111.9,59.0,True,False
1784695128.317,112.1,59.0,True,False
1784695128.926,112.7,508.5,True,True
1784695129.085,112.8,58.7,True,False
1784695129.694,113.4,508.8,True,True
1784695129.853,113.6,58.6,True,False
1784695130.462,114.2,508.8,True,True
1784695130.621,114.4,58.5,True,False
1784695130.780,114.5,58.2,True,False
1784695130.939,114.7,59.5,True,False
1784695131.098,114.8,58.5,True,False
1784695131.257,115.0,58.8,True,False
1784695131.416,115.2,58.5,True,False
1784695131.575,115.3,58.7,True,False
1784695131.735,115.5,59.3,True,False
1784695131.894,115.6,58.8,True,False
1784695132.053,115.8,58.8,True,False
1784695132.211,116.0,58.4,True,False
1784695132.820,116.6,508.8,True,True
1784695132.979,116.7,58.7,True,False
1784695133.138,116.9,58.4,True,False
1784695133.747,117.5,508.7,True,True
1784695133.920,117.7,72.6,True,False
1784695134.529,118.3,508.8,True,True
1784695134.688,118.4,58.7,True,False
1784695134.847,118.6,58.9,True,False
1784695135.006,118.8,59.1,True,False
1784695135.165,118.9,58.4,True,False
1784695135.324,119.1,58.3,True,False
1784695135.484,119.2,59.5,True,False
1784695135.657,119.4,73.5,True,False
1784695135.816,119.6,57.8,True,False
1784695135.974,119.7,58.5,True,False
1784695136.133,119.9,58.5,True,False
1784695136.292,120.0,58.8,True,False
1784695136.451,120.2,58.5,True,False
1784695136.610,120.4,59.0,True,False
1784695136.770,120.5,59.0,True,False
1784695136.929,120.7,58.6,True,False
1784695137.087,120.8,58.8,True,False
1784695137.247,121.0,58.9,True,False
1784695137.406,121.2,58.9,True,False
1784695138.015,121.8,508.8,True,True
1784695138.197,121.9,81.8,True,False
1784695138.355,122.1,57.8,True,False
1784695138.514,122.3,58.7,True,False
1784695138.673,122.4,58.7,True,False
1784695138.842,122.6,68.6,True,False
1784695139.011,122.8,68.8,True,False
1784695139.184,122.9,73.2,True,False
1784695139.344,123.1,59.2,True,False
1784695139.504,123.3,59.5,True,False
1784695139.663,123.4,59.0,True,False
1784695139.822,123.6,59.1,True,False
1784695139.981,123.7,58.5,True,False
1784695140.140,123.9,58.6,True,False
1784695140.299,124.0,58.5,True,False
1784695140.457,124.2,58.5,True,False
1784695140.617,124.4,59.5,True,False
1784695140.777,124.5,59.1,True,False
1784695140.936,124.7,59.2,True,False
1784695141.095,124.8,58.9,True,False
1784695141.254,125.0,58.5,True,False
1784695141.414,125.2,59.3,True,False
1784695141.574,125.3,59.7,True,False
1784695141.733,125.5,58.2,True,False
1784695141.892,125.6,58.9,True,False
1784695142.051,125.8,58.7,True,False
1784695142.210,126.0,58.5,True,False
1784695142.369,126.1,58.7,True,False
1784695142.528,126.3,58.7,True,False
1784695142.687,126.4,58.3,True,False
1784695142.846,126.6,58.9,True,False
1784695143.005,126.8,58.4,True,False
1784695143.164,126.9,58.9,True,False
1784695143.323,127.1,58.5,True,False
1784695143.502,127.2,79.5,True,False
1784695143.673,127.4,69.6,True,False
1784695143.832,127.6,59.3,True,False
1784695143.992,127.7,59.3,True,False
1784695144.151,127.9,58.9,True,False
1784695144.309,128.1,58.1,True,False
1784695144.468,128.2,58.5,True,False
1784695144.628,128.4,59.2,True,False
1784695144.786,128.5,58.3,True,False
1784695144.945,128.7,58.7,True,False
1784695145.104,128.9,58.5,True,False
1784695145.263,129.0,58.5,True,False
1784695145.422,129.2,59.2,True,False
1784695145.581,129.3,58.7,True,False
1784695145.741,129.5,58.8,True,False
1784695145.900,129.6,59.5,True,False
1784695146.060,129.8,59.3,True,False
1784695146.219,130.0,58.7,True,False
1784695146.378,130.1,59.3,True,False
1784695146.537,130.3,58.6,True,False
1784695146.695,130.4,58.2,True,False
1784695146.854,130.6,57.9,True,False
1784695147.013,130.8,58.9,True,False
1784695147.172,130.9,58.9,True,False
1784695147.331,131.1,58.7,True,False
1784695147.490,131.2,58.2,True,False
1784695147.649,131.4,58.5,True,False
1784695147.808,131.6,58.6,True,False
1784695147.967,131.7,58.8,True,False
1784695148.126,131.9,58.6,True,False
1784695148.286,132.0,59.4,True,False
1784695148.445,132.2,59.1,True,False
1784695148.604,132.4,58.6,True,False
1784695148.764,132.5,59.6,True,False
1784695148.923,132.7,58.2,True,False
1784695149.082,132.8,59.3,True,False
1784695149.241,133.0,58.4,True,False
1784695149.399,133.1,58.4,True,False
1784695149.572,133.3,72.1,True,False
1784695149.731,133.5,59.4,True,False
1784695149.890,133.6,58.2,True,False
1784695150.049,133.8,59.1,True,False
1784695150.209,134.0,59.9,True,False
1784695150.368,134.1,58.8,True,False
1784695150.543,134.3,74.9,True,False
1784695150.703,134.4,58.7,True,False
1784695150.862,134.6,59.2,True,False
1784695151.039,134.8,76.4,True,False
1784695151.198,134.9,59.4,True,False
1784695151.358,135.1,59.4,True,False
1784695151.517,135.3,58.5,True,False
1784695151.676,135.4,58.7,True,False
1784695151.834,135.6,58.3,True,False
1784695151.993,135.7,58.6,True,False
1784695152.151,135.9,57.3,True,False
1784695152.309,136.1,58.1,True,False
1784695152.469,136.2,59.5,True,False
1784695152.628,136.4,58.8,True,False
1784695152.787,136.5,59.1,True,False
1784695152.946,136.7,58.7,True,False
1784695153.105,136.9,58.8,True,False
1784695153.264,137.0,58.6,True,False
1784695153.422,137.2,58.5,True,False
1784695153.581,137.3,58.8,True,False
1784695153.740,137.5,58.9,True,False
1784695153.911,137.7,70.1,True,False
1784695154.070,137.8,59.7,True,False
1784695154.230,138.0,58.9,True,False
1784695154.389,138.1,59.0,True,False
1784695154.549,138.3,59.8,True,False
1784695154.731,138.5,81.8,True,False
1784695154.890,138.6,58.5,True,False
1784695155.049,138.8,58.9,True,False
1784695155.208,139.0,58.8,True,False
1784695155.367,139.1,58.4,True,False
1784695155.526,139.3,58.6,True,False
1784695155.685,139.4,59.0,True,False
1784695155.844,139.6,58.6,True,False
1784695156.004,139.8,59.2,True,False
1784695156.182,139.9,77.8,True,False
1784695156.352,140.1,70.2,True,False
1784695156.512,140.3,59.3,True,False
1784695156.671,140.4,59.3,True,False
1784695156.830,140.6,58.3,True,False
1784695157.002,140.7,71.6,True,False
1784695157.162,140.9,59.4,True,False
1784695157.322,141.1,59.6,True,False
1784695157.481,141.2,59.0,True,False
1784695157.639,141.4,58.4,True,False
1784695157.799,141.5,58.9,True,False
1784695157.958,141.7,58.6,True,False
1784695158.117,141.9,58.8,True,False
1784695158.276,142.0,58.7,True,False
1784695158.435,142.2,58.8,True,False
1784695158.595,142.3,59.4,True,False
1784695158.766,142.5,71.0,True,False
1784695158.925,142.7,58.5,True,False
1784695159.084,142.8,59.1,True,False
1784695159.243,143.0,59.0,True,False
1784695159.402,143.1,58.8,True,False
1784695159.584,143.3,81.4,True,False
1784695159.743,143.5,58.5,True,False
1784695159.903,143.6,59.0,True,False
1784695160.062,143.8,59.2,True,False
1784695160.221,144.0,58.7,True,False
1784695160.380,144.1,58.6,True,False
1784695160.539,144.3,58.7,True,False
1784695160.698,144.4,58.6,True,False
1784695160.858,144.6,59.4,True,False
1784695161.017,144.8,58.9,True,False
1784695161.176,144.9,58.8,True,False
1784695161.335,145.1,58.6,True,False
1784695161.516,145.3,80.7,True,False
1784695161.675,145.4,59.3,True,False
1784695161.835,145.6,59.5,True,False
1784695161.994,145.7,58.4,True,False
1784695162.153,145.9,58.9,True,False
1784695162.312,146.1,58.4,True,False
1784695162.471,146.2,59.0,True,False
1784695162.630,146.4,58.8,True,False
1784695162.803,146.5,72.8,True,False
1784695162.962,146.7,58.6,True,False
1784695163.121,146.9,59.2,True,False
1784695163.280,147.0,58.6,True,False
1784695163.452,147.2,71.5,True,False
1784695163.612,147.4,59.2,True,False
1784695163.771,147.5,58.7,True,False
1784695163.929,147.7,58.7,True,False
1784695164.090,147.8,59.8,True,False
1784695164.249,148.0,58.9,True,False
1784695164.408,148.2,58.6,True,False
1784695164.567,148.3,58.9,True,False
1784695164.726,148.5,58.6,True,False
1784695164.885,148.6,59.0,True,False
1784695165.044,148.8,58.6,True,False
1784695165.203,148.9,59.1,True,False
1784695165.363,149.1,59.2,True,False
1784695165.522,149.3,58.8,True,False
1784695165.681,149.4,58.8,True,False
1784695165.840,149.6,58.4,True,False
1784695165.998,149.7,58.8,True,False
1784695166.158,149.9,59.0,True,False
1784695166.317,150.1,58.6,True,False
1784695166.475,150.2,58.2,True,False
1784695166.634,150.4,58.4,True,False
1784695166.794,150.5,59.1,True,False
1784695166.953,150.7,59.5,True,False
1784695167.113,150.9,59.4,True,False
1784695167.290,151.0,76.3,True,False
1784695167.460,151.2,70.4,True,False
1784695167.619,151.4,58.4,True,False
1784695167.778,151.5,58.9,True,False
1784695167.937,151.7,58.8,True,False
1784695168.095,151.8,58.4,True,False
1784695168.254,152.0,58.0,True,False
1784695168.413,152.2,58.6,True,False
1784695168.571,152.3,58.7,True,False
1784695168.731,152.5,59.1,True,False
1784695168.890,152.6,58.6,True,False
1784695169.049,152.8,59.0,True,False
1784695169.223,153.0,73.0,True,False
1784695169.328,153.1,5.2,False,True
1784695169.487,153.2,58.8,True,False
1784695169.646,153.4,58.3,True,False
1784695169.806,153.6,59.7,True,False
1784695169.965,153.7,58.6,True,False
1784695170.071,153.8,5.6,False,True
1784695170.230,154.0,58.3,True,False
1784695170.335,154.1,5.3,False,True
1784695170.494,154.2,59.2,True,False
1784695170.653,154.4,58.9,True,False
1784695170.813,154.6,58.8,True,False
1784695170.973,154.7,59.6,True,False
1784695171.133,154.9,59.5,True,False
1784695171.292,155.0,59.3,True,False
1784695171.453,155.2,59.7,True,False
1784695171.613,155.4,60.2,True,False
1784695171.773,155.5,59.4,True,False
1784695171.932,155.7,58.9,True,False
1784695172.114,155.9,81.1,True,False
1784695172.274,156.0,59.5,True,False
1784695172.398,156.1,24.3,False,True
1784695172.523,156.3,24.4,False,True
1784695172.629,156.4,5.6,False,True
1784695172.735,156.5,5.1,False,True
1784695172.894,156.6,58.7,True,False
1784695173.052,156.8,58.5,True,False
1784695173.212,157.0,59.6,True,False
1784695173.371,157.1,58.2,True,False
1784695173.550,157.3,79.1,True,False
1784695173.709,157.5,58.8,True,False
1784695173.814,157.6,5.2,False,True
1784695173.974,157.7,58.9,True,False
1784695174.133,157.9,58.8,True,False
1784695174.238,158.0,5.5,False,True
1784695174.344,158.1,5.1,False,True
1784695174.449,158.2,5.0,False,True
1784695174.554,158.3,4.9,False,True
1784695174.713,158.5,58.3,True,False
1784695174.892,158.6,78.7,True,False
1784695175.051,158.8,58.8,True,False
1784695175.156,158.9,5.0,False,True
1784695175.262,159.0,5.0,False,True
1784695175.367,159.1,5.4,False,True
1784695175.526,159.3,58.8,True,False
1784695175.685,159.4,58.3,True,False
1784695175.844,159.6,59.2,True,False
1784695176.004,159.8,59.0,True,False
1784695176.109,159.9,5.4,False,True
1784695176.268,160.0,58.8,True,False
1784695176.427,160.2,58.6,True,False
1784695176.586,160.3,58.4,True,False
1784695176.744,160.5,58.2,True,False
1784695176.863,160.6,18.1,False,True
1784695177.022,160.8,58.9,True,False
1784695177.194,160.9,71.7,True,False
1784695177.353,161.1,58.6,True,False
1784695177.512,161.3,58.6,True,False
1784695177.672,161.4,59.6,True,False
1784695177.790,161.5,18.4,False,True
1784695177.896,161.6,5.2,False,True
1784695178.055,161.8,58.6,True,False
1784695178.215,162.0,59.7,True,False
1784695178.374,162.1,58.8,True,False
1784695178.544,162.3,70.3,True,False
1784695178.650,162.4,5.4,False,True
1784695178.810,162.6,59.0,True,False
1784695178.968,162.7,58.2,True,False
1784695179.145,162.9,76.0,True,False
1784695179.250,163.0,5.6,False,True
1784695179.356,163.1,5.2,False,True
1784695179.461,163.2,5.3,False,True
1784695179.568,163.3,6.0,False,True
1784695179.673,163.4,5.0,False,True
1784695179.832,163.6,58.3,True,False
1784695179.937,163.7,5.2,False,True
1784695180.097,163.8,59.7,True,False
1784695180.256,164.0,58.4,True,False
1784695180.415,164.2,58.7,True,False
1784695180.574,164.3,58.9,True,False
1784695180.733,164.5,58.6,True,False
1784695180.893,164.6,59.8,True,False
1784695181.052,164.8,58.4,True,False
1784695181.210,165.0,58.4,True,False
1784695181.317,165.1,5.7,False,True
1784695181.475,165.2,58.3,True,False
1784695181.634,165.4,58.7,True,False
1784695181.794,165.5,59.5,True,False
1784695181.974,165.7,79.7,True,False
1784695182.133,165.9,59.0,True,False
1784695182.292,166.0,59.0,True,False
1784695182.451,166.2,59.1,True,False
1784695182.610,166.4,58.6,True,False
1784695182.770,166.5,59.1,True,False
1784695182.929,166.7,59.4,True,False
1784695183.089,166.8,59.2,True,False
1784695183.248,167.0,58.7,True,False
1784695183.353,167.1,4.9,False,True
1784695183.512,167.3,58.7,True,False
1784695183.672,167.4,58.8,True,False
1784695183.777,167.5,5.2,False,True
1784695183.959,167.7,81.2,True,False
1784695184.128,167.9,69.2,True,False
1784695184.297,168.0,69.2,True,False
1784695184.456,168.2,58.6,True,False
1784695184.616,168.4,59.3,True,False
1784695184.775,168.5,58.7,True,False
1784695184.933,168.7,58.6,True,False
1784695185.039,168.8,5.0,False,True
1784695185.199,168.9,60.6,True,False
1784695185.360,169.1,59.8,True,False
1784695185.519,169.3,59.2,True,False
1784695185.679,169.4,60.0,True,False
1784695185.785,169.5,5.3,False,True
1784695185.890,169.6,5.1,False,True
1784695186.049,169.8,58.5,True,False
1784695186.208,170.0,58.9,True,False
1784695186.367,170.1,58.9,True,False
1784695186.527,170.3,59.1,True,False
1784695186.686,170.4,58.6,True,False
1784695186.845,170.6,58.3,True,False
1784695186.950,170.7,5.0,False,True
1784695187.109,170.9,58.3,True,False
1784695187.268,171.0,58.9,True,False
1784695187.374,171.1,5.8,False,True
1784695187.533,171.3,58.7,True,False
1784695187.638,171.4,5.5,False,True
1784695187.797,171.5,58.7,True,False
1784695187.956,171.7,58.5,True,False
1784695188.116,171.9,59.3,True,False
1784695188.276,172.0,59.5,True,False
1784695188.434,172.2,58.6,True,False
1784695188.594,172.3,59.2,True,False
1784695188.754,172.5,59.5,True,False
1784695188.913,172.7,58.9,True,False
1784695189.073,172.8,59.3,True,False
1784695189.232,173.0,59.2,True,False
1784695189.391,173.1,58.9,True,False
1784695189.551,173.3,58.9,True,False
1784695189.656,173.4,5.1,False,True
1784695189.815,173.6,58.5,True,False
1784695189.935,173.7,20.1,False,True
1784695190.041,173.8,5.2,False,True
1784695190.221,174.0,79.4,True,False
1784695190.326,174.1,5.4,False,True
1784695190.432,174.2,5.8,False,True
1784695190.538,174.3,5.3,False,True
1784695190.697,174.4,58.8,True,False
1784695190.856,174.6,58.9,True,False
1784695191.028,174.8,71.2,True,False
1784695191.133,174.9,5.1,False,True
1784695191.293,175.0,59.0,True,False
1784695191.452,175.2,58.9,True,False
1784695191.558,175.3,5.6,False,True
1784695191.717,175.5,58.6,True,False
1784695191.875,175.6,58.4,True,False
1784695192.034,175.8,58.8,True,False
1784695192.194,175.9,59.8,True,False
1784695192.353,176.1,58.7,True,False
1784695192.512,176.3,58.6,True,False
1784695192.671,176.4,58.8,True,False
1784695192.831,176.6,59.0,True,False
1784695192.958,176.7,27.4,False,True
1784695193.065,176.8,5.7,False,True
1784695193.170,176.9,5.1,False,True
1784695193.329,177.1,58.7,True,False
1784695193.489,177.2,59.3,True,False
1784695193.596,177.3,6.6,False,True
1784695193.754,177.5,58.5,True,False
1784695193.913,177.7,58.3,True,False
1784695194.073,177.8,59.4,True,False
1784695194.232,178.0,59.1,True,False
1784695194.391,178.1,58.4,True,False
1784695194.550,178.3,58.8,True,False
1784695194.709,178.5,59.0,True,False
1784695194.869,178.6,59.0,True,False
1784695195.050,178.8,81.1,True,False
1784695195.209,179.0,58.9,True,False
1784695195.368,179.1,58.9,True,False
1784695195.528,179.3,59.0,True,False
1784695195.687,179.4,59.3,True,False
1784695195.846,179.6,58.5,True,False
1784695196.023,179.8,77.3,True,False
1784695196.182,179.9,58.5,True,False
1784695196.341,180.1,59.1,True,False
1784695196.500,180.2,58.7,True,False
1784695196.660,180.4,59.3,True,False
1784695196.820,180.6,59.4,True,False
1784695196.979,180.7,59.2,True,False
1784695197.139,180.9,59.6,True,False
1784695197.299,181.0,59.7,True,False
1784695197.466,181.2,67.5,True,False
1784695197.626,181.4,59.6,True,False
1784695197.786,181.5,59.0,True,False
1784695197.945,181.7,59.0,True,False
1784695198.105,181.9,59.4,True,False
1784695198.264,182.0,59.6,True,False
1784695198.424,182.2,59.1,True,False
1784695198.584,182.3,59.8,True,False
1784695198.745,182.5,60.5,True,False
1784695198.906,182.7,60.3,True,False
1784695199.026,182.8,19.7,False,True
1784695199.132,182.9,5.6,False,True
1784695199.291,183.0,58.5,True,False
1784695199.451,183.2,59.6,True,False
1784695199.610,183.4,59.0,True,False
1784695199.770,183.5,59.3,True,False
1784695199.929,183.7,58.8,True,False
1784695200.088,183.8,58.8,True,False
1784695200.247,184.0,58.9,True,False
1784695200.406,184.2,59.0,True,False
1784695200.565,184.3,58.6,True,False
1784695200.723,184.5,58.4,True,False
1784695200.829,184.6,5.1,False,True
1784695200.944,184.7,14.9,False,True
1784695201.102,184.8,58.6,True,False
1784695201.262,185.0,58.9,True,False
1784695201.367,185.1,5.2,False,True
1784695201.526,185.3,58.4,True,False
1784695201.685,185.4,58.3,True,False
1784695201.843,185.6,58.6,True,False
1784695201.949,185.7,5.0,False,True
1784695202.054,185.8,4.9,False,True
1784695202.159,185.9,5.0,False,True
1784695202.318,186.1,58.8,True,False
1784695202.497,186.2,78.8,True,False
1784695202.656,186.4,58.3,True,False
1784695202.815,186.6,58.4,True,False
1784695202.920,186.7,4.9,False,True
1784695203.079,186.8,58.3,True,False
1784695203.237,187.0,58.6,True,False
1784695203.343,187.1,5.7,False,True
1784695203.449,187.2,5.4,False,True
1784695203.608,187.4,59.0,True,False
1784695203.767,187.5,58.6,True,False
1784695203.926,187.7,58.6,True,False
1784695204.086,187.8,59.1,True,False
1784695204.246,188.0,59.8,True,False
1784695204.404,188.2,58.4,True,False
1784695204.564,188.3,58.7,True,False
1784695204.722,188.5,58.6,True,False
1784695204.881,188.6,58.7,True,False
1784695205.039,188.8,57.9,True,False
1784695205.199,188.9,59.0,True,False
1784695205.305,189.1,6.0,False,True
1784695205.410,189.2,5.3,False,True
1784695205.570,189.3,58.8,True,False
1784695205.675,189.4,5.1,False,True
1784695205.781,189.5,5.7,False,True
1784695205.940,189.7,58.8,True,False
1784695206.099,189.8,58.3,True,False
1784695206.257,190.0,58.5,True,False
1784695206.417,190.2,58.8,True,False
1784695206.588,190.3,71.5,True,False
1784695206.694,190.4,5.5,False,True
1784695206.853,190.6,58.9,True,False
1784695207.013,190.8,59.6,True,False
1784695207.172,190.9,59.0,True,False
1784695207.331,191.1,58.9,True,False
1784695207.501,191.2,69.1,True,False
1784695207.660,191.4,59.2,True,False
1784695207.819,191.6,58.3,True,False
1784695207.978,191.7,58.9,True,False
1784695208.154,191.9,75.5,True,False
1784695208.260,192.0,5.3,False,True
1784695208.419,192.2,58.6,True,False
1784695208.578,192.3,59.1,True,False
1784695208.737,192.5,58.8,True,False
1784695208.898,192.6,60.0,True,False
1784695209.003,192.8,5.2,False,True
1784695209.162,192.9,58.8,True,False
1784695209.322,193.1,59.4,True,False
1784695209.482,193.2,59.2,True,False
1784695209.641,193.4,58.6,True,False
1784695209.746,193.5,5.2,False,True
1784695209.905,193.7,58.8,True,False
1784695210.064,193.8,58.7,True,False
1784695210.170,193.9,5.7,False,True
1784695210.342,194.1,71.7,True,False
1784695210.447,194.2,4.9,False,True
1784695210.606,194.4,58.6,True,False
1784695210.765,194.5,58.6,True,False
1784695210.925,194.7,59.6,True,False
1784695211.099,194.8,73.9,True,False
1784695211.267,195.0,68.2,True,False
1784695211.373,195.1,5.2,False,True
1784695211.532,195.3,59.1,True,False
1784695211.638,195.4,5.2,False,True
1784695211.744,195.5,5.7,False,True
1784695211.850,195.6,5.4,False,True
1784695211.955,195.7,5.0,False,True
1784695212.114,195.9,58.6,True,False
1784695212.219,196.0,5.2,False,True
1784695212.325,196.1,5.1,False,True
1784695212.484,196.2,58.9,True,False
1784695212.658,196.4,74.2,True,False
1784695212.818,196.6,59.0,True,False
1784695212.976,196.7,58.5,True,False
1784695213.136,196.9,59.0,True,False
1784695213.295,197.0,58.6,True,False
1784695213.454,197.2,58.8,True,False
1784695213.613,197.4,58.8,True,False
1784695213.719,197.5,5.4,False,True
1784695213.824,197.6,5.4,False,True
1784695213.984,197.7,59.1,True,False
1784695214.143,197.9,58.4,True,False
1784695214.248,198.0,5.1,False,True
1784695214.407,198.2,59.1,True,False
1784695214.566,198.3,58.9,True,False
1784695214.744,198.5,77.4,True,False
1784695214.903,198.7,58.7,True,False
1784695215.009,198.8,5.2,False,True
1784695215.168,198.9,58.4,True,False
1784695215.326,199.1,58.4,True,False
1784695215.485,199.2,58.5,True,False
1784695215.643,199.4,58.1,True,False
1784695215.749,199.5,4.8,False,True
1784695215.854,199.6,5.2,False,True
1784695216.013,199.8,58.5,True,False
1784695216.173,199.9,58.7,True,False
1784695216.331,200.1,58.5,True,False
1784695216.491,200.2,59.1,True,False
1784695216.650,200.4,58.4,True,False
1784695216.808,200.6,58.4,True,False
1784695216.967,200.7,58.6,True,False
1784695217.073,200.8,5.4,False,True
1784695217.232,201.0,58.6,True,False
1784695217.391,201.1,58.6,True,False
1784695217.497,201.2,5.9,False,True
1784695217.656,201.4,58.8,True,False
1784695217.762,201.5,5.4,False,True
1784695217.921,201.7,58.9,True,False
1784695218.081,201.8,59.3,True,False
1784695218.241,202.0,59.6,True,False
1784695218.347,202.1,5.7,False,True
1784695218.526,202.3,79.5,True,False
1784695218.686,202.4,59.0,True,False
1784695218.846,202.6,59.2,True,False
1784695219.004,202.8,58.6,True,False
1784695219.110,202.9,5.7,False,True
1784695219.215,203.0,5.0,False,True
1784695219.334,203.1,18.3,False,True
1784695219.493,203.2,58.6,True,False
1784695219.652,203.4,58.5,True,False
1784695219.812,203.6,58.8,True,False
1784695219.992,203.7,79.8,True,False
1784695220.097,203.8,5.3,False,True
1784695220.203,203.9,5.1,False,True
1784695220.362,204.1,58.9,True,False
1784695220.521,204.3,58.5,True,False
1784695220.679,204.4,58.1,True,False
1784695220.785,204.5,5.2,False,True
1784695220.944,204.7,59.2,True,False
1784695221.066,204.8,20.7,False,True
1784695221.224,205.0,58.7,True,False
1784695221.384,205.1,58.7,True,False
1784695221.501,205.2,16.5,False,True
1784695221.606,205.4,5.3,False,True
1784695221.765,205.5,58.7,True,False
1784695221.871,205.6,5.6,False,True
1784695222.030,205.8,58.7,True,False
1784695222.189,205.9,58.9,True,False
1784695222.349,206.1,58.9,True,False
1784695222.508,206.3,58.5,True,False
1784695222.667,206.4,58.7,True,False
1784695222.826,206.6,58.3,True,False
1784695222.985,206.7,58.8,True,False
1784695223.144,206.9,58.5,True,False
1784695223.303,207.1,59.0,True,False
1784695223.462,207.2,58.7,True,False
1784695223.621,207.4,58.5,True,False
1784695223.727,207.5,5.3,False,True
1784695223.886,207.6,58.7,True,False
1784695224.045,207.8,58.7,True,False
1784695224.203,208.0,58.6,True,False
1784695224.362,208.1,58.5,True,False
1784695224.522,208.3,59.3,True,False
1784695224.627,208.4,5.5,False,True
1784695224.733,208.5,5.1,False,True
1784695224.892,208.6,59.2,True,False
1784695225.051,208.8,58.4,True,False
1784695225.211,209.0,59.2,True,False
1784695225.316,209.1,5.4,False,True
1784695225.475,209.2,58.7,True,False
1784695225.581,209.3,5.8,False,True
1784695225.686,209.4,4.8,False,True
1784695225.845,209.6,58.5,True,False
1784695226.015,209.8,70.2,True,False
1784695226.121,209.9,5.0,False,True
1784695226.227,210.0,5.2,False,True
1784695226.404,210.2,76.9,True,False
1784695226.563,210.3,59.3,True,False
1784695226.669,210.4,5.2,False,True
1784695226.828,210.6,59.0,True,False
1784695226.988,210.7,59.6,True,False
1784695227.148,210.9,59.3,True,False
1784695227.317,211.1,69.1,True,False
1784695227.476,211.2,58.9,True,False
1784695227.582,211.3,5.1,False,True
1784695227.741,211.5,58.5,True,False
1784695227.900,211.6,58.9,True,False
1784695228.059,211.8,59.0,True,False
1784695228.218,212.0,58.8,True,False
1784695228.398,212.1,78.8,True,False
1784695228.557,212.3,59.2,True,False
1784695228.716,212.5,58.6,True,False
1784695228.876,212.6,59.4,True,False
1784695229.034,212.8,58.1,True,False
1784695229.194,212.9,59.2,True,False
1784695229.353,213.1,59.5,True,False
1784695229.526,213.3,72.1,True,False
1784695229.685,213.4,58.6,True,False
1784695229.845,213.6,60.1,True,False
1784695230.004,213.8,58.5,True,False
1784695230.163,213.9,58.7,True,False
1784695230.322,214.1,58.5,True,False
1784695230.481,214.2,59.3,True,False
1784695230.656,214.4,74.9,True,False
1784695230.815,214.6,58.4,True,False
1784695230.975,214.7,59.1,True,False
1784695231.134,214.9,58.9,True,False
1784695231.292,215.0,58.0,True,False
1784695231.453,215.2,59.8,True,False
1784695231.612,215.4,59.3,True,False
1784695231.786,215.5,73.4,True,False
1784695231.945,215.7,58.6,True,False
1784695232.125,215.9,79.4,True,False
1784695232.285,216.0,59.2,True,False
1784695232.444,216.2,59.1,True,False
1784695232.550,216.3,5.7,False,True
1784695232.708,216.5,58.3,True,False
1784695232.867,216.6,58.6,True,False
1784695233.027,216.8,59.2,True,False
1784695233.186,216.9,59.0,True,False
1784695233.345,217.1,58.3,True,False
1784695233.504,217.3,59.3,True,False
1784695233.663,217.4,58.9,True,False
1784695233.822,217.6,58.7,True,False
1784695233.995,217.7,73.0,True,False
1784695234.154,217.9,58.8,True,False
1784695234.314,218.1,59.2,True,False
1784695234.474,218.2,59.3,True,False
1784695234.632,218.4,58.8,True,False
1784695234.804,218.6,71.6,True,False
1784695234.964,218.7,59.3,True,False
1784695235.123,218.9,59.0,True,False
1784695235.298,219.0,74.7,True,False
1784695235.458,219.2,59.0,True,False
1784695235.617,219.4,58.9,True,False
1784695235.777,219.5,59.2,True,False
1784695235.936,219.7,59.4,True,False
1784695236.095,219.8,58.4,True,False
1784695236.254,220.0,58.9,True,False
1784695236.412,220.2,58.4,True,False
1784695236.572,220.3,58.8,True,False
1784695236.731,220.5,58.7,True,False
1784695236.890,220.6,58.6,True,False
1784695237.049,220.8,58.8,True,False
1784695237.155,220.9,5.5,False,True
1784695237.314,221.1,58.8,True,False
1784695237.472,221.2,58.5,True,False
1784695237.631,221.4,58.5,True,False
1784695237.790,221.5,58.7,True,False
1784695237.949,221.7,58.4,True,False
1784695238.108,221.9,58.7,True,False
1784695238.267,222.0,58.7,True,False
1784695238.426,222.2,58.8,True,False
1784695238.585,222.3,58.9,True,False
1784695238.744,222.5,58.9,True,False
1784695238.904,222.7,59.2,True,False
1784695239.062,222.8,58.4,True,False
1784695239.222,223.0,58.8,True,False
1784695239.381,223.1,59.0,True,False
1784695239.540,223.3,58.6,True,False
1784695239.699,223.4,58.9,True,False
1784695239.858,223.6,58.9,True,False
1784695240.017,223.8,58.3,True,False
1784695240.176,223.9,59.0,True,False
1784695240.282,224.0,5.3,False,True
1784695240.441,224.2,59.4,True,False
1784695240.600,224.3,58.6,True,False
1784695240.774,224.5,73.6,True,False
1784695240.934,224.7,59.5,True,False
1784695241.094,224.8,59.3,True,False
1784695241.254,225.0,60.0,True,False
1784695241.413,225.2,58.8,True,False
1784695241.572,225.3,58.8,True,False
1784695241.731,225.5,59.1,True,False
1784695241.891,225.6,59.1,True,False
1784695242.050,225.8,58.9,True,False
1784695242.209,226.0,58.4,True,False
1784695242.368,226.1,58.7,True,False
1784695242.540,226.3,71.8,True,False
1784695242.699,226.4,58.6,True,False
1784695242.858,226.6,58.8,True,False
1784695243.018,226.8,59.5,True,False
1784695243.177,226.9,58.8,True,False
1784695243.336,227.1,58.3,True,False
1784695243.442,227.2,5.3,False,True
1784695243.601,227.3,59.1,True,False
1784695243.759,227.5,58.4,True,False
1784695243.919,227.7,59.0,True,False
1784695244.078,227.8,59.6,True,False
1784695244.237,228.0,58.6,True,False
1784695244.414,228.2,76.5,True,False
1784695244.573,228.3,58.9,True,False
1784695244.732,228.5,58.6,True,False
1784695244.891,228.6,58.5,True,False
1784695245.049,228.8,58.2,True,False
1784695245.210,229.0,60.0,True,False
1784695245.369,229.1,58.6,True,False
1784695245.528,229.3,58.4,True,False
1784695245.687,229.4,59.1,True,False
1784695245.846,229.6,58.9,True,False
1784695246.005,229.8,59.1,True,False
1784695246.164,229.9,58.4,True,False
1784695246.324,230.1,59.4,True,False
1784695246.484,230.2,60.0,True,False
1784695246.603,230.3,18.5,False,True
1784695246.762,230.5,58.5,True,False
1784695246.921,230.7,58.6,True,False
1784695247.088,230.8,66.9,True,False
1784695247.247,231.0,59.2,True,False
1784695247.406,231.2,58.3,True,False
1784695247.565,231.3,58.7,True,False
1784695247.724,231.5,59.2,True,False
1784695247.883,231.6,58.9,True,False
1784695248.042,231.8,58.6,True,False
1784695248.201,231.9,59.0,True,False
1784695248.361,232.1,59.0,True,False
1784695248.520,232.3,59.3,True,False
1784695248.680,232.4,58.8,True,False
1784695248.839,232.6,59.2,True,False
1784695248.998,232.7,58.7,True,False
1784695249.157,232.9,58.8,True,False
1784695249.338,233.1,81.5,True,False
1784695249.497,233.2,58.9,True,False
1784695249.657,233.4,59.7,True,False
1784695249.816,233.6,58.7,True,False
1784695249.975,233.7,58.6,True,False
1784695250.146,233.9,70.4,True,False
1784695250.262,234.0,16.0,False,True
1784695250.421,234.2,59.0,True,False
1784695250.580,234.3,58.4,True,False
1784695250.739,234.5,58.6,True,False
1784695250.899,234.6,59.2,True,False
1784695251.058,234.8,58.9,True,False
1784695251.217,235.0,58.8,True,False
1784695251.376,235.1,58.9,True,False
1784695251.547,235.3,70.0,True,False
1784695251.652,235.4,5.5,False,True
1784695251.812,235.6,59.3,True,False
1784695251.984,235.7,71.5,True,False
1784695252.154,235.9,69.4,True,False
1784695252.314,236.1,59.9,True,False
1784695252.474,236.2,59.5,True,False
1784695252.633,236.4,59.1,True,False
1784695252.792,236.5,58.5,True,False
1784695252.952,236.7,59.2,True,False
1784695253.112,236.9,59.8,True,False
1784695253.271,237.0,58.7,True,False
1784695253.430,237.2,58.9,True,False
1784695253.589,237.3,59.0,True,False
1784695253.749,237.5,59.7,True,False
1784695253.908,237.7,58.2,True,False
1784695254.068,237.8,59.2,True,False
1784695254.226,238.0,58.8,True,False
1784695254.386,238.1,58.6,True,False
1784695254.545,238.3,59.7,True,False
1784695254.705,238.5,58.7,True,False
1784695254.863,238.6,58.3,True,False
1784695255.022,238.8,58.7,True,False
1784695255.192,238.9,69.7,True,False
1784695255.351,239.1,58.6,True,False
1784695255.510,239.3,58.7,True,False
1784695255.669,239.4,58.5,True,False
1784695255.828,239.6,59.0,True,False
1784695255.988,239.7,59.7,True,False
1784695256.147,239.9,58.8,True,False
1784695256.320,240.1,72.3,True,False
1784695256.479,240.2,59.0,True,False
1784695256.638,240.4,58.6,True,False
1784695256.797,240.5,58.7,True,False
1784695256.957,240.7,59.6,True,False
1784695257.116,240.9,58.7,True,False
1784695257.275,241.0,58.4,True,False
1784695257.434,241.2,59.3,True,False
1784695257.539,241.3,5.3,False,True
1784695257.698,241.4,58.8,True,False
1784695257.881,241.6,82.1,True,False
1784695258.040,241.8,59.2,True,False
1784695258.200,241.9,59.1,True,False
1784695258.305,242.1,5.1,False,True
1784695258.410,242.2,5.2,False,True
1784695258.570,242.3,59.4,True,False
1784695258.729,242.5,59.0,True,False
1784695258.889,242.6,59.4,True,False
1784695259.049,242.8,59.1,True,False
1784695259.228,243.0,78.9,True,False
1784695259.387,243.1,59.0,True,False
1784695259.547,243.3,59.3,True,False
1784695259.706,243.5,58.4,True,False
1784695259.879,243.6,72.9,True,False
1784695260.038,243.8,59.1,True,False
1784695260.947,244.7,809.0,True,True
1784695261.107,244.9,59.8,True,False
1784695261.212,245.0,5.1,False,True
1784695261.318,245.1,4.8,False,True
1784695261.477,245.2,59.3,True,False
1784695261.636,245.4,58.9,True,False
1784695261.795,245.5,58.7,True,False
1784695261.954,245.7,58.4,True,False
1784695262.113,245.9,58.8,True,False
1784695262.290,246.0,76.9,True,False
1784695263.200,246.9,809.3,True,True
1784695263.376,247.1,75.1,True,False
1784695263.481,247.2,5.2,False,True
1784695263.640,247.4,58.9,True,False
1784695263.808,247.6,67.6,True,False
1784695263.979,247.7,70.1,True,False
1784695264.138,247.9,59.3,True,False
1784695264.297,248.0,58.6,True,False
1784695265.206,249.0,808.5,True,True
1784695265.365,249.1,58.7,True,False
1784695266.274,250.0,808.6,True,True
1784695266.433,250.2,58.9,True,False
1784695266.539,250.3,5.6,False,True
1784695266.698,250.4,59.0,True,False
1784695266.858,250.6,58.8,True,False
1784695266.963,250.7,5.0,False,True
1784695267.122,250.9,58.6,True,False
1784695267.281,251.0,58.5,True,False
1784695267.441,251.2,59.5,True,False
1784695267.619,251.4,77.7,True,False
1784695267.723,251.5,4.5,False,True
1784695268.633,252.4,809.0,True,True
1784695268.792,252.5,59.0,True,False
1784695268.900,252.6,7.0,False,True
1784695269.058,252.8,58.4,True,False
1784695269.967,253.7,809.0,True,True
1784695270.126,253.9,58.8,True,False
1784695271.036,254.8,809.1,True,True
1784695271.195,254.9,58.6,True,False
1784695271.353,255.1,58.1,True,False
1784695271.512,255.3,58.8,True,False
1784695271.672,255.4,59.8,True,False
1784695271.832,255.6,59.2,True,False
1784695271.938,255.7,5.5,False,True
1784695272.097,255.8,59.1,True,False
1784695272.203,255.9,5.4,False,True
1784695272.376,256.1,73.1,True,False
1784695272.535,256.3,58.6,True,False
1784695272.695,256.4,59.6,True,False
1784695272.820,256.6,23.9,False,True
1784695272.978,256.7,58.1,True,False
1784695273.138,256.9,59.4,True,False
1784695273.297,257.0,58.7,True,False
1784695273.476,257.2,79.3,True,False
1784695273.636,257.4,58.8,True,False
1784695273.794,257.5,58.3,True,False
1784695273.973,257.7,78.6,True,False
1784695274.133,257.9,59.2,True,False
1784695274.292,258.0,58.6,True,False
1784695274.451,258.2,58.7,True,False
1784695274.609,258.4,58.2,True,False
1784695274.790,258.5,80.6,True,False
1784695275.700,259.4,808.9,True,True
1784695275.858,259.6,58.8,True,False
1784695275.964,259.7,5.5,False,True
1784695276.123,259.9,58.7,True,False
1784695276.282,260.0,58.4,True,False
1784695276.441,260.2,59.0,True,False
1784695276.616,260.4,74.6,True,False
1784695277.536,261.3,819.2,True,True
1784695277.695,261.4,58.5,True,False
1784695277.801,261.5,5.4,False,True
1784695277.960,261.7,59.3,True,False
1784695278.883,262.6,822.5,True,True
1784695279.042,262.8,58.8,True,False
1784695279.950,263.7,807.6,True,True
1784695280.109,263.9,58.5,True,False
1784695280.215,264.0,5.4,False,True
1784695280.373,264.1,58.4,True,False
1784695280.532,264.3,59.0,True,False
1784695280.691,264.4,58.6,True,False
1784695280.797,264.5,5.2,False,True
1784695281.707,265.5,809.3,True,True
1784695281.866,265.6,59.0,True,False
1784695282.797,266.5,830.9,True,True
1784695282.956,266.7,58.4,True,False
1784695283.865,267.6,808.7,True,True
1784695284.024,267.8,58.9,True,False
1784695284.184,267.9,59.5,True,False
1784695285.093,268.8,808.5,True,True
1784695285.253,269.0,59.1,True,False
1784695285.412,269.2,58.8,True,False
1784695285.571,269.3,59.0,True,False
1784695286.480,270.2,808.9,True,True
1784695286.639,270.4,58.7,True,False
1784695287.557,271.3,818.6,True,True
1784695287.717,271.5,58.9,True,False
1784695288.626,272.4,809.2,True,True
1784695288.786,272.5,59.3,True,False
1784695289.710,273.5,824.5,True,True
1784695289.889,273.6,78.2,True,False
1784695290.048,273.8,58.9,True,False
1784695290.206,274.0,58.5,True,False
1784695290.365,274.1,58.3,True,False
1784695291.273,275.0,807.7,True,True
1784695291.432,275.2,58.8,True,False
1784695292.342,276.1,809.1,True,True
1784695292.501,276.2,59.0,True,False
1784695293.410,277.2,809.1,True,True
1784695293.570,277.3,59.2,True,False
1784695294.479,278.2,808.7,True,True
1784695294.638,278.4,58.5,True,False
1784695294.743,278.5,5.3,False,True
1784695294.902,278.6,58.8,True,False
1784695295.810,279.6,808.1,True,True
1784695295.969,279.7,58.5,True,False
1784695296.128,279.9,58.6,True,False
1784695296.286,280.0,58.6,True,False
1784695296.446,280.2,58.9,True,False
1784695296.605,280.4,59.0,True,False
1784695296.711,280.5,5.1,False,True
1784695296.869,280.6,58.6,True,False
1784695297.779,281.5,808.9,True,True
1784695297.939,281.7,59.5,True,False
1784695298.097,281.8,58.8,True,False
1784695298.257,282.0,58.8,True,False
1784695299.166,282.9,809.1,True,True
1784695299.341,283.1,74.6,True,False
1784695299.501,283.2,59.1,True,False
1784695299.659,283.4,58.5,True,False
1784695300.568,284.3,809.2,True,True
1784695300.727,284.5,58.7,True,False
1784695300.886,284.6,58.7,True,False
1784695301.046,284.8,59.3,True,False
1784695301.218,285.0,72.1,True,False
1784695301.377,285.1,58.8,True,False
1784695301.536,285.3,58.7,True,False
1784695301.695,285.4,58.3,True,False
1784695301.855,285.6,58.7,True,False
1784695302.014,285.8,58.9,True,False
1784695302.173,285.9,58.7,True,False
1784695302.332,286.1,59.1,True,False
1784695302.491,286.2,58.9,True,False
1784695302.650,286.4,58.8,True,False
1784695302.810,286.6,59.0,True,False
1784695302.969,286.7,58.5,True,False
1784695303.128,286.9,58.9,True,False
1784695303.287,287.0,58.5,True,False
1784695303.446,287.2,59.2,True,False
1784695303.605,287.4,59.1,True,False
1784695304.515,288.3,809.1,True,True
1784695304.674,288.4,59.3,True,False
1784695305.584,289.3,808.9,True,True
1784695305.743,289.5,58.9,True,False
1784695305.849,289.6,5.3,False,True
1784695306.007,289.8,58.6,True,False
1784695306.167,289.9,58.9,True,False
1784695307.076,290.8,808.7,True,True
1784695307.235,291.0,58.9,True,False
1784695307.394,291.1,58.7,True,False
1784695307.553,291.3,58.9,True,False
1784695307.712,291.5,58.7,True,False
1784695307.870,291.6,58.0,True,False
1784695308.029,291.8,58.7,True,False
1784695308.188,291.9,58.7,True,False
1784695308.347,292.1,58.5,True,False
1784695308.506,292.3,58.8,True,False
1784695308.664,292.4,57.9,True,False
1784695308.769,292.5,4.8,False,True
1784695309.678,293.4,809.3,True,True
1784695309.861,293.6,82.1,True,False
1784695310.020,293.8,59.2,True,False
1784695310.179,293.9,58.6,True,False
1784695310.352,294.1,73.3,True,False
1784695310.512,294.3,58.9,True,False
1784695311.421,295.2,809.2,True,True
1784695311.580,295.3,58.9,True,False
1784695311.739,295.5,58.7,True,False
1784695311.898,295.6,58.7,True,False
1784695312.807,296.6,808.4,True,True
1784695312.966,296.7,59.2,True,False
1784695313.875,297.6,808.3,True,True
1784695314.034,297.8,58.5,True,False
1784695314.194,297.9,59.7,True,False
1784695314.352,298.1,58.3,True,False
1784695314.512,298.3,59.1,True,False
1784695315.421,299.2,809.1,True,True
1784695315.580,299.3,58.8,True,False
1784695315.739,299.5,58.8,True,False
1784695315.899,299.6,58.7,True,False
1784695316.058,299.8,59.5,True,False
1784695316.163,299.9,4.8,False,True
1784695316.323,300.1,58.7,True,False
1784695316.482,300.2,58.6,True,False
1784695317.391,301.1,809.2,True,True
1784695317.551,301.3,59.5,True,False
1784695317.709,301.5,58.4,True,False
1784695317.868,301.6,58.4,True,False
1784695318.027,301.8,59.2,True,False
1784695318.187,301.9,59.1,True,False
1784695318.346,302.1,58.9,True,False
1784695318.505,302.3,58.9,True,False
1784695318.663,302.4,58.7,True,False
1784695318.823,302.6,59.2,True,False
1784695318.982,302.7,59.1,True,False
1784695319.891,303.6,808.9,True,True
1784695320.050,303.8,58.6,True,False
1784695320.156,303.9,5.4,False,True
1784695321.066,304.8,809.7,True,True
1784695321.224,305.0,58.2,True,False
1784695321.339,305.1,14.9,False,True
1784695322.249,306.0,809.2,True,True
1784695322.408,306.2,58.7,True,False
1784695323.317,307.1,808.5,True,True
1784695323.476,307.2,59.2,True,False
1784695323.635,307.4,58.8,True,False
1784695323.750,307.5,14.8,False,True
1784695323.910,307.7,59.2,True,False
1784695324.069,307.8,58.7,True,False
1784695324.228,308.0,59.0,True,False
1784695324.387,308.1,58.8,True,False
1784695324.546,308.3,59.0,True,False
1784695324.705,308.5,58.4,True,False
1784695324.886,308.6,81.4,True,False
1784695325.045,308.8,58.2,True,False
1784695325.203,308.9,57.7,True,False
1784695325.308,309.1,5.0,False,True
1784695325.467,309.2,58.9,True,False
1784695325.627,309.4,59.3,True,False
1784695325.786,309.5,59.0,True,False
1784695326.695,310.4,808.7,True,True
1784695326.855,310.6,59.4,True,False
1784695327.014,310.8,58.7,True,False
1784695327.119,310.9,5.3,False,True
1784695327.278,311.0,58.8,True,False
1784695327.438,311.2,59.5,True,False
1784695327.598,311.3,59.4,True,False
1784695327.778,311.5,79.5,True,False
1784695327.937,311.7,58.7,True,False
1784695328.097,311.8,59.3,True,False
1784695328.269,312.0,72.0,True,False
1784695329.178,312.9,808.7,True,True
1784695329.337,313.1,58.6,True,False
1784695329.497,313.2,59.5,True,False
1784695329.656,313.4,59.1,True,False
1784695330.566,314.3,809.6,True,True
1784695330.725,314.5,58.7,True,False
1784695330.885,314.6,59.9,True,False
1784695331.044,314.8,59.1,True,False
1784695331.953,315.7,808.6,True,True
1784695332.112,315.9,58.5,True,False
1784695333.021,316.8,808.6,True,True
1784695333.180,316.9,59.1,True,False
1784695333.339,317.1,58.8,True,False
1784695333.445,317.2,5.2,False,True
1784695333.604,317.4,59.0,True,False
1784695334.513,318.3,809.1,True,True
1784695334.672,318.4,58.6,True,False
1784695334.832,318.6,59.1,True,False
1784695334.991,318.7,58.5,True,False
1784695335.165,318.9,73.6,True,False
1784695335.324,319.1,58.5,True,False
1784695335.482,319.2,58.6,True,False
1784695336.391,320.1,808.3,True,True
1784695336.551,320.3,59.1,True,False
1784695337.460,321.2,809.0,True,True
1784695337.620,321.4,59.8,True,False
1784695337.779,321.5,59.0,True,False
1784695337.898,321.6,18.2,False,True
1784695338.056,321.8,58.2,True,False
1784695338.965,322.7,809.1,True,True
1784695339.124,322.9,58.9,True,False
1784695340.034,323.8,809.1,True,True
1784695340.193,323.9,58.9,True,False
1784695340.365,324.1,72.2,True,False
1784695340.524,324.3,58.6,True,False
1784695340.683,324.4,58.7,True,False
1784695340.843,324.6,59.8,True,False
1784695341.002,324.7,58.8,True,False
1784695341.162,324.9,59.4,True,False
1784695341.321,325.1,58.8,True,False
1784695341.480,325.2,59.0,True,False
1784695341.639,325.4,58.6,True,False
1784695341.798,325.5,58.5,True,False
1784695341.958,325.7,59.6,True,False
1784695342.118,325.9,59.4,True,False
1784695342.277,326.0,58.9,True,False
1784695342.437,326.2,58.9,True,False
1784695342.596,326.3,59.2,True,False
1784695343.505,327.3,809.0,True,True
1784695343.664,327.4,58.5,True,False
1784695343.823,327.6,58.7,True,False
1784695343.983,327.7,58.8,True,False
1784695344.142,327.9,58.9,True,False
1784695344.302,328.0,59.3,True,False
1784695344.408,328.2,5.4,False,True
1784695344.567,328.3,59.1,True,False
1784695344.726,328.5,58.5,True,False
1784695344.832,328.6,5.7,False,True
1784695344.991,328.7,58.8,True,False
1784695345.150,328.9,58.5,True,False
1784695345.309,329.1,59.3,True,False
1784695345.468,329.2,58.8,True,False
1784695345.628,329.4,58.9,True,False
1784695345.786,329.5,58.2,True,False
1784695345.958,329.7,71.7,True,False
1784695346.063,329.8,5.2,False,True
1784695346.223,330.0,59.5,True,False
1784695346.382,330.1,58.9,True,False
1784695346.542,330.3,59.3,True,False
1784695346.701,330.4,59.2,True,False
1784695346.859,330.6,57.6,True,False
1784695347.768,331.5,808.9,True,True
1784695347.927,331.7,57.9,True,False
1784695348.086,331.8,59.3,True,False
1784695348.246,332.0,59.1,True,False
1784695348.405,332.2,59.0,True,False
1784695349.908,333.7,1402.7,True,True
1784695351.290,335.0,1281.8,True,True
1784695352.738,336.5,1347.6,True,True
1784695354.199,337.9,1360.6,True,True
1784695355.696,339.4,1396.9,True,True
1784695357.124,340.9,1327.6,True,True
1784695358.520,342.3,1295.4,True,True
1784695359.841,343.6,1220.5,True,True
1784695361.142,344.9,1201.2,True,True
1784695362.520,346.3,1277.8,True,True
1784695363.952,347.7,1331.0,True,True
1784695365.460,349.2,1408.3,True,True
1784695366.891,350.6,1330.5,True,True
1784695368.402,352.1,1410.9,True,True
1784695369.809,353.6,1306.8,True,True
1784695371.202,354.9,1292.3,True,True
1784695372.587,356.3,1284.6,True,True
1784695374.019,357.8,1332.0,True,True
1784695375.450,359.2,1330.6,True,True
1784695376.821,360.6,1270.6,True,True
1784695378.247,362.0,1325.6,True,True
1784695380.461,364.2,2114.2,True,True
1784695381.966,365.7,1404.5,True,True
1784695383.481,367.2,1414.8,True,True
1784695384.873,368.6,1291.7,True,True
1784695386.182,369.9,1207.9,True,True
1784695387.628,371.4,1346.3,True,True
1784695389.076,372.8,1347.8,True,True
1784695390.567,374.3,1390.8,True,True
1784695391.985,375.7,1316.9,True,True
1784695393.494,377.2,1409.2,True,True
1784695394.903,378.7,1308.8,True,True
1784695396.374,380.1,1370.2,True,True
1784695397.785,381.5,1310.7,True,True
1784695399.945,383.7,2059.5,True,True
1784695401.275,385.0,1230.6,True,True
1784695402.686,386.4,1309.9,True,True
1784695404.093,387.8,1306.9,True,True
1784695405.551,389.3,1357.4,True,True
1784695406.958,390.7,1307.2,True,True
1784695408.386,392.1,1328.1,True,True
1784695408.492,392.2,5.6,False,True
1784695408.597,392.3,5.2,False,True
1784695408.703,392.4,5.0,False,True
1784695410.039,393.8,1235.8,True,True
1784695412.167,395.9,2027.9,True,True
1784695413.540,397.3,1273.1,True,True
1784695415.757,399.5,2115.8,True,True
1784695417.183,400.9,1326.0,True,True
1784695418.604,402.4,1321.1,True,True
1784695419.970,403.7,1266.1,True,True
1784695420.076,403.8,5.3,False,True
1784695421.580,405.3,1403.8,True,True
1784695422.949,406.7,1268.9,True,True
1784695424.312,408.1,1263.1,True,True
1784695425.826,409.6,1413.8,True,True
1784695425.945,409.7,18.6,False,True
1784695428.123,411.9,2077.7,True,True
1784695429.717,413.5,1493.9,True,True
1784695431.937,415.7,2119.7,True,True
1784695433.353,417.1,1315.9,True,True
1784695435.483,419.2,2029.2,True,True
1784695436.959,420.7,1375.5,True,True
1784695439.062,422.8,2002.8,True,True
1784695440.370,424.1,1207.6,True,True
1784695442.603,426.3,2132.7,True,True
1784695444.091,427.8,1388.3,True,True
1784695445.589,429.3,1397.2,True,True
1784695446.869,430.6,1179.8,True,True
1784695448.327,432.1,1358.2,True,True
1784695449.860,433.6,1432.6,True,True
1784695451.277,435.0,1316.4,True,True
1784695453.408,437.2,2031.0,True,True
1784695454.894,438.6,1385.6,True,True
1784695456.359,440.1,1365.3,True,True
1784695457.659,441.4,1199.5,True,True
1784695457.764,441.5,5.3,False,True
1784695459.223,443.0,1358.1,True,True
1784695461.452,445.2,2129.3,True,True
1784695462.997,446.7,1444.8,True,True
1784695464.436,448.2,1338.7,True,True
1784695465.860,449.6,1323.4,True,True
1784695468.073,451.8,2112.4,True,True
1784695469.480,453.2,1306.3,True,True
1784695471.625,455.4,2045.0,True,True
1784695473.127,456.9,1401.4,True,True
1784695473.233,457.0,5.3,False,True
1784695475.444,459.2,2111.0,True,True
1784695476.797,460.5,1252.2,True,True
1784695476.902,460.6,5.1,False,True
1784695479.127,462.9,2124.3,True,True
1784695480.607,464.4,1380.1,True,True
1784695481.993,465.7,1285.6,True,True
1784695483.530,467.3,1437.1,True,True
1784695484.972,468.7,1341.3,True,True
1784695486.492,470.2,1419.7,True,True
1784695487.916,471.7,1323.9,True,True
1784695489.314,473.1,1297.0,True,True
1784695490.766,474.5,1351.5,True,True
1784695492.218,476.0,1351.4,True,True
1784695493.706,477.5,1388.3,True,True
1784695495.080,478.8,1273.6,True,True
1784695496.573,480.3,1392.4,True,True
1784695498.109,481.9,1436.1,True,True
1784695500.343,484.1,2134.2,True,True
1784695501.775,485.5,1330.9,True,True
1784695503.211,487.0,1336.0,True,True
1784695504.533,488.3,1222.5,True,True
1784695505.899,489.6,1265.0,True,True
1784695507.309,491.1,1310.0,True,True
1784695507.415,491.2,5.7,False,True
1784695509.557,493.3,2042.2,True,True
1784695511.148,494.9,1490.1,True,True
1784695511.253,495.0,4.9,False,True
1784695511.359,495.1,5.5,False,True
1784695511.464,495.2,5.6,False,True
1784695512.865,496.6,1300.3,True,True
1784695514.323,498.1,1358.0,True,True
1784695515.752,499.5,1328.9,True,True
1784695517.217,501.0,1364.3,True,True
1784695518.929,502.7,1611.8,True,True
1784695519.104,502.9,75.0,True,False
1784695519.263,503.0,58.6,True,False
1784695519.422,503.2,59.0,True,False
1784695519.581,503.3,59.0,True,False
1784695519.740,503.5,58.9,True,False
1784695519.919,503.7,78.2,True,False
1784695520.077,503.8,58.4,True,False
1784695520.236,504.0,58.1,True,False
1784695520.395,504.1,59.2,True,False
1784695520.555,504.3,58.8,True,False
1784695520.713,504.5,58.0,True,False
1784695520.872,504.6,58.3,True,False
1784695521.031,504.8,59.3,True,False
1784695521.137,504.9,5.3,False,True
1784695521.243,505.0,5.8,False,True
1784695521.402,505.1,58.8,True,False
1784695522.311,506.1,808.8,True,True
1784695522.470,506.2,58.3,True,False
1784695522.575,506.3,5.2,False,True
1784695522.681,506.4,5.2,False,True
1784695522.840,506.6,58.9,True,False
1784695522.999,506.7,58.7,True,False
1784695523.105,506.9,5.2,False,True
1784695523.264,507.0,58.8,True,False
1784695523.423,507.2,58.7,True,False
1784695523.582,507.3,59.1,True,False
1784695523.741,507.5,58.4,True,False
1784695523.900,507.6,58.8,True,False
1784695524.059,507.8,58.6,True,False
1784695524.968,508.7,808.9,True,True
1784695525.140,508.9,71.6,True,False
1784695526.063,509.8,822.7,True,True
1784695526.222,510.0,58.4,True,False
1784695527.132,510.9,808.8,True,True
1784695527.291,511.0,58.7,True,False
1784695527.396,511.1,4.9,False,True
1784695528.305,512.1,808.5,True,True
1784695528.464,512.2,58.7,True,False
1784695528.623,512.4,58.8,True,False
1784695528.782,512.5,58.5,True,False
1784695528.942,512.7,59.2,True,False
1784695529.101,512.8,59.2,True,False
1784695529.260,513.0,58.6,True,False
1784695529.419,513.2,58.7,True,False
1784695530.328,514.1,808.9,True,True
1784695530.489,514.2,60.0,True,False
1784695530.594,514.3,5.2,False,True
1784695531.503,515.2,808.2,True,True
1784695531.680,515.4,77.3,True,False
1784695531.786,515.5,5.5,False,True
1784695532.695,516.4,808.5,True,True
1784695532.854,516.6,58.2,True,False
1784695533.013,516.8,58.5,True,False
1784695533.171,516.9,58.7,True,False
1784695533.350,517.1,78.7,True,False
1784695533.510,517.3,59.2,True,False
1784695533.668,517.4,58.4,True,False
1784695534.578,518.3,809.4,True,True
1784695534.737,518.5,58.6,True,False
1784695535.658,519.4,821.0,True,True
1784695535.817,519.6,58.8,True,False
1784695535.922,519.7,5.1,False,True
1784695536.832,520.6,809.3,True,True
1784695537.000,520.7,67.7,True,False
1784695537.909,521.7,808.9,True,True
1784695538.067,521.8,58.4,True,False
1784695538.976,522.7,808.8,True,True
1784695539.153,522.9,76.5,True,False
1784695540.063,523.8,808.9,True,True
1784695540.221,524.0,58.5,True,False
1784695540.389,524.1,67.4,True,False
1784695540.548,524.3,58.7,True,False
1784695540.706,524.5,58.3,True,False
1784695540.882,524.6,75.3,True,False
1784695541.042,524.8,59.5,True,False
1784695541.951,525.7,808.7,True,True
1784695542.110,525.9,59.0,True,False
1784695542.216,526.0,5.8,False,True
1784695543.125,526.9,808.7,True,True
1784695543.284,527.0,58.7,True,False
1784695543.411,527.2,25.8,False,True
1784695543.570,527.3,59.2,True,False
1784695543.729,527.5,59.2,True,False
1784695543.888,527.6,58.8,True,False
1784695544.048,527.8,59.0,True,False
1784695544.207,528.0,58.8,True,False
1784695545.116,528.9,808.5,True,True
1784695545.275,529.0,59.6,True,False
1784695545.434,529.2,58.5,True,False
1784695545.616,529.4,81.5,True,False
1784695545.775,529.5,58.8,True,False
1784695545.934,529.7,58.8,True,False
1784695546.093,529.8,58.6,True,False
1784695547.003,530.7,809.3,True,True
1784695547.161,530.9,58.8,True,False
1784695548.071,531.8,809.3,True,True
1784695548.230,532.0,58.7,True,False
1784695548.389,532.1,58.7,True,False
1784695548.548,532.3,58.8,True,False
1784695548.707,532.5,58.9,True,False
1784695548.867,532.6,58.9,True,False
1784695549.026,532.8,58.7,True,False
1784695549.184,532.9,58.9,True,False
1784695549.344,533.1,58.8,True,False
1784695549.503,533.2,58.6,True,False
1784695550.412,534.2,809.0,True,True
1784695550.571,534.3,58.5,True,False
1784695551.480,535.2,809.1,True,True
1784695551.639,535.4,58.5,True,False
1784695551.798,535.5,58.8,True,False
1784695551.958,535.7,58.7,True,False
1784695552.117,535.9,58.8,True,False
1784695552.276,536.0,59.5,True,False
1784695552.435,536.2,58.3,True,False
1784695552.541,536.3,5.4,False,True
1784695553.450,537.2,808.3,True,True
1784695553.609,537.4,58.8,True,False
1784695553.714,537.5,5.3,False,True
1784695553.820,537.6,5.2,False,True
1784695553.925,537.7,5.2,False,True
1784695554.084,537.8,59.1,True,False
1784695554.244,538.0,58.7,True,False
1784695555.153,538.9,808.9,True,True
1784695555.312,539.1,58.7,True,False
1784695555.471,539.2,58.8,True,False
1784695555.630,539.4,58.7,True,False
1784695555.789,539.5,58.6,True,False
1784695556.698,540.4,808.9,True,True
1784695556.857,540.6,58.8,True,False
1784695557.017,540.8,59.4,True,False
1784695557.176,540.9,58.7,True,False
1784695557.335,541.1,58.7,True,False
1784695557.494,541.2,58.7,True,False
1784695557.652,541.4,58.5,True,False
1784695557.811,541.6,58.6,True,False
1784695557.970,541.7,58.8,True,False
1784695558.129,541.9,59.0,True,False
1784695558.288,542.0,58.3,True,False
1784695558.446,542.2,58.5,True,False
1784695558.607,542.4,59.9,True,False
1784695558.766,542.5,59.2,True,False
1784695558.925,542.7,58.5,True,False
1784695559.085,542.8,59.4,True,False
1784695559.244,543.0,59.0,True,False
1784695559.403,543.1,58.6,True,False
1784695559.562,543.3,58.7,True,False
1784695559.721,543.5,59.1,True,False
1784695559.880,543.6,58.5,True,False
1784695560.039,543.8,58.5,True,False
1784695560.199,543.9,59.6,True,False
1784695560.358,544.1,59.0,True,False
1784695560.517,544.3,58.7,True,False
1784695560.677,544.4,59.5,True,False
1784695560.836,544.6,59.0,True,False
1784695560.995,544.7,58.6,True,False
1784695561.154,544.9,58.8,True,False
1784695562.063,545.8,809.1,True,True
1784695562.222,546.0,59.2,True,False
1784695562.328,546.1,5.4,False,True
1784695562.501,546.2,72.5,True,False
1784695563.410,547.2,809.2,True,True
1784695563.569,547.3,59.0,True,False
1784695563.728,547.5,58.5,True,False
1784695564.638,548.4,809.1,True,True
1784695564.797,548.5,58.8,True,False
1784695565.705,549.5,808.6,True,True
1784695565.864,549.6,58.9,True,False
1784695566.774,550.5,809.1,True,True
1784695566.933,550.7,58.9,True,False
1784695567.092,550.8,59.1,True,False
1784695567.266,551.0,73.8,True,False
1784695567.425,551.2,58.8,True,False
1784695567.584,551.3,59.0,True,False
1784695567.743,551.5,58.9,True,False
1784695567.902,551.6,58.8,True,False
1784695568.008,551.8,5.3,False,True
1784695568.167,551.9,58.5,True,False
1784695568.326,552.1,58.6,True,False
1784695568.485,552.2,58.9,True,False
1784695568.662,552.4,76.6,True,False
1784695568.767,552.5,5.1,False,True
1784695568.926,552.7,58.3,True,False
1784695569.086,552.8,59.7,True,False
1784695569.246,553.0,59.7,True,False
1784695569.405,553.2,58.6,True,False
1784695569.565,553.3,59.2,True,False
1784695569.671,553.4,5.3,False,True
1784695570.579,554.3,808.1,True,True
1784695570.738,554.5,58.8,True,False
1784695570.896,554.6,58.3,True,False
1784695571.002,554.7,5.0,False,True
1784695571.910,555.7,808.2,True,True
1784695572.069,555.8,58.5,True,False
1784695572.978,556.7,809.1,True,True
1784695573.138,556.9,59.0,True,False
1784695573.297,557.0,59.4,True,False
1784695573.457,557.2,59.6,True,False
1784695573.616,557.4,58.7,True,False
1784695573.776,557.5,58.9,True,False
1784695573.936,557.7,59.4,True,False
1784695574.095,557.8,58.7,True,False
1784695575.003,558.8,808.1,True,True
1784695575.162,558.9,58.7,True,False
1784695575.268,559.0,5.5,False,True
1784695575.428,559.2,59.0,True,False
1784695575.587,559.3,59.1,True,False
1784695575.746,559.5,58.5,True,False
1784695576.655,560.4,808.3,True,True
1784695576.813,560.6,58.2,True,False
1784695577.722,561.5,808.8,True,True
1784695577.882,561.6,59.1,True,False
1784695578.791,562.5,808.9,True,True
1784695578.949,562.7,58.3,True,False
1784695579.869,563.6,819.2,False,True
1784695580.026,563.8,57.5,False,True
1784695580.132,563.9,5.2,False,True
1784695580.290,564.0,57.6,False,True
1784695580.469,564.2,79.1,False,True
1784695580.627,564.4,57.9,False,True
1784695580.733,564.5,5.1,False,True
1784695580.891,564.6,57.8,False,True
1784695580.997,564.7,5.2,False,True
1784695581.906,565.7,808.7,False,True
1784695582.814,566.6,808.3,False,True
1784695584.749,568.5,1834.6,False,True
1784695585.933,569.7,1083.5,False,True
1784695587.117,570.9,1083.5,False,True
1784695588.302,572.0,1083.8,False,True
1784695588.470,572.2,67.7,False,True
1784695590.630,574.4,2059.5,False,True
1784695592.807,576.6,2077.2,False,True
1784695594.989,578.7,2081.5,False,True
1784695595.148,578.9,59.0,False,True
1784695596.057,579.8,808.2,False,True
1784695597.229,581.0,1071.6,False,True
1784695598.413,582.2,1083.6,False,True
1784695598.571,582.3,58.3,False,True
1784695599.757,583.5,1085.3,False,True
1784695601.938,585.7,2081.7,False,True
1784695604.098,587.8,2060.0,False,True
1784695604.257,588.0,57.9,False,True
1784695605.420,589.2,1063.6,False,True
1784695605.587,589.3,66.7,False,True
1784695606.764,590.5,1077.0,False,True
1784695607.952,591.7,1087.6,False,True
1784695609.132,592.9,1079.8,False,True
1784695610.320,594.1,1087.6,False,True
1784695610.478,594.2,57.8,False,True
1784695611.660,595.4,1081.0,False,True
1784695612.844,596.6,1083.6,False,True
1784695615.024,598.8,2079.8,False,True
1784695616.205,600.0,1080.4,False,True
1784695617.388,601.1,1082.8,False,True
1784695617.546,601.3,58.0,False,True
1784695618.732,602.5,1085.5,False,True
1784695620.892,604.6,2059.5,False,True
1784695623.050,606.8,2058.2,False,True
1784695625.211,609.0,2060.6,False,True
1784695625.369,609.1,57.8,False,True
1784695625.528,609.3,57.8,False,True
1784695625.634,609.4,5.4,False,True
1784695626.542,610.3,808.0,False,True
1784695627.453,611.2,811.2,False,True
1784695628.623,612.4,1069.5,False,True
1784695629.803,613.5,1079.4,False,True
1784695630.711,614.5,808.3,False,True
1784695630.817,614.6,5.5,False,True
1784695631.979,615.7,1061.8,False,True
1784695633.163,616.9,1083.2,False,True
1784695634.347,618.1,1083.6,False,True
1784695634.517,618.3,69.9,False,True
1784695635.691,619.4,1073.5,False,True
1784695635.797,619.5,5.3,False,True
1784695637.003,620.7,1106.0,False,True
1784695639.170,622.9,2066.7,False,True
1784695639.328,623.1,58.1,False,True
1784695639.487,623.2,57.8,False,True
1784695640.655,624.4,1067.3,False,True
1784695641.835,625.6,1079.9,False,True
1784695643.995,627.7,2059.9,False,True
1784695646.156,629.9,2060.7,False,True
1784695647.339,631.1,1083.2,True,True
1784695647.505,631.3,65.8,True,False
1784695647.664,631.4,58.5,True,False
1784695647.770,631.5,5.4,False,True
1784695648.679,632.4,809.2,True,True
1784695648.853,632.6,73.9,True,False
1784695649.012,632.8,58.4,True,False
1784695649.140,632.9,27.8,False,True
1784695649.299,633.0,58.2,True,False
1784695649.468,633.2,69.0,True,False
1784695650.377,634.1,808.8,True,True
1784695650.537,634.3,59.4,True,False
1784695651.468,635.2,830.9,True,True
1784695651.627,635.4,58.7,True,False
1784695652.537,636.3,809.2,True,True
1784695652.695,636.4,58.4,True,False
1784695653.604,637.4,808.8,True,True
1784695653.767,637.5,62.7,True,False
1784695653.926,637.7,58.8,True,False
1784695654.086,637.8,59.0,True,False
1784695654.244,638.0,58.2,True,False
1784695655.154,638.9,809.5,True,True
1784695655.313,639.1,58.6,True,False
1784695655.472,639.2,59.1,True,False
1784695655.631,639.4,58.6,True,False
1784695655.790,639.5,58.8,True,False
1784695655.950,639.7,59.3,True,False
1784695656.121,639.9,70.8,True,False
1784695657.030,640.8,808.8,True,True
1784695657.189,640.9,58.9,True,False
1784695657.347,641.1,57.6,True,False
1784695657.506,641.3,58.7,True,False
1784695657.665,641.4,58.8,True,False
1784695657.824,641.6,58.5,True,False
1784695657.997,641.7,71.9,True,False
1784695658.155,641.9,58.2,True,False
1784695659.065,642.8,808.7,True,True
1784695659.224,643.0,59.1,True,False
1784695660.133,643.9,808.9,True,True
1784695660.292,644.0,58.6,True,False
1784695660.398,644.1,5.1,False,True
1784695660.566,644.3,68.2,True,False
1784695660.726,644.5,58.8,True,False
1784695660.851,644.6,25.2,False,True
1784695661.768,645.5,816.5,True,True
1784695661.927,645.7,58.3,True,False
1784695662.033,645.8,5.3,False,True
1784695662.138,645.9,4.9,False,True
1784695662.310,646.1,71.8,True,False
1784695662.469,646.2,58.6,True,False
1784695662.628,646.4,58.7,True,False
1784695662.787,646.5,58.9,True,False
1784695662.946,646.7,58.2,True,False
1784695663.105,646.9,58.9,True,False
1784695663.284,647.0,78.2,True,False
1784695664.193,647.9,808.8,True,True
1784695664.353,648.1,59.8,True,False
1784695664.527,648.3,74.2,True,False
1784695664.686,648.4,58.2,True,False
1784695664.845,648.6,58.7,True,False
1784695665.004,648.8,58.8,True,False
1784695665.913,649.7,808.7,True,True
1784695666.072,649.8,59.0,True,False
1784695666.981,650.7,808.8,True,True
1784695667.140,650.9,59.0,True,False
1784695668.053,651.8,812.0,True,True
1784695668.220,652.0,66.7,True,False
1784695668.378,652.1,58.4,True,False
1784695668.537,652.3,58.5,True,False
1784695668.696,652.4,58.8,True,False
1784695668.867,652.6,70.2,True,False
1784695669.027,652.8,59.4,True,False
1784695669.210,653.0,83.1,True,False
1784695669.392,653.1,81.4,True,False
1784695669.565,653.3,72.7,True,False
1784695669.725,653.5,58.8,True,False
1784695669.904,653.7,79.1,True,False
1784695670.067,653.8,62.9,True,False
1784695670.226,654.0,58.7,True,False
1784695670.385,654.1,59.0,True,False
1784695670.545,654.3,58.7,True,False
1784695671.467,655.2,822.2,True,True
1784695671.627,655.4,59.4,True,False
1784695671.786,655.5,58.7,True,False
1784695671.945,655.7,58.4,True,False
1784695672.104,655.9,58.9,True,False
1784695672.268,656.0,63.4,True,False
1784695672.428,656.2,59.8,True,False
1784695672.604,656.4,75.5,True,False
1784695672.767,656.5,63.0,True,False
1784695672.927,656.7,59.2,True,False
1784695673.086,656.8,59.3,True,False
1784695673.246,657.0,59.2,True,False
1784695673.405,657.2,58.5,True,False
1784695673.567,657.3,61.5,True,False
1784695673.726,657.5,58.8,True,False
1784695673.885,657.6,58.7,True,False
1784695674.043,657.8,58.6,True,False
1784695674.203,657.9,59.1,True,False
1784695674.367,658.1,63.8,True,False
1784695674.526,658.3,59.0,True,False
1784695674.685,658.4,58.6,True,False
1784695674.844,658.6,59.0,True,False
1784695675.003,658.7,58.5,True,False
1784695675.186,658.9,82.4,True,False
1784695675.367,659.1,80.4,True,False
1784695675.526,659.3,59.3,True,False
1784695675.685,659.4,58.6,True,False
1784695675.844,659.6,58.9,True,False
1784695676.003,659.8,58.6,True,False
1784695676.167,659.9,63.0,True,False
1784695676.325,660.1,58.3,True,False
1784695676.484,660.2,58.4,True,False
1784695676.643,660.4,58.7,True,False
1784695676.801,660.5,58.1,True,False
1784695676.966,660.7,64.7,True,False
1784695677.125,660.9,58.9,True,False
1784695677.284,661.0,58.5,True,False
1784695677.443,661.2,59.1,True,False
1784695677.602,661.3,59.1,True,False
1784695677.766,661.5,63.6,True,False
1784695677.925,661.7,58.5,True,False
1784695678.084,661.8,58.6,True,False
1784695678.190,661.9,5.5,False,True
1784695678.348,662.1,58.5,True,False
1784695678.508,662.3,59.2,True,False
1784695678.613,662.4,5.4,False,True
1784695679.522,663.3,808.7,True,True
1784695679.682,663.4,58.8,True,False
1784695679.787,663.5,5.5,False,True
1784695680.696,664.4,808.6,True,True
1784695680.866,664.6,70.2,True,False
1784695681.025,664.8,58.5,True,False
1784695681.185,664.9,59.2,True,False
1784695682.094,665.8,809.2,True,True
1784695682.253,666.0,58.5,True,False
1784695682.451,666.2,97.7,True,False
1784695682.610,666.4,59.0,True,False
1784695682.769,666.5,58.8,True,False
1784695682.941,666.7,71.7,True,False
1784695683.100,666.8,58.2,True,False
1784695684.009,667.8,808.5,True,True
1784695684.168,667.9,58.9,True,False
1784695684.327,668.1,58.7,True,False
1784695684.486,668.2,59.3,True,False
1784695684.646,668.4,59.1,True,False
1784695684.805,668.6,59.6,True,False
1784695685.715,669.5,808.9,True,True
1784695685.873,669.6,58.6,True,False
1784695686.032,669.8,58.6,True,False
1784695686.192,669.9,58.8,True,False
1784695686.366,670.1,74.1,True,False
1784695687.276,671.0,808.9,True,True
1784695687.435,671.2,58.8,True,False
1784695687.540,671.3,5.4,False,True
1784695687.646,671.4,5.2,False,True
1784695688.555,672.3,808.8,True,True
1784695688.714,672.5,58.8,True,False
1784695688.840,672.6,26.1,False,True
1784695688.999,672.7,58.4,True,False
1784695689.909,673.7,809.9,True,True
1784695690.069,673.8,59.3,True,False
1784695690.979,674.7,809.6,True,True
1784695691.137,674.9,58.5,True,False
1784695691.297,675.0,59.9,True,False
1784695691.466,675.2,67.7,True,False
1784695691.625,675.4,59.1,True,False
1784695691.785,675.5,59.2,True,False
1784695691.944,675.7,59.5,True,False
1784695692.119,675.9,74.3,True,False
1784695692.278,676.0,58.9,True,False
1784695692.453,676.2,74.3,True,False
1784695692.612,676.4,58.9,True,False
1784695692.771,676.5,58.7,True,False
1784695692.930,676.7,58.5,True,False
1784695693.089,676.8,58.4,True,False
1784695693.194,676.9,5.5,False,True
1784695693.371,677.1,76.4,True,False
1784695693.530,677.3,58.7,True,False
1784695694.439,678.2,808.9,True,True
1784695694.598,678.3,58.5,True,False
1784695694.758,678.5,59.4,True,False
1784695694.916,678.7,58.7,True,False
1784695695.075,678.8,58.0,True,False
1784695695.234,679.0,59.3,True,False
1784695696.151,679.9,816.3,True,True
1784695696.311,680.1,59.3,True,False
1784695696.417,680.2,5.8,False,True
1784695696.576,680.3,58.4,True,False
1784695696.735,680.5,58.6,True,False
1784695696.893,680.6,58.3,True,False
1784695697.802,681.5,808.6,True,True
1784695697.980,681.7,77.6,True,False
1784695698.139,681.9,58.4,True,False
1784695698.298,682.0,59.2,True,False
1784695698.458,682.2,59.4,True,False
1784695699.367,683.1,808.4,True,True
1784695699.525,683.3,58.5,True,False
1784695700.434,684.2,808.5,True,True
1784695700.594,684.3,59.3,True,False
1784695701.524,685.3,829.7,True,True
1784695701.683,685.4,58.5,True,False
1784695701.843,685.6,59.0,True,False
1784695702.002,685.7,58.8,True,False
1784695702.107,685.9,5.2,False,True
1784695703.016,686.8,808.3,True,True
1784695703.175,686.9,58.8,True,False
1784695704.084,687.8,808.7,True,True
1784695704.243,688.0,59.0,True,False
1784695705.152,688.9,808.7,True,True
1784695705.311,689.1,59.1,True,False
1784695705.471,689.2,59.5,True,False
1784695705.631,689.4,59.4,True,False
1784695705.790,689.5,58.8,True,False
1784695705.949,689.7,59.5,True,False
1784695706.108,689.9,58.6,True,False
1784695706.267,690.0,58.6,True,False
1784695706.426,690.2,58.7,True,False
1784695706.585,690.3,58.5,True,False
1784695706.745,690.5,59.7,True,False
1784695706.905,690.7,59.5,True,False
1784695707.065,690.8,59.3,True,False
1784695707.224,691.0,58.3,True,False
1784695708.132,691.9,808.6,True,True
1784695708.292,692.0,58.6,True,False
1784695708.450,692.2,58.5,True,False
1784695708.609,692.4,58.8,True,False
1784695708.778,692.5,68.3,True,False
1784695708.937,692.7,59.1,True,False
1784695709.097,692.8,58.9,True,False
1784695709.203,692.9,5.8,False,True
1784695709.324,693.1,20.5,False,True
1784695710.233,694.0,808.9,True,True
1784695710.392,694.1,58.7,True,False
1784695710.497,694.2,5.3,False,True
1784695711.406,695.2,808.5,True,True
1784695711.566,695.3,59.5,True,False
1784695711.671,695.4,5.2,False,True
1784695711.777,695.5,5.4,False,True
1784695711.935,695.7,58.3,True,False
1784695712.094,695.8,58.8,True,False
1784695712.253,696.0,58.5,True,False
1784695712.412,696.2,58.7,True,False
1784695712.518,696.3,5.5,False,True
1784695713.426,697.2,808.3,True,True
1784695713.585,697.3,58.9,True,False
1784695714.495,698.2,809.4,True,True
1784695714.655,698.4,60.0,True,False
1784695714.761,698.5,5.6,False,True
1784695714.921,698.7,59.2,True,False
1784695715.080,698.8,59.0,True,False
1784695715.989,699.7,809.1,True,True
1784695716.148,699.9,58.3,True,False
1784695716.307,700.1,58.5,True,False
1784695716.467,700.2,59.5,True,False
1784695716.627,700.4,59.6,True,False
1784695716.786,700.5,58.4,True,False
1784695716.945,700.7,58.5,True,False
1784695717.104,700.9,59.1,True,False
1784695717.262,701.0,58.2,True,False
1784695717.422,701.2,59.1,True,False
1784695717.581,701.3,58.5,True,False
1784695717.739,701.5,58.5,True,False
1784695717.899,701.6,59.5,True,False
1784695718.058,701.8,58.4,True,False
1784695718.217,702.0,59.2,True,False
1784695718.376,702.1,58.7,True,False
1784695718.535,702.3,59.0,True,False
1784695718.694,702.4,58.4,True,False
1784695718.853,702.6,58.9,True,False
1784695719.032,702.8,78.3,True,False
1784695719.192,702.9,59.4,True,False
1784695719.351,703.1,58.5,True,False
1784695719.456,703.2,5.3,False,True
1784695719.562,703.3,5.4,False,True
1784695720.470,704.2,808.0,True,True
1784695720.628,704.4,57.7,True,False
1784695720.787,704.5,58.8,True,False
1784695721.696,705.4,809.0,True,True
1784695721.856,705.6,59.8,True,False
1784695722.015,705.8,58.4,True,False
1784695722.924,706.7,809.3,True,True
1784695723.083,706.8,58.4,True,False
1784695723.189,706.9,5.3,False,True
1784695723.294,707.0,5.1,False,True
1784695723.454,707.2,59.4,True,False
1784695723.622,707.4,68.4,True,False
1784695723.782,707.5,59.1,True,False
1784695723.941,707.7,58.9,True,False
1784695724.046,707.8,5.1,False,True
1784695724.955,708.7,808.5,True,True
1784695725.114,708.9,58.6,True,False
1784695725.273,709.0,58.7,True,False
1784695725.445,709.2,72.0,True,False
1784695725.604,709.4,58.8,True,False
1784695725.763,709.5,58.7,True,False
1784695725.943,709.7,79.3,True,False
1784695726.102,709.8,59.1,True,False
1784695726.283,710.0,80.7,True,False
1784695726.455,710.2,71.7,True,False
1784695726.613,710.4,58.2,True,False
1784695726.772,710.5,59.0,True,False
1784695726.932,710.7,59.3,True,False
1784695727.105,710.9,72.8,True,False
1784695727.264,711.0,59.2,True,False
1784695727.423,711.2,58.4,True,False
1784695727.582,711.3,58.7,True,False
1784695727.741,711.5,58.9,True,False
1784695727.900,711.6,59.0,True,False
1784695728.060,711.8,59.0,True,False
1784695728.219,712.0,59.1,True,False
1784695728.378,712.1,58.5,True,False
1784695728.537,712.3,59.1,True,False
1784695728.696,712.4,58.5,True,False
1784695728.855,712.6,58.6,True,False
1784695729.029,712.8,74.1,True,False
1784695729.188,712.9,58.7,True,False
1784695729.295,713.0,6.0,False,True
1784695730.203,714.0,808.2,True,True
1784695730.362,714.1,58.6,True,False
1784695730.489,714.2,27.2,False,True
1784695731.399,715.1,809.0,True,True
1784695731.579,715.3,80.4,True,False
1784695731.685,715.4,5.4,False,True
1784695732.593,716.3,808.1,True,True
1784695732.753,716.5,59.3,True,False
1784695732.911,716.7,58.5,True,False
1784695733.070,716.8,58.7,True,False
1784695733.229,717.0,58.4,True,False
1784695733.388,717.1,58.6,True,False
1784695733.547,717.3,58.8,True,False
1784695733.706,717.5,59.2,True,False
1784695733.865,717.6,58.4,True,False
1784695734.024,717.8,58.1,True,False
1784695734.183,717.9,59.1,True,False
1784695734.366,718.1,82.0,True,False
1784695734.525,718.3,59.0,True,False
1784695734.684,718.4,58.6,True,False
1784695734.843,718.6,58.8,True,False
1784695735.002,718.7,58.6,True,False
1784695735.161,718.9,59.0,True,False
1784695735.320,719.1,58.7,True,False
1784695735.479,719.2,59.1,True,False
1784695735.638,719.4,59.0,True,False
1784695735.798,719.5,58.9,True,False
1784695735.956,719.7,58.3,True,False
1784695736.115,719.9,58.4,True,False
1784695736.273,720.0,58.4,True,False
1784695736.379,720.1,5.4,False,True
1784695736.486,720.2,6.5,False,True
1784695736.645,720.4,58.5,True,False
1784695736.805,720.6,59.8,True,False
1784695737.716,721.5,810.1,True,True
1784695737.874,721.6,58.4,True,False
1784695738.043,721.8,68.5,True,False
1784695738.202,721.9,59.1,True,False
1784695738.361,722.1,58.6,True,False
1784695738.520,722.3,59.4,True,False
1784695738.680,722.4,59.2,True,False
1784695738.839,722.6,58.6,True,False
1784695738.998,722.7,58.6,True,False
1784695739.158,722.9,60.3,True,False
1784695739.318,723.1,59.3,True,False
1784695739.478,723.2,59.8,True,False
1784695739.638,723.4,59.5,True,False
1784695740.547,724.3,808.9,True,True
1784695740.706,724.5,59.3,True,False
1784695741.615,725.4,808.9,True,True
1784695741.774,725.5,58.7,True,False
1784695741.880,725.6,5.4,False,True
1784695742.039,725.8,58.5,True,False
1784695742.198,725.9,58.8,True,False
1784695742.357,726.1,58.6,True,False
1784695742.516,726.3,58.6,True,False
1784695742.674,726.4,58.2,True,False
1784695742.855,726.6,80.0,True,False
1784695743.014,726.8,59.3,True,False
1784695743.174,726.9,59.5,True,False
1784695743.334,727.1,59.7,True,False
1784695744.243,728.0,808.5,True,True
1784695744.402,728.1,58.9,True,False
1784695745.311,729.1,808.1,True,True
1784695745.469,729.2,57.6,True,False
1784695745.627,729.4,58.3,True,False
1784695746.536,730.3,808.5,True,True
1784695746.695,730.4,58.7,True,False
1784695746.854,730.6,58.4,True,False
1784695747.013,730.8,59.0,True,False
1784695747.173,730.9,59.5,True,False
1784695747.331,731.1,58.4,True,False
1784695748.240,732.0,808.9,True,True
1784695748.400,732.1,59.4,True,False
1784695748.505,732.3,5.8,False,True
1784695748.665,732.4,59.0,True,False
1784695748.824,732.6,58.6,True,False
1784695748.983,732.7,58.6,True,False
1784695749.142,732.9,59.2,True,False
1784695749.248,733.0,5.1,False,True
1784695749.353,733.1,5.0,False,True
1784695749.512,733.3,58.7,True,False
1784695749.671,733.4,58.7,True,False
1784695749.830,733.6,58.4,True,False
1784695749.988,733.7,58.5,True,False
1784695750.149,733.9,60.2,True,False
1784695750.308,734.1,59.1,True,False
1784695750.468,734.2,59.6,True,False
1784695750.628,734.4,59.3,True,False
1784695750.788,734.5,59.1,True,False
1784695750.947,734.7,58.7,True,False
1784695751.106,734.9,58.9,True,False
1784695751.266,735.0,59.4,True,False
1784695751.424,735.2,58.1,True,False
1784695751.583,735.3,59.0,True,False
1784695751.742,735.5,58.3,True,False
1784695751.901,735.6,58.7,True,False
1784695752.060,735.8,58.7,True,False
1784695752.220,736.0,59.3,True,False
1784695752.379,736.1,58.7,True,False
1784695752.538,736.3,58.9,True,False
1784695753.448,737.2,809.1,True,True
1784695753.608,737.4,59.7,True,False
1784695753.767,737.5,58.4,True,False
1784695753.926,737.7,58.5,True,False
1784695754.085,737.8,58.5,True,False
1784695754.994,738.7,808.8,True,True
1784695755.152,738.9,58.6,True,False
1784695755.271,739.0,18.3,False,True
1784695755.376,739.1,4.9,False,True
1784695756.285,740.0,808.7,True,True
1784695756.444,740.2,59.2,True,False
1784695756.604,740.4,59.2,True,False
1784695756.709,740.5,5.0,False,True
1784695756.868,740.6,58.7,True,False
1784695756.974,740.7,5.1,False,True
1784695757.133,740.9,59.2,True,False
1784695757.293,741.0,59.1,True,False
1784695758.201,741.9,808.5,True,True
1784695758.361,742.1,59.5,True,False
1784695760.522,744.3,2060.2,False,True
1784695762.682,746.4,2059.6,False,True
1784695764.842,748.6,2059.6,False,True
1784695767.002,750.7,2059.8,False,True
1784695769.911,753.7,2808.9,False,True
1784695772.071,755.8,2059.8,False,True
1784695774.231,758.0,2059.5,False,True
1784695774.336,758.1,5.3,False,True
1784695775.245,759.0,808.0,False,True
1784695775.403,759.1,57.7,False,True
1784695775.508,759.3,5.2,False,True
1784695776.416,760.2,807.8,False,True
1784695776.575,760.3,58.2,False,True
1784695776.733,760.5,58.3,False,True
1784695776.891,760.6,57.4,False,True
1784695777.049,760.8,57.5,False,True
1784695777.957,761.7,807.7,False,True
1784695780.115,763.9,2058.0,False,True
1784695780.273,764.0,57.2,False,True
1784695781.444,765.2,1071.1,False,True
1784695782.628,766.4,1083.6,False,True
1784695783.812,767.6,1083.9,False,True
1784695784.996,768.7,1084.0,False,True
1784695786.180,769.9,1083.6,False,True
1784695786.338,770.1,58.0,False,True
1784695788.497,772.2,2058.9,False,True
1784695789.668,773.4,1070.7,False,True
1784695791.828,775.6,2059.5,False,True
1784695792.996,776.7,1067.7,False,True
1784695794.180,777.9,1083.7,False,True
1784695794.338,778.1,57.9,False,True
1784695795.524,779.3,1085.1,False,True
1784695796.712,780.5,1087.5,False,True
1784695798.872,782.6,2059.6,False,True
1784695799.780,783.5,808.0,False,True
1784695799.886,783.6,6.2,False,True
1784695801.060,784.8,1072.9,False,True
1784695801.166,784.9,6.0,False,True
1784695801.325,785.1,58.5,False,True
1784695802.503,786.3,1078.3,False,True
1784695803.684,787.4,1079.7,False,True
1784695804.868,788.6,1083.6,False,True
1784695806.051,789.8,1083.4,False,True
1784695807.235,791.0,1083.4,False,True
1784695808.143,791.9,808.0,False,True
1784695808.301,792.0,57.3,False,True
1784695809.475,793.2,1074.0,False,True
1784695811.636,795.4,2060.5,False,True
1784695813.795,797.5,2058.8,False,True
1784695815.969,799.7,2073.9,False,True
1784695816.127,799.9,57.9,False,True
1784695816.286,800.0,58.0,False,True
1784695817.475,801.2,1089.0,False,True
1784695817.592,801.3,17.1,False,True
1784695817.698,801.4,5.4,False,True
1784695818.883,802.6,1084.6,False,True
1784695820.066,803.8,1083.5,False,True
1784695822.227,806.0,2060.5,False,True
1784695822.403,806.2,75.7,False,True
1784695823.586,807.3,1082.8,False,True
1784695824.770,808.5,1083.7,False,True
1784695825.954,809.7,1084.1,False,True
1784695828.114,811.9,2059.5,False,True
1784695829.283,813.0,1068.5,True,True
1784695830.467,814.2,1083.7,True,True
1784695831.858,815.6,1290.7,True,True
1784695832.218,816.0,259.8,True,True
1784695832.377,816.1,58.5,True,False
1784695833.694,817.4,1216.8,True,True
1784695833.853,817.6,59.1,True,False
1784695835.047,818.8,1092.9,True,True
1784695835.221,819.0,74.0,True,False
1784695835.380,819.1,58.8,True,False
1784695835.742,819.5,261.9,True,True
1784695836.106,819.9,263.4,True,True
1784695836.266,820.0,59.3,True,False
1784695836.626,820.4,260.1,True,True
1784695837.795,821.5,1068.2,True,True
1784695839.394,823.1,1498.8,True,True
1784695839.553,823.3,58.7,True,False
1784695840.742,824.5,1089.2,True,True
1784695842.902,826.6,2059.7,False,True
1784695843.262,827.0,259.0,True,True
1784695843.421,827.2,59.2,True,False
1784695843.581,827.3,59.6,True,False
1784695843.740,827.5,58.7,True,False
1784695845.138,828.9,1297.1,True,True
1784695846.306,830.1,1068.7,True,True
1784695846.670,830.4,262.8,True,True
1784695848.829,832.6,2059.3,False,True
1784695848.988,832.7,58.5,True,False
1784695849.093,832.8,5.3,False,True
1784695849.253,833.0,58.9,True,False
1784695849.427,833.2,74.2,True,False
1784695849.532,833.3,5.1,False,True
1784695849.705,833.5,72.2,True,False
1784695849.810,833.6,4.9,False,True
1784695850.719,834.5,808.4,True,True
1784695850.878,834.6,58.9,True,False
1784695851.787,835.5,808.6,True,True
1784695851.946,835.7,58.8,True,False
1784695852.066,835.8,20.1,False,True
1784695852.225,836.0,58.7,True,False
1784695852.331,836.1,5.1,False,True
1784695853.239,837.0,808.1,True,True
1784695853.399,837.1,59.0,True,False
1784695853.558,837.3,58.9,True,False
1784695853.718,837.5,59.2,True,False
1784695853.877,837.6,58.8,True,False
1784695854.786,838.5,809.4,True,True
1784695854.945,838.7,58.5,True,False
1784695855.104,838.9,58.5,True,False
1784695856.013,839.8,808.9,True,True
1784695856.173,839.9,58.8,True,False
1784695856.332,840.1,58.6,True,False
1784695856.489,840.2,57.4,True,False
1784695856.649,840.4,59.1,True,False
1784695856.819,840.6,70.6,True,False
1784695856.978,840.7,58.7,True,False
1784695857.138,840.9,58.8,True,False
1784695857.296,841.0,58.5,True,False
1784695857.455,841.2,58.2,True,False
1784695857.614,841.4,58.5,True,False
1784695857.773,841.5,58.6,True,False
1784695857.932,841.7,58.6,True,False
1784695858.090,841.8,58.5,True,False
1784695858.250,842.0,59.0,True,False
1784695858.409,842.2,58.6,True,False
1784695858.568,842.3,59.0,True,False
1784695859.479,843.2,810.4,True,True
1784695859.638,843.4,58.7,True,False
1784695859.744,843.5,5.2,False,True
1784695860.653,844.4,808.4,True,True
1784695860.812,844.6,58.8,True,False
1784695860.983,844.7,70.8,True,False
1784695861.142,844.9,58.4,True,False
1784695861.301,845.0,58.7,True,False
1784695861.460,845.2,59.2,True,False
1784695861.619,845.4,58.2,True,False
1784695861.790,845.5,70.6,True,False
1784695862.699,846.4,808.8,True,True
1784695862.858,846.6,58.9,True,False
1784695863.018,846.8,59.0,True,False
1784695863.177,846.9,59.0,True,False
1784695863.335,847.1,57.4,True,False
1784695864.261,848.0,826.2,True,True
1784695864.420,848.2,58.7,True,False
1784695864.526,848.3,5.6,False,True
1784695864.685,848.4,58.9,True,False
1784695864.844,848.6,58.6,True,False
1784695865.004,848.8,59.1,True,False
1784695865.119,848.9,15.1,False,True
1784695865.278,849.0,58.8,True,False
1784695866.188,849.9,809.3,True,True
1784695866.347,850.1,58.9,True,False
1784695866.506,850.3,58.6,True,False
1784695867.416,851.2,809.1,True,True
1784695867.575,851.3,58.7,True,False
1784695867.680,851.4,5.2,False,True
1784695867.839,851.6,58.3,True,False
1784695867.998,851.7,58.9,True,False
1784695868.104,851.9,5.1,False,True
1784695868.263,852.0,58.7,True,False
1784695868.368,852.1,5.1,False,True
1784695868.528,852.3,59.1,True,False
1784695868.633,852.4,5.2,False,True
1784695868.792,852.5,58.6,True,False
1784695868.951,852.7,58.4,True,False
1784695869.110,852.9,58.7,True,False
1784695869.268,853.0,58.6,True,False
1784695869.428,853.2,59.3,True,False
1784695869.587,853.3,58.4,True,False
1784695869.745,853.5,58.6,True,False
1784695869.905,853.7,59.1,True,False
1784695870.064,853.8,59.4,True,False
1784695870.224,854.0,59.3,True,False
1784695870.383,854.1,58.9,True,False
1784695870.542,854.3,58.6,True,False
1784695870.701,854.4,58.5,True,False
1784695870.860,854.6,58.6,True,False
1784695871.019,854.8,58.7,True,False
1784695871.179,854.9,59.3,True,False
1784695871.338,855.1,58.0,True,False
1784695871.497,855.2,59.0,True,False
1784695872.405,856.2,808.6,True,True
1784695872.564,856.3,58.6,True,False
1784695872.723,856.5,58.6,True,False
1784695872.900,856.6,77.0,True,False
1784695873.059,856.8,58.7,True,False
1784695873.968,857.7,809.1,True,True
1784695874.127,857.9,58.7,True,False
1784695874.232,858.0,4.9,False,True
1784695874.337,858.1,5.0,False,True
1784695874.496,858.2,58.5,True,False
1784695874.655,858.4,58.7,True,False
1784695874.814,858.6,59.0,True,False
1784695874.973,858.7,58.3,True,False
1784695875.132,858.9,59.2,True,False
1784695875.292,859.0,59.5,True,False
1784695875.397,859.1,5.0,False,True
1784695875.556,859.3,58.8,True,False
1784695875.715,859.5,58.4,True,False
1784695875.873,859.6,58.0,True,False
1784695876.055,859.8,81.9,True,False
1784695876.215,860.0,59.0,True,False
1784695876.374,860.1,59.1,True,False
1784695876.533,860.3,58.8,True,False
1784695876.692,860.4,58.7,True,False
1784695876.851,860.6,58.9,True,False
1784695877.010,860.8,58.8,True,False
1784695877.169,860.9,57.8,True,False
1784695877.327,861.1,58.5,True,False
1784695878.237,862.0,809.2,True,True
1784695878.395,862.1,58.8,True,False
1784695878.573,862.3,77.3,True,False
1784695878.733,862.5,59.0,True,False
1784695878.891,862.6,58.3,True,False
1784695879.050,862.8,58.8,True,False
1784695879.209,863.0,58.3,True,False
1784695879.369,863.1,59.1,True,False
1784695879.528,863.3,58.5,True,False
1784695880.451,864.2,822.6,True,True
1784695880.610,864.4,58.9,True,False
1784695881.520,865.3,809.3,True,True
1784695881.679,865.4,59.1,True,False
1784695881.784,865.5,5.2,False,True
1784695881.944,865.7,59.0,True,False
1784695882.118,865.9,73.9,True,False
1784695882.276,866.0,57.4,True,False
1784695882.435,866.2,59.0,True,False
1784695882.595,866.3,59.6,True,False
1784695882.754,866.5,58.5,True,False
1784695882.912,866.7,58.4,True,False
1784695883.072,866.8,58.6,True,False
1784695883.981,867.7,808.9,True,True
1784695884.140,867.9,58.6,True,False
1784695884.310,868.1,69.6,True,False
1784695884.479,868.2,68.7,True,False
1784695884.597,868.3,17.7,False,True
1784695884.756,868.5,58.6,True,False
1784695884.915,868.7,59.1,True,False
1784695885.074,868.8,58.9,True,False
1784695885.180,868.9,5.0,False,True
1784695885.339,869.1,58.7,True,False
1784695885.498,869.2,58.3,True,False
1784695885.658,869.4,60.0,True,False
1784695885.818,869.6,59.4,True,False
1784695885.936,869.7,18.4,False,True
1784695886.096,869.8,59.2,True,False
1784695886.254,870.0,57.7,True,False
1784695886.413,870.2,58.9,True,False
1784695886.572,870.3,58.8,True,False
1784695886.731,870.5,58.9,True,False
1784695886.900,870.6,68.9,True,False
1784695887.810,871.6,808.9,True,True
1784695887.969,871.7,58.6,True,False
1784695888.878,872.6,808.6,True,True
1784695889.038,872.8,59.5,True,False
1784695889.143,872.9,5.1,False,True
1784695889.302,873.0,58.8,True,False
1784695890.211,874.0,808.9,True,True
1784695890.370,874.1,58.3,True,False
1784695890.529,874.3,58.8,True,False
1784695890.688,874.4,58.6,True,False
1784695890.846,874.6,58.7,True,False
1784695891.006,874.8,59.3,True,False
1784695891.166,874.9,59.9,True,False
1784695891.325,875.1,58.2,True,False
1784695891.440,875.2,15.5,False,True
1784695891.547,875.3,6.1,False,True
1784695891.726,875.5,79.4,True,False
1784695891.885,875.6,58.9,True,False
1784695892.045,875.8,58.5,True,False
1784695892.204,876.0,58.7,True,False
1784695892.363,876.1,58.6,True,False
1784695892.522,876.3,58.5,True,False
1784695892.680,876.4,58.4,True,False
1784695892.839,876.6,58.7,True,False
1784695892.998,876.7,58.4,True,False
1784695893.157,876.9,59.2,True,False
1784695893.316,877.1,58.3,True,False
1784695893.475,877.2,58.7,True,False
1784695894.383,878.1,808.5,True,True
1784695894.543,878.3,59.6,True,False
1784695894.649,878.4,5.3,False,True
1784695895.558,879.3,809.1,True,True
1784695895.717,879.5,58.4,True,False
1784695896.626,880.4,808.9,True,True
1784695896.784,880.5,58.5,True,False
1784695896.943,880.7,58.7,True,False
1784695897.049,880.8,5.5,False,True
1784695897.209,881.0,59.4,True,False
1784695897.369,881.1,59.6,True,False
1784695897.528,881.3,59.3,True,False
1784695897.688,881.4,59.3,True,False
1784695898.597,882.3,809.2,True,True
1784695898.756,882.5,59.0,True,False
1784695898.915,882.7,58.3,True,False
1784695899.074,882.8,58.7,True,False
1784695899.234,883.0,59.4,True,False
1784695899.406,883.2,72.8,True,False
1784695899.566,883.3,59.2,True,False
1784695899.724,883.5,57.9,True,False
1784695899.883,883.6,58.9,True,False
1784695900.042,883.8,58.5,True,False
1784695900.213,884.0,70.9,True,False
1784695900.372,884.1,58.4,True,False
1784695900.531,884.3,59.1,True,False
1784695900.690,884.4,58.7,True,False
1784695900.861,884.6,70.8,True,False
1784695901.020,884.8,59.0,True,False
1784695901.180,884.9,59.3,True,False
1784695901.338,885.1,57.9,True,False
1784695901.498,885.2,59.4,True,False
1784695901.658,885.4,59.3,True,False
1784695901.816,885.6,58.7,True,False
1784695901.975,885.7,58.2,True,False
1784695902.134,885.9,58.5,True,False
1784695902.293,886.0,59.0,True,False
1784695902.452,886.2,58.5,True,False
1784695902.611,886.4,58.7,True,False
1784695902.717,886.5,5.7,False,True
1784695902.876,886.6,58.7,True,False
1784695903.035,886.8,58.9,True,False
1784695903.944,887.7,808.4,True,True
1784695904.103,887.8,58.8,True,False
1784695904.263,888.0,59.4,True,False
1784695904.422,888.2,58.9,True,False
1784695904.581,888.3,59.4,True,False
1784695904.740,888.5,58.6,True,False
1784695905.649,889.4,808.5,True,True
1784695905.807,889.6,57.9,True,False
1784695906.716,890.5,808.8,True,True
1784695906.876,890.6,59.5,True,False
1784695907.785,891.5,809.0,True,True
1784695907.945,891.7,59.1,True,False
1784695908.050,891.8,5.3,False,True
1784695908.210,892.0,58.6,True,False
1784695908.368,892.1,58.6,True,False
1784695908.528,892.3,59.0,True,False
1784695908.687,892.4,59.0,True,False
1784695908.793,892.5,5.3,False,True
1784695908.952,892.7,58.4,True,False
1784695909.111,892.9,58.9,True,False
1784695910.020,893.8,808.8,True,True
1784695910.179,893.9,59.1,True,False
1784695911.102,894.8,822.4,True,True
1784695911.262,895.0,59.0,True,False
1784695912.171,895.9,809.4,True,True
1784695912.331,896.1,58.9,True,False
1784695912.436,896.2,5.1,False,True
1784695913.345,897.1,808.7,True,True
1784695913.518,897.3,72.2,True,False
1784695913.676,897.4,58.3,True,False
1784695913.836,897.6,58.9,True,False
1784695913.994,897.7,58.5,True,False
1784695914.153,897.9,58.7,True,False
1784695914.313,898.1,59.1,True,False
1784695914.472,898.2,59.4,True,False
1784695914.632,898.4,59.4,True,False
1784695914.791,898.5,58.6,True,False
1784695914.897,898.6,5.2,False,True
1784695915.827,899.6,830.0,True,True
1784695915.986,899.7,59.0,True,False
1784695916.146,899.9,59.1,True,False
1784695916.304,900.1,57.9,True,False
1784695916.464,900.2,59.4,True,False
1784695916.640,900.4,75.8,True,False
1784695916.811,900.6,71.5,True,False
1784695916.971,900.7,58.8,True,False
1784695917.130,900.9,59.4,True,False
1784695917.289,901.0,58.6,True,False
1784695917.449,901.2,59.4,True,False
1784695917.609,901.4,59.6,True,False
1784695917.768,901.5,58.6,True,False
1784695917.926,901.7,58.1,True,False
1784695918.104,901.9,77.8,True,False
1784695918.264,902.0,59.3,True,False
1784695918.423,902.2,58.8,True,False
1784695918.583,902.3,59.3,True,False
1784695918.741,902.5,58.5,True,False
1784695918.900,902.6,58.5,True,False
1784695919.809,903.6,808.5,True,True
1784695919.969,903.7,59.2,True,False
1784695920.127,903.9,58.4,True,False
1784695920.286,904.0,58.9,True,False
1784695920.445,904.2,58.4,True,False
1784695920.604,904.4,58.4,True,False
1784695920.763,904.5,58.9,True,False
1784695920.922,904.7,58.6,True,False
1784695921.081,904.8,58.7,True,False
1784695921.240,905.0,58.9,True,False
1784695922.149,905.9,808.8,True,True
1784695922.309,906.1,59.3,True,False
1784695922.414,906.2,5.1,False,True
1784695922.573,906.3,59.0,True,False
1784695922.733,906.5,59.2,True,False
1784695923.643,907.4,809.2,True,True
1784695923.803,907.6,60.2,True,False
1784695923.979,907.7,75.2,True,False
1784695924.084,907.8,5.3,False,True
1784695924.994,908.7,809.3,True,True
1784695925.154,908.9,59.1,True,False
1784695926.063,909.8,808.9,True,True
1784695926.222,910.0,58.3,True,False
1784695927.131,910.9,808.8,True,True
1784695927.290,911.0,58.8,True,False
1784695928.199,911.9,808.6,True,True
1784695928.357,912.1,58.4,True,False
1784695929.266,913.0,808.3,True,True
1784695929.425,913.2,59.2,True,False
1784695929.585,913.3,59.0,True,False
1784695930.493,914.2,808.4,True,True
1784695930.653,914.4,59.4,True,False
1784695930.811,914.6,58.4,True,False
1784695931.720,915.5,808.6,True,True
1784695931.879,915.6,58.8,True,False
1784695932.788,916.5,808.6,True,True
1784695932.957,916.7,68.8,True,False
1784695933.127,916.9,69.7,True,False
1784695933.287,917.0,59.6,True,False
1784695933.447,917.2,59.7,True,False
1784695933.605,917.4,58.3,True,False
1784695933.764,917.5,58.5,True,False
1784695933.923,917.7,58.7,True,False
1784695934.082,917.8,59.4,True,False
1784695934.241,918.0,58.7,True,False
1784695934.408,918.2,66.3,True,False
1784695934.567,918.3,58.8,True,False
1784695934.726,918.5,59.0,True,False
1784695934.885,918.6,58.7,True,False
1784695935.045,918.8,59.4,True,False
1784695935.224,919.0,78.9,True,False
1784695935.383,919.1,58.9,True,False
1784695935.542,919.3,59.3,True,False
1784695935.701,919.4,58.5,True,False
1784695935.860,919.6,58.5,True,False
1784695936.018,919.8,58.4,True,False
1784695936.178,919.9,58.9,True,False
1784695937.087,920.8,809.1,True,True
1784695937.247,921.0,59.5,True,False
1784695937.353,921.1,5.7,False,True
1784695937.513,921.3,59.8,True,False
1784695937.673,921.4,59.2,True,False
1784695937.833,921.6,59.8,True,False
1784695937.992,921.7,58.5,True,False
1784695938.151,921.9,58.6,True,False
1784695938.333,922.1,81.7,True,False
1784695939.242,923.0,809.0,True,True
1784695939.402,923.1,59.4,True,False
1784695940.310,924.1,808.2,True,True
1784695940.470,924.2,58.8,True,False
1784695940.575,924.3,4.7,False,True
1784695940.734,924.5,58.7,True,False
1784695940.893,924.6,58.4,True,False
1784695941.052,924.8,58.8,True,False
1784695941.211,925.0,59.1,True,False
1784695942.120,925.9,808.4,True,True
1784695942.278,926.0,58.6,True,False
1784695942.437,926.2,58.7,True,False
1784695942.596,926.3,58.8,True,False
1784695943.505,927.3,808.8,True,True
1784695943.665,927.4,58.8,True,False
1784695944.574,928.3,809.4,True,True
1784695944.734,928.5,59.5,True,False
1784695945.644,929.4,809.1,True,True
1784695945.803,929.5,57.9,True,False
1784695946.711,930.5,808.4,True,True
1784695946.871,930.6,58.9,True,False
1784695947.779,931.5,808.6,True,True
1784695947.939,931.7,59.0,True,False
1784695948.862,932.6,823.2,True,True
1784695949.020,932.8,58.4,True,False
1784695949.126,932.9,5.4,False,True
1784695949.232,933.0,5.7,False,True
1784695949.415,933.2,82.2,True,False
1784695949.521,933.3,5.2,False,True
1784695950.430,934.2,808.8,True,True
1784695950.589,934.3,58.7,True,False
1784695950.695,934.4,6.1,False,True
1784695950.854,934.6,58.4,True,False
1784695951.012,934.8,58.0,True,False
1784695951.171,934.9,58.8,True,False
1784695951.330,935.1,59.1,True,False
1784695951.490,935.2,59.1,True,False
1784695951.649,935.4,59.1,True,False
1784695951.808,935.6,58.5,True,False
1784695951.967,935.7,58.5,True,False
1784695952.126,935.9,58.9,True,False
1784695952.285,936.0,58.8,True,False
1784695952.444,936.2,59.1,True,False
1784695952.603,936.4,58.8,True,False
1784695952.762,936.5,58.1,True,False
1784695952.921,936.7,58.4,True,False
1784695953.080,936.8,58.6,True,False
1784695953.239,937.0,58.9,True,False
1784695953.398,937.1,58.9,True,False
1784695953.557,937.3,58.9,True,False
1784695953.716,937.5,58.5,True,False
1784695953.874,937.6,58.5,True,False
1784695954.033,937.8,58.9,True,False
1784695954.192,937.9,58.8,True,False
1784695954.351,938.1,58.6,True,False
1784695954.511,938.3,59.5,True,False
1784695954.671,938.4,59.4,True,False
1784695955.580,939.3,808.8,True,True
1784695955.738,939.5,58.4,True,False
1784695955.898,939.6,58.7,True,False
1784695956.056,939.8,58.2,True,False
1784695956.215,940.0,58.6,True,False
1784695956.375,940.1,59.0,True,False
1784695957.284,941.0,808.9,True,True
1784695957.443,941.2,58.8,True,False
1784695957.612,941.4,68.4,True,False
1784695958.522,942.3,809.0,True,True
1784695958.681,942.4,58.9,True,False
1784695959.589,943.3,807.9,True,True
1784695959.765,943.5,76.1,True,False
1784695960.675,944.4,809.6,True,True
1784695960.834,944.6,58.6,True,False
1784695960.993,944.7,58.6,True,False
1784695961.151,944.9,58.3,True,False
1784695961.332,945.1,80.3,True,False
1784695961.491,945.2,58.3,True,False
1784695961.650,945.4,59.1,True,False
1784695962.559,946.3,808.7,True,True
1784695962.719,946.5,59.1,True,False
1784695962.825,946.6,5.6,False,True
1784695962.984,946.7,59.0,True,False
1784695963.143,946.9,58.3,True,False
1784695963.249,947.0,5.1,False,True
1784695963.408,947.2,58.8,True,False
1784695963.567,947.3,59.1,True,False
1784695964.476,948.2,808.6,True,True
1784695964.649,948.4,72.5,True,False
1784695965.558,949.3,808.9,True,True
1784695965.732,949.5,74.2,True,False
1784695965.892,949.6,59.1,True,False
1784695966.051,949.8,58.7,True,False
1784695966.210,950.0,58.4,True,False
