ts,elapsed_s,latency_ms,ok,sla_violated
1784691033.841,0.1,85.9,True,False
1784691034.013,0.3,72.2,True,False
1784691034.181,0.4,67.6,True,False
1784691034.351,0.6,69.3,True,False
1784691034.510,0.8,58.9,True,False
1784691034.692,0.9,82.2,True,False
1784691034.864,1.1,71.3,True,False
1784691035.033,1.3,68.3,True,False
1784691035.191,1.4,58.4,True,False
1784691035.372,1.6,80.8,True,False
1784691035.531,1.8,58.6,True,False
1784691035.691,1.9,59.9,True,False
1784691035.850,2.1,58.7,True,False
1784691036.023,2.3,71.8,True,False
1784691036.182,2.4,58.9,True,False
1784691036.341,2.6,58.8,True,False
1784691036.516,2.8,74.4,True,False
1784691036.686,2.9,70.0,True,False
1784691036.846,3.1,59.2,True,False
1784691037.027,3.3,81.6,True,False
1784691037.187,3.4,59.0,True,False
1784691037.346,3.6,59.0,True,False
1784691037.505,3.7,58.2,True,False
1784691037.664,3.9,58.8,True,False
1784691037.835,4.1,71.1,True,False
1784691037.995,4.2,59.1,True,False
1784691038.154,4.4,59.6,True,False
1784691038.314,4.6,59.3,True,False
1784691038.474,4.7,59.7,True,False
1784691038.633,4.9,58.4,True,False
1784691038.800,5.0,67.5,True,False
1784691038.960,5.2,59.1,True,False
1784691039.119,5.4,58.6,True,False
1784691039.277,5.5,58.5,True,False
1784691039.436,5.7,58.4,True,False
1784691039.614,5.9,77.9,True,False
1784691039.774,6.0,59.1,True,False
1784691039.955,6.2,81.0,True,False
1784691040.125,6.4,70.1,True,False
1784691040.284,6.5,58.4,True,False
1784691040.443,6.7,58.8,True,False
1784691040.602,6.8,58.6,True,False
1784691040.762,7.0,59.3,True,False
1784691040.921,7.2,59.2,True,False
1784691041.080,7.3,58.8,True,False
1784691041.239,7.5,58.4,True,False
1784691041.398,7.6,58.7,True,False
1784691041.581,7.8,82.4,True,False
1784691041.740,8.0,58.6,True,False
1784691041.899,8.1,58.8,True,False
1784691042.075,8.3,76.4,True,False
1784691042.246,8.5,70.9,True,False
1784691042.406,8.7,59.8,True,False
1784691042.565,8.8,58.4,True,False
1784691042.725,9.0,59.6,True,False
1784691042.884,9.1,58.5,True,False
1784691043.043,9.3,58.9,True,False
1784691043.203,9.4,59.6,True,False
1784691043.363,9.6,59.9,True,False
1784691043.534,9.8,70.9,True,False
1784691043.693,9.9,58.7,True,False
1784691043.863,10.1,69.9,True,False
1784691044.034,10.3,70.5,True,False
1784691044.204,10.4,69.9,True,False
1784691044.363,10.6,58.4,True,False
1784691044.521,10.8,58.2,True,False
1784691044.679,10.9,57.9,True,False
1784691044.838,11.1,58.2,True,False
1784691044.997,11.2,59.0,True,False
1784691045.176,11.4,78.8,True,False
1784691045.335,11.6,59.1,True,False
1784691045.494,11.7,58.2,True,False
1784691045.654,11.9,59.4,True,False
1784691045.813,12.1,58.3,True,False
1784691045.994,12.2,81.0,True,False
1784691046.154,12.4,59.0,True,False
1784691046.332,12.6,77.9,True,False
1784691046.491,12.7,58.7,True,False
1784691046.650,12.9,59.1,True,False
1784691046.809,13.1,58.7,True,False
1784691046.968,13.2,58.6,True,False
1784691047.127,13.4,58.6,True,False
1784691047.286,13.5,59.0,True,False
1784691047.445,13.7,59.1,True,False
1784691047.606,13.9,59.7,True,False
1784691047.765,14.0,58.9,True,False
1784691047.940,14.2,74.9,True,False
1784691048.100,14.3,59.1,True,False
1784691048.259,14.5,58.8,True,False
1784691048.417,14.7,58.5,True,False
1784691048.577,14.8,59.0,True,False
1784691048.735,15.0,58.6,True,False
1784691048.894,15.1,58.7,True,False
1784691049.053,15.3,58.8,True,False
1784691049.213,15.5,59.6,True,False
1784691049.372,15.6,59.1,True,False
1784691049.552,15.8,78.9,True,False
1784691049.710,16.0,58.2,True,False
1784691049.870,16.1,58.6,True,False
1784691050.029,16.3,58.6,True,False
1784691050.187,16.4,58.7,True,False
1784691050.346,16.6,58.6,True,False
1784691050.506,16.8,58.9,True,False
1784691050.664,16.9,58.5,True,False
1784691050.824,17.1,59.5,True,False
1784691050.983,17.2,59.1,True,False
1784691051.143,17.4,59.0,True,False
1784691051.301,17.5,58.6,True,False
1784691051.460,17.7,57.9,True,False
1784691051.619,17.9,59.0,True,False
1784691051.779,18.0,58.9,True,False
1784691051.937,18.2,58.2,True,False
1784691052.096,18.3,58.7,True,False
1784691052.255,18.5,58.7,True,False
1784691052.414,18.7,58.7,True,False
1784691052.573,18.8,58.9,True,False
1784691052.732,19.0,58.4,True,False
1784691052.891,19.1,59.3,True,False
1784691053.063,19.3,70.7,True,False
1784691053.222,19.5,59.4,True,False
1784691053.381,19.6,58.6,True,False
1784691053.541,19.8,59.1,True,False
1784691053.700,19.9,58.8,True,False
1784691053.881,20.1,81.2,True,False
1784691054.040,20.3,58.6,True,False
1784691054.199,20.4,58.9,True,False
1784691054.358,20.6,58.8,True,False
1784691054.517,20.8,58.1,True,False
1784691054.676,20.9,58.6,True,False
1784691054.855,21.1,79.3,True,False
1784691055.014,21.3,58.5,True,False
1784691055.173,21.4,58.6,True,False
1784691055.330,21.6,57.0,True,False
1784691055.490,21.7,59.0,True,False
1784691055.649,21.9,59.3,True,False
1784691055.826,22.1,76.4,True,False
1784691055.985,22.2,58.7,True,False
1784691056.164,22.4,79.1,True,False
1784691056.323,22.6,58.7,True,False
1784691056.483,22.7,58.7,True,False
1784691056.641,22.9,58.1,True,False
1784691056.799,23.0,58.2,True,False
1784691056.958,23.2,58.4,True,False
1784691057.137,23.4,78.9,True,False
1784691057.296,23.5,58.3,True,False
1784691057.455,23.7,58.6,True,False
1784691057.614,23.9,59.1,True,False
1784691057.774,24.0,59.7,True,False
1784691057.934,24.2,59.1,True,False
1784691058.094,24.3,59.5,True,False
1784691058.254,24.5,59.9,True,False
1784691058.412,24.7,58.6,True,False
1784691058.571,24.8,58.9,True,False
1784691058.730,25.0,58.1,True,False
1784691058.889,25.1,59.2,True,False
1784691059.048,25.3,58.5,True,False
1784691059.207,25.5,59.2,True,False
1784691059.366,25.6,58.5,True,False
1784691059.548,25.8,81.0,True,False
1784691059.706,26.0,58.5,True,False
1784691059.865,26.1,58.6,True,False
1784691060.024,26.3,58.6,True,False
1784691060.183,26.4,58.8,True,False
1784691060.342,26.6,58.6,True,False
1784691060.500,26.7,58.3,True,False
1784691060.673,26.9,72.2,True,False
1784691060.832,27.1,58.7,True,False
1784691061.011,27.3,78.8,True,False
1784691061.180,27.4,68.2,True,False
1784691061.338,27.6,58.4,True,False
1784691061.521,27.8,82.4,True,False
1784691061.680,27.9,58.5,True,False
1784691061.839,28.1,58.9,True,False
1784691061.998,28.2,58.7,True,False
1784691062.156,28.4,58.0,True,False
1784691062.325,28.6,68.7,True,False
1784691062.484,28.7,58.7,True,False
1784691062.643,28.9,58.6,True,False
1784691062.822,29.1,78.3,True,False
1784691062.981,29.2,58.9,True,False
1784691063.143,29.4,61.3,True,False
1784691063.302,29.5,59.1,True,False
1784691063.462,29.7,59.6,True,False
1784691063.639,29.9,77.4,True,False
1784691063.810,30.1,70.1,True,False
1784691063.969,30.2,59.4,True,False
1784691064.129,30.4,59.5,True,False
1784691064.305,30.6,75.6,True,False
1784691064.463,30.7,58.3,True,False
1784691064.622,30.9,58.6,True,False
1784691064.797,31.0,74.5,True,False
1784691064.956,31.2,58.5,True,False
1784691065.138,31.4,81.2,True,False
1784691065.296,31.5,58.2,True,False
1784691065.478,31.7,81.9,True,False
1784691065.638,31.9,59.2,True,False
1784691065.797,32.0,58.7,True,False
1784691065.955,32.2,58.3,True,False
1784691066.113,32.4,57.6,True,False
1784691066.272,32.5,58.6,True,False
1784691066.431,32.7,58.8,True,False
1784691066.590,32.8,58.6,True,False
1784691066.748,33.0,58.5,True,False
1784691066.907,33.2,58.4,True,False
1784691067.066,33.3,58.5,True,False
1784691067.225,33.5,59.0,True,False
1784691067.384,33.6,58.6,True,False
1784691067.543,33.8,59.0,True,False
1784691067.703,33.9,58.9,True,False
1784691067.871,34.1,68.4,True,False
1784691068.030,34.3,59.0,True,False
1784691068.189,34.4,58.9,True,False
1784691068.348,34.6,58.5,True,False
1784691068.507,34.8,58.6,True,False
1784691068.676,34.9,69.1,True,False
1784691068.848,35.1,71.4,True,False
1784691069.006,35.3,58.2,True,False
1784691069.166,35.4,59.0,True,False
1784691069.325,35.6,58.7,True,False
1784691069.483,35.7,58.5,True,False
1784691069.643,35.9,59.5,True,False
1784691069.802,36.0,59.1,True,False
1784691069.961,36.2,58.2,True,False
1784691070.120,36.4,59.1,True,False
1784691070.301,36.5,80.8,True,False
1784691070.460,36.7,58.2,True,False
1784691070.619,36.9,58.9,True,False
1784691070.779,37.0,59.6,True,False
1784691070.937,37.2,58.7,True,False
1784691071.096,37.3,58.6,True,False
1784691071.254,37.5,57.3,True,False
1784691071.413,37.7,58.2,True,False
1784691071.572,37.8,58.7,True,False
1784691071.754,38.0,82.0,True,False
1784691071.914,38.2,59.7,True,False
1784691072.073,38.3,58.6,True,False
1784691072.232,38.5,59.0,True,False
1784691072.391,38.6,58.8,True,False
1784691072.551,38.8,59.3,True,False
1784691072.709,39.0,58.4,True,False
1784691072.869,39.1,59.1,True,False
1784691073.027,39.3,58.5,True,False
1784691073.200,39.4,72.7,True,False
1784691073.360,39.6,59.1,True,False
1784691073.519,39.8,58.6,True,False
1784691073.677,39.9,58.4,True,False
1784691073.837,40.1,58.7,True,False
1784691073.996,40.2,59.3,True,False
1784691074.156,40.4,59.3,True,False
1784691074.315,40.6,58.8,True,False
1784691074.483,40.7,68.0,True,False
1784691074.652,40.9,68.3,True,False
1784691074.811,41.1,58.5,True,False
1784691074.990,41.2,79.6,True,False
1784691075.149,41.4,58.4,True,False
1784691075.308,41.6,59.1,True,False
1784691075.467,41.7,58.5,True,False
1784691075.627,41.9,59.5,True,False
1784691075.786,42.0,58.6,True,False
1784691075.945,42.2,58.9,True,False
1784691076.118,42.4,72.1,True,False
1784691076.277,42.5,58.7,True,False
1784691076.436,42.7,58.7,True,False
1784691076.593,42.8,57.2,True,False
1784691076.752,43.0,58.6,True,False
1784691076.911,43.2,58.8,True,False
1784691077.091,43.3,80.4,True,False
1784691077.251,43.5,58.9,True,False
1784691077.409,43.7,58.4,True,False
1784691077.568,43.8,58.7,True,False
1784691077.727,44.0,59.0,True,False
1784691077.887,44.1,58.7,True,False
1784691078.066,44.3,79.0,True,False
1784691078.225,44.5,58.6,True,False
1784691078.405,44.7,79.7,True,False
1784691078.564,44.8,58.9,True,False
1784691078.722,45.0,58.2,True,False
1784691078.882,45.1,59.0,True,False
1784691079.041,45.3,59.4,True,False
1784691079.201,45.4,59.5,True,False
1784691079.382,45.6,81.1,True,False
1784691079.541,45.8,58.4,True,False
1784691079.700,45.9,59.1,True,False
1784691079.878,46.1,78.2,True,False
1784691080.037,46.3,58.4,True,False
1784691080.197,46.4,59.3,True,False
1784691080.374,46.6,76.5,True,False
1784691080.532,46.8,58.3,True,False
1784691080.691,46.9,58.9,True,False
1784691080.851,47.1,59.1,True,False
1784691081.010,47.3,59.1,True,False
1784691081.170,47.4,59.1,True,False
1784691081.329,47.6,58.9,True,False
1784691081.488,47.7,59.0,True,False
1784691081.648,47.9,58.9,True,False
1784691081.806,48.1,58.3,True,False
1784691081.966,48.2,59.1,True,False
1784691082.125,48.4,59.5,True,False
1784691082.285,48.5,59.2,True,False
1784691082.445,48.7,59.8,True,False
1784691082.605,48.8,59.3,True,False
1784691082.764,49.0,59.5,True,False
1784691082.924,49.2,58.7,True,False
1784691083.083,49.3,59.0,True,False
1784691083.242,49.5,58.8,True,False
1784691083.401,49.6,58.5,True,False
1784691083.560,49.8,58.8,True,False
1784691083.719,50.0,58.4,True,False
1784691083.877,50.1,58.4,True,False
1784691084.037,50.3,58.7,True,False
1784691084.196,50.4,58.9,True,False
1784691084.356,50.6,59.4,True,False
1784691084.515,50.8,59.2,True,False
1784691084.696,50.9,80.5,True,False
1784691084.855,51.1,59.2,True,False
1784691085.014,51.3,58.8,True,False
1784691085.174,51.4,59.2,True,False
1784691085.344,51.6,69.7,True,False
1784691085.515,51.8,71.1,True,False
1784691085.675,51.9,59.0,True,False
1784691085.834,52.1,58.9,True,False
1784691085.993,52.2,58.6,True,False
1784691086.151,52.4,58.5,True,False
1784691086.310,52.6,58.7,True,False
1784691086.486,52.7,75.9,True,False
1784691086.646,52.9,59.5,True,False
1784691086.805,53.1,58.5,True,False
1784691086.964,53.2,58.4,True,False
1784691087.123,53.4,58.6,True,False
1784691087.304,53.5,81.0,True,False
1784691087.463,53.7,58.2,True,False
1784691087.622,53.9,58.8,True,False
1784691087.781,54.0,58.7,True,False
1784691087.940,54.2,58.5,True,False
1784691088.099,54.3,58.8,True,False
1784691088.258,54.5,58.3,True,False
1784691088.416,54.7,57.9,True,False
1784691088.586,54.8,69.6,True,False
1784691088.746,55.0,58.8,True,False
1784691088.905,55.1,58.6,True,False
1784691089.064,55.3,58.8,True,False
1784691089.238,55.5,73.9,True,False
1784691089.396,55.6,58.4,True,False
1784691089.555,55.8,58.7,True,False
1784691089.715,56.0,59.4,True,False
1784691089.874,56.1,59.3,True,False
1784691090.048,56.3,73.4,True,False
1784691090.207,56.5,58.4,True,False
1784691090.367,56.6,59.1,True,False
1784691090.526,56.8,58.8,True,False
1784691090.685,56.9,58.7,True,False
1784691090.844,57.1,58.9,True,False
1784691091.022,57.3,77.6,True,False
1784691091.180,57.4,58.4,True,False
1784691091.340,57.6,59.0,True,False
1784691091.499,57.7,58.5,True,False
1784691091.658,57.9,59.0,True,False
1784691091.817,58.1,59.2,True,False
1784691091.976,58.2,58.6,True,False
1784691092.135,58.4,58.4,True,False
1784691092.294,58.5,58.4,True,False
1784691092.452,58.7,58.3,True,False
1784691092.611,58.9,58.5,True,False
1784691092.770,59.0,58.9,True,False
1784691092.929,59.2,58.6,True,False
1784691093.088,59.3,58.5,True,False
1784691093.268,59.5,79.5,True,False
1784691093.437,59.7,68.9,True,False
1784691093.596,59.8,58.6,True,False
1784691093.755,60.0,58.5,True,False
1784691093.914,60.2,59.4,True,False
1784691094.073,60.3,58.6,True,False
1784691094.232,60.5,58.9,True,False
1784691094.391,60.6,59.0,True,False
1784691094.550,60.8,58.5,True,False
1784691094.709,61.0,58.6,True,False
1784691094.867,61.1,58.4,True,False
1784691095.027,61.3,58.8,True,False
1784691095.186,61.4,59.3,True,False
1784691095.356,61.6,69.8,True,False
1784691095.524,61.8,68.1,True,False
1784691095.698,61.9,73.5,True,False
1784691095.856,62.1,57.8,True,False
1784691096.015,62.3,58.5,True,False
1784691096.174,62.4,59.0,True,False
1784691096.333,62.6,58.9,True,False
1784691096.493,62.7,59.4,True,False
1784691096.652,62.9,58.4,True,False
1784691097.274,63.5,521.9,True,True
1784691097.883,64.1,508.4,True,True
1784691098.512,64.8,529.5,True,True
1784691099.121,65.4,508.4,True,True
1784691099.730,66.0,508.7,True,True
1784691099.889,66.1,58.7,True,False
1784691100.499,66.7,509.4,True,True
1784691100.659,66.9,59.1,True,False
1784691101.268,67.5,509.3,True,True
1784691101.442,67.7,73.3,True,False
1784691102.052,68.3,510.4,True,True
1784691102.662,68.9,509.1,True,True
1784691102.821,69.1,59.1,True,False
1784691102.992,69.2,70.1,True,False
1784691103.150,69.4,58.5,True,False
1784691103.331,69.6,80.4,True,False
1784691103.501,69.7,70.0,True,False
1784691103.660,69.9,58.2,True,False
1784691103.819,70.1,58.9,True,False
1784691103.979,70.2,59.3,True,False
1784691104.139,70.4,59.9,True,False
1784691104.298,70.5,59.1,True,False
1784691104.458,70.7,59.1,True,False
1784691104.616,70.9,58.4,True,False
1784691104.775,71.0,58.3,True,False
1784691104.934,71.2,58.7,True,False
1784691105.093,71.3,58.8,True,False
1784691105.264,71.5,70.9,True,False
1784691105.423,71.7,59.1,True,False
1784691105.583,71.8,59.0,True,False
1784691105.743,72.0,59.8,True,False
1784691105.903,72.1,59.5,True,False
1784691106.062,72.3,58.6,True,False
1784691106.221,72.5,58.5,True,False
1784691106.830,73.1,508.6,True,True
1784691107.438,73.7,508.9,True,True
1784691108.047,74.3,508.5,True,True
1784691108.656,74.9,508.4,True,True
1784691108.815,75.1,58.7,True,False
1784691109.425,75.7,509.0,True,True
1784691109.584,75.8,58.6,True,False
1784691110.194,76.4,509.3,True,True
1784691110.353,76.6,59.1,True,False
1784691110.962,77.2,509.2,True,True
1784691111.122,77.4,59.7,True,False
1784691111.732,78.0,508.8,True,True
1784691111.902,78.1,69.8,True,False
1784691112.511,78.8,508.7,True,True
1784691113.120,79.4,508.7,True,True
1784691113.729,80.0,508.8,True,True
1784691113.887,80.1,58.6,True,False
1784691114.496,80.7,508.6,True,True
1784691114.656,80.9,59.4,True,False
1784691115.265,81.5,508.9,True,True
1784691115.425,81.7,58.9,True,False
1784691116.054,82.3,528.6,True,True
1784691116.663,82.9,509.0,True,True
1784691117.272,83.5,509.0,True,True
1784691117.448,83.7,74.7,True,False
1784691118.056,84.3,508.5,True,True
1784691118.666,84.9,509.1,True,True
1784691119.292,85.5,526.6,True,True
1784691119.902,86.1,509.0,True,True
1784691120.061,86.3,59.3,True,False
1784691120.671,86.9,509.3,True,True
1784691120.846,87.1,75.0,True,False
1784691121.456,87.7,509.2,True,True
1784691121.638,87.9,81.6,True,False
1784691122.247,88.5,508.8,True,True
1784691122.856,89.1,508.4,True,True
1784691123.465,89.7,509.1,True,True
1784691123.625,89.9,59.7,True,False
1784691124.251,90.5,524.7,True,True
1784691124.418,90.7,67.5,True,False
1784691125.027,91.3,508.5,True,True
1784691125.186,91.4,58.7,True,False
1784691125.345,91.6,58.6,True,False
1784691125.505,91.8,59.3,True,False
1784691125.665,91.9,59.4,True,False
1784691126.275,92.5,509.8,True,True
1784691126.436,92.7,60.8,True,False
1784691127.045,93.3,508.6,True,True
1784691127.204,93.4,58.9,True,False
1784691127.814,94.1,508.9,True,True
1784691127.973,94.2,59.1,True,False
1784691128.153,94.4,79.8,True,False
1784691128.312,94.6,58.7,True,False
1784691128.471,94.7,58.7,True,False
1784691128.631,94.9,59.6,True,False
1784691128.790,95.0,58.6,True,False
1784691128.948,95.2,58.8,True,False
1784691129.107,95.4,58.0,True,False
1784691129.279,95.5,72.3,True,False
1784691129.438,95.7,58.4,True,False
1784691129.597,95.8,58.5,True,False
1784691130.222,96.5,525.0,True,True
1784691130.382,96.6,59.6,True,False
1784691131.003,97.2,520.7,True,True
1784691131.612,97.9,508.7,True,True
1784691131.771,98.0,58.9,True,False
1784691132.390,98.6,518.4,True,True
1784691132.572,98.8,82.0,True,False
1784691133.181,99.4,508.4,True,True
1784691133.790,100.0,508.9,True,True
1784691133.949,100.2,59.2,True,False
1784691134.108,100.4,58.7,True,False
1784691134.717,101.0,508.6,True,True
1784691134.875,101.1,58.2,True,False
1784691135.035,101.3,58.8,True,False
1784691135.194,101.4,58.6,True,False
1784691135.803,102.0,508.5,True,True
1784691135.974,102.2,71.0,True,False
1784691136.594,102.8,519.8,True,True
1784691136.754,103.0,59.0,True,False
1784691137.363,103.6,508.9,True,True
1784691137.531,103.8,68.5,True,False
1784691138.140,104.4,508.9,True,True
1784691138.300,104.5,59.1,True,False
1784691138.909,105.2,509.3,True,True
1784691139.068,105.3,58.4,True,False
1784691139.699,105.9,531.5,True,True
1784691139.880,106.1,80.7,True,False
1784691140.490,106.7,508.9,True,True
1784691140.649,106.9,59.0,True,False
1784691140.808,107.1,59.0,True,False
1784691141.416,107.7,508.3,True,True
1784691142.025,108.3,508.4,True,True
1784691142.634,108.9,509.3,True,True
1784691142.795,109.0,59.9,True,False
1784691142.954,109.2,58.8,True,False
1784691143.112,109.4,58.2,True,False
1784691143.287,109.5,74.4,True,False
1784691143.446,109.7,58.9,True,False
1784691144.056,110.3,509.3,True,True
1784691144.215,110.5,59.0,True,False
1784691144.824,111.1,508.8,True,True
1784691144.984,111.2,59.3,True,False
1784691145.592,111.8,508.3,True,True
1784691145.752,112.0,58.9,True,False
1784691146.360,112.6,508.0,True,True
1784691146.528,112.8,67.6,True,False
1784691147.137,113.4,508.8,True,True
1784691147.318,113.6,80.0,True,False
1784691147.926,114.2,507.9,True,True
1784691148.556,114.8,529.8,True,True
1784691148.715,115.0,58.9,True,False
1784691149.323,115.6,508.4,True,True
1784691149.482,115.7,58.2,True,False
1784691150.102,116.3,519.3,True,True
1784691150.261,116.5,58.7,True,False
1784691150.870,117.1,509.1,True,True
1784691151.028,117.3,58.2,True,False
1784691151.638,117.9,509.2,True,True
1784691151.797,118.0,58.8,True,False
1784691152.406,118.7,508.3,True,True
1784691152.565,118.8,58.8,True,False
1784691152.724,119.0,59.2,True,False
1784691153.333,119.6,508.7,True,True
1784691153.492,119.7,59.0,True,False
1784691154.101,120.3,507.9,True,True
1784691154.258,120.5,57.7,True,False
1784691154.868,121.1,508.8,True,True
1784691155.477,121.7,509.0,True,True
1784691156.086,122.3,508.5,True,True
1784691156.695,122.9,509.1,True,True
1784691157.304,123.5,508.4,True,True
1784691157.912,124.2,508.2,True,True
1784691158.071,124.3,58.5,True,False
1784691158.681,124.9,509.3,True,True
1784691158.840,125.1,58.8,True,False
1784691159.449,125.7,508.6,True,True
1784691159.627,125.9,78.0,True,False
1784691160.236,126.5,508.5,True,True
1784691160.395,126.6,58.6,True,False
1784691161.004,127.2,508.4,True,True
1784691161.612,127.9,508.6,True,True
1784691161.781,128.0,68.2,True,False
1784691161.940,128.2,58.8,True,False
1784691162.550,128.8,509.1,True,True
1784691162.709,129.0,58.7,True,False
1784691162.882,129.1,72.6,True,False
1784691163.491,129.7,508.7,True,True
1784691163.650,129.9,58.6,True,False
1784691164.259,130.5,509.3,True,True
1784691164.868,131.1,508.4,True,True
1784691165.027,131.3,58.4,True,False
1784691165.660,131.9,532.6,True,True
1784691165.832,132.1,72.4,True,False
1784691166.451,132.7,518.3,True,True
1784691166.610,132.9,59.2,True,False
1784691166.770,133.0,58.9,True,False
1784691166.929,133.2,58.8,True,False
1784691167.088,133.3,59.2,True,False
1784691167.719,134.0,531.4,True,True
1784691167.890,134.1,70.1,True,False
1784691168.511,134.8,520.1,True,True
1784691168.670,134.9,58.7,True,False
1784691169.278,135.5,508.6,True,True
1784691169.437,135.7,58.6,True,False
1784691170.046,136.3,508.8,True,True
1784691170.206,136.5,59.3,True,False
1784691170.834,137.1,527.8,True,True
1784691170.992,137.2,58.4,True,False
1784691171.151,137.4,58.4,True,False
1784691171.310,137.6,58.5,True,False
1784691171.919,138.2,508.6,True,True
1784691172.077,138.3,58.1,True,False
1784691172.686,138.9,508.9,True,True
1784691172.845,139.1,57.9,True,False
1784691173.454,139.7,508.6,True,True
1784691174.063,140.3,509.1,True,True
1784691174.685,140.9,522.2,True,True
1784691175.294,141.5,508.6,True,True
1784691175.904,142.1,508.8,True,True
1784691176.063,142.3,58.5,True,False
1784691176.672,142.9,508.9,True,True
1784691176.831,143.1,58.9,True,False
1784691177.440,143.7,508.2,True,True
1784691177.599,143.8,58.7,True,False
1784691177.757,144.0,58.5,True,False
1784691178.367,144.6,509.0,True,True
1784691178.975,145.2,508.3,True,True
1784691179.157,145.4,81.8,True,False
1784691179.767,146.0,509.4,True,True
1784691179.925,146.2,58.5,True,False
1784691180.535,146.8,509.1,True,True
1784691180.694,146.9,58.8,True,False
1784691180.854,147.1,59.5,True,False
1784691181.029,147.3,74.8,True,False
1784691181.638,147.9,509.1,True,True
1784691181.798,148.0,58.9,True,False
1784691182.427,148.7,528.7,True,True
1784691182.586,148.8,59.1,True,False
1784691183.218,149.5,531.7,True,True
1784691183.378,149.6,59.0,True,False
1784691183.986,150.2,508.5,True,True
1784691184.145,150.4,58.7,True,False
1784691184.766,151.0,520.0,True,True
1784691184.925,151.2,58.7,True,False
1784691185.534,151.8,509.3,True,True
1784691185.693,151.9,58.9,True,False
1784691185.799,152.0,5.2,False,True
1784691185.958,152.2,58.6,True,False
1784691186.131,152.4,72.8,True,False
1784691186.289,152.5,58.4,True,False
1784691186.448,152.7,58.7,True,False
1784691186.554,152.8,5.2,False,True
1784691187.163,153.4,509.2,True,True
1784691187.337,153.6,73.1,True,False
1784691187.946,154.2,509.2,True,True
1784691188.556,154.8,510.0,True,True
1784691188.715,155.0,58.4,True,False
1784691189.324,155.6,508.5,True,True
1784691189.483,155.7,58.5,True,False
1784691190.110,156.4,526.7,True,True
1784691190.269,156.5,59.3,True,False
1784691190.879,157.1,509.4,True,True
1784691190.985,157.2,5.7,False,True
1784691191.163,157.4,77.4,True,False
1784691191.772,158.0,509.4,True,True
1784691191.931,158.2,58.7,True,False
1784691192.540,158.8,508.7,True,True
1784691192.699,158.9,58.4,True,False
1784691192.826,159.1,26.9,False,True
1784691193.453,159.7,526.5,True,True
1784691193.612,159.9,58.3,True,False
1784691193.770,160.0,58.4,True,False
1784691193.930,160.2,59.1,True,False
1784691194.089,160.3,58.7,True,False
1784691194.698,160.9,509.0,True,True
1784691194.857,161.1,58.8,True,False
1784691195.016,161.3,58.6,True,False
1784691195.187,161.4,70.6,True,False
1784691195.346,161.6,58.7,True,False
1784691195.955,162.2,508.8,True,True
1784691196.114,162.4,58.7,True,False
1784691196.722,163.0,507.7,True,True
1784691196.901,163.1,78.6,True,False
1784691197.007,163.3,5.7,False,True
1784691197.616,163.9,508.5,True,True
1784691197.775,164.0,58.8,True,False
1784691197.900,164.1,25.0,False,True
1784691198.059,164.3,58.8,True,False
1784691198.218,164.5,59.2,True,False
1784691198.324,164.6,5.0,False,True
1784691198.438,164.7,14.2,False,True
1784691198.597,164.8,58.6,True,False
1784691199.206,165.5,508.8,True,True
1784691199.365,165.6,58.7,True,False
1784691199.471,165.7,5.5,False,True
1784691200.096,166.3,524.9,True,True
1784691200.255,166.5,58.2,True,False
1784691200.415,166.7,59.7,True,False
1784691200.573,166.8,58.3,True,False
1784691200.732,167.0,58.7,True,False
1784691200.892,167.1,59.5,True,False
1784691201.069,167.3,76.1,True,False
1784691201.228,167.5,59.0,True,False
1784691201.387,167.6,58.9,True,False
1784691201.546,167.8,59.2,True,False
1784691201.705,168.0,58.5,True,False
1784691201.865,168.1,59.3,True,False
1784691202.042,168.3,77.0,True,False
1784691202.651,168.9,508.5,True,True
1784691202.809,169.1,57.1,True,False
1784691203.419,169.7,510.1,True,True
1784691203.578,169.8,58.7,True,False
1784691203.683,169.9,5.0,False,True
1784691204.315,170.6,531.6,True,True
1784691204.474,170.7,58.7,True,False
1784691204.633,170.9,58.6,True,False
1784691204.791,171.0,58.2,True,False
1784691204.950,171.2,58.8,True,False
1784691205.560,171.8,508.9,True,True
1784691205.718,172.0,58.3,True,False
1784691205.823,172.1,5.3,False,True
1784691206.432,172.7,508.5,True,True
1784691206.592,172.8,59.2,True,False
1784691206.751,173.0,59.3,True,False
1784691206.910,173.2,58.3,True,False
1784691207.070,173.3,59.4,True,False
1784691207.692,173.9,521.6,True,True
1784691207.798,174.0,5.4,False,True
1784691207.956,174.2,58.5,True,False
1784691208.073,174.3,16.2,False,True
1784691208.179,174.4,5.3,False,True
1784691208.337,174.6,58.5,True,False
1784691208.443,174.7,4.7,False,True
1784691209.052,175.3,508.6,True,True
1784691209.211,175.5,58.7,True,False
1784691209.820,176.1,508.9,True,True
1784691209.979,176.2,58.8,True,False
1784691210.096,176.3,16.7,False,True
1784691210.201,176.4,5.3,False,True
1784691210.330,176.6,27.9,False,True
1784691210.939,177.2,508.8,True,True
1784691211.113,177.4,74.2,True,False
1784691211.219,177.5,5.2,False,True
1784691211.378,177.6,59.1,True,False
1784691211.988,178.2,509.6,True,True
1784691212.148,178.4,59.5,True,False
1784691212.756,179.0,508.5,True,True
1784691212.916,179.2,58.8,True,False
1784691213.525,179.8,508.9,True,True
1784691213.684,179.9,58.9,True,False
1784691214.304,180.5,519.4,True,True
1784691214.463,180.7,58.7,True,False
1784691214.569,180.8,5.7,False,True
1784691214.728,181.0,59.1,True,False
1784691214.887,181.1,58.1,True,False
1784691215.062,181.3,74.4,True,False
1784691215.220,181.5,58.6,True,False
1784691215.380,181.6,58.8,True,False
1784691215.556,181.8,75.7,True,False
1784691215.715,182.0,59.1,True,False
1784691215.874,182.1,58.8,True,False
1784691216.033,182.3,58.9,True,False
1784691216.642,182.9,509.0,True,True
1784691217.251,183.5,509.0,True,True
1784691217.860,184.1,509.0,True,True
1784691218.486,184.7,525.3,True,True
1784691218.645,184.9,58.8,True,False
1784691218.804,185.0,59.2,True,False
1784691218.963,185.2,58.5,True,False
1784691219.572,185.8,508.6,True,True
1784691220.181,186.4,508.1,True,True
1784691220.286,186.5,5.1,False,True
1784691220.444,186.7,58.3,True,False
1784691220.550,186.8,5.7,False,True
1784691221.160,187.4,509.3,True,True
1784691221.319,187.6,58.7,True,False
1784691221.929,188.2,509.5,True,True
1784691222.055,188.3,25.9,False,True
1784691222.235,188.5,79.8,True,False
1784691222.394,188.6,58.5,True,False
1784691222.553,188.8,59.1,True,False
1784691222.713,189.0,58.7,True,False
1784691222.872,189.1,59.4,True,False
1784691223.031,189.3,58.9,True,False
1784691223.190,189.4,58.4,True,False
1784691223.295,189.5,5.2,False,True
1784691223.454,189.7,58.6,True,False
1784691224.064,190.3,509.0,True,True
1784691224.224,190.5,59.7,True,False
1784691224.833,191.1,508.7,True,True
1784691224.991,191.2,58.2,True,False
1784691225.097,191.3,5.3,False,True
1784691225.720,192.0,522.9,True,True
1784691225.880,192.1,59.1,True,False
1784691226.489,192.7,508.6,True,True
1784691226.647,192.9,58.5,True,False
1784691227.257,193.5,509.3,True,True
1784691227.363,193.6,5.6,False,True
1784691227.972,194.2,509.2,True,True
1784691228.078,194.3,5.0,False,True
1784691228.237,194.5,58.9,True,False
1784691228.846,195.1,508.6,True,True
1784691228.952,195.2,5.1,False,True
1784691229.561,195.8,508.7,True,True
1784691229.666,195.9,5.2,False,True
1784691229.825,196.1,58.8,True,False
1784691230.434,196.7,508.6,True,True
1784691230.594,196.8,59.8,True,False
1784691231.202,197.4,508.2,True,True
1784691231.361,197.6,58.6,True,False
1784691231.970,198.2,508.7,True,True
1784691232.129,198.4,58.7,True,False
1784691232.739,199.0,509.7,True,True
1784691232.898,199.1,58.7,True,False
1784691233.019,199.3,20.8,False,True
1784691233.178,199.4,58.9,True,False
1784691233.787,200.0,508.7,True,True
1784691234.396,200.6,508.7,True,True
1784691235.027,201.3,529.9,True,True
1784691235.154,201.4,27.4,False,True
1784691235.313,201.6,58.9,True,False
1784691235.419,201.7,5.0,False,True
1784691236.028,202.3,508.5,True,True
1784691236.134,202.4,5.7,False,True
1784691236.293,202.5,59.0,True,False
1784691236.398,202.6,5.3,False,True
1784691236.558,202.8,58.7,True,False
1784691236.739,203.0,81.5,True,False
1784691237.348,203.6,508.6,True,True
1784691237.530,203.8,81.2,True,False
1784691237.635,203.9,5.2,False,True
1784691238.245,204.5,509.1,True,True
1784691238.359,204.6,14.1,False,True
1784691238.985,205.2,525.4,True,True
1784691239.594,205.8,508.4,True,True
1784691240.221,206.5,526.3,True,True
1784691240.830,207.1,508.8,True,True
1784691240.989,207.2,59.0,True,False
1784691241.095,207.3,5.6,False,True
1784691241.254,207.5,58.5,True,False
1784691241.376,207.6,21.9,False,True
1784691241.985,208.2,508.6,True,True
1784691242.606,208.9,520.5,True,True
1784691242.765,209.0,58.7,True,False
1784691243.396,209.6,531.4,True,True
1784691243.556,209.8,59.4,True,False
1784691244.166,210.4,509.1,True,True
1784691244.324,210.6,58.8,True,False
1784691244.430,210.7,5.2,False,True
1784691244.536,210.8,6.0,False,True
1784691245.145,211.4,508.7,True,True
1784691245.251,211.5,5.0,False,True
1784691245.860,212.1,508.7,True,True
1784691246.019,212.3,58.6,True,False
1784691246.646,212.9,527.0,True,True
1784691246.805,213.1,58.6,True,False
1784691246.965,213.2,59.6,True,False
1784691247.574,213.8,508.6,True,True
1784691247.733,214.0,58.5,True,False
1784691247.892,214.1,58.6,True,False
1784691247.998,214.2,5.6,False,True
1784691248.607,214.9,508.8,True,True
1784691248.766,215.0,58.9,True,False
1784691248.871,215.1,4.9,False,True
1784691249.480,215.7,509.2,True,True
1784691249.639,215.9,58.6,True,False
1784691250.263,216.5,523.7,True,True
1784691250.422,216.7,58.6,True,False
1784691251.031,217.3,508.6,True,True
1784691251.190,217.4,58.9,True,False
1784691251.349,217.6,58.7,True,False
1784691251.507,217.8,58.4,True,False
1784691251.622,217.9,14.8,False,True
1784691251.781,218.0,58.4,True,False
1784691251.955,218.2,73.1,True,False
1784691252.060,218.3,5.4,False,True
1784691252.166,218.4,5.2,False,True
1784691252.287,218.5,20.5,False,True
1784691252.392,218.6,5.1,False,True
1784691252.498,218.7,5.3,False,True
1784691252.657,218.9,58.6,True,False
1784691252.816,219.1,59.0,True,False
1784691252.922,219.2,5.1,False,True
1784691253.028,219.3,5.5,False,True
1784691253.133,219.4,5.0,False,True
1784691253.247,219.5,13.8,False,True
1784691253.353,219.6,5.4,False,True
1784691253.512,219.8,58.6,True,False
1784691254.121,220.4,508.4,True,True
1784691254.290,220.5,68.8,True,False
1784691254.449,220.7,58.8,True,False
1784691254.554,220.8,5.4,False,True
1784691255.173,221.4,518.9,True,True
1784691255.332,221.6,59.0,True,False
1784691255.437,221.7,4.9,False,True
1784691255.553,221.8,15.8,False,True
1784691255.712,222.0,58.4,True,False
1784691255.871,222.1,59.3,True,False
1784691256.030,222.3,58.3,True,False
1784691256.189,222.4,58.7,True,False
1784691256.364,222.6,74.7,True,False
1784691256.523,222.8,58.6,True,False
1784691256.682,222.9,58.6,True,False
1784691256.862,223.1,79.0,True,False
1784691257.021,223.3,58.9,True,False
1784691257.180,223.4,59.1,True,False
1784691257.339,223.6,58.4,True,False
1784691257.498,223.7,58.6,True,False
1784691257.658,223.9,59.3,True,False
1784691257.836,224.1,78.1,True,False
1784691257.942,224.2,5.7,False,True
1784691258.561,224.8,518.3,True,True
1784691258.719,225.0,58.4,True,False
1784691258.825,225.1,5.3,False,True
1784691259.444,225.7,518.7,True,True
1784691260.053,226.3,508.4,True,True
1784691260.661,226.9,508.5,True,True
1784691260.767,227.0,5.0,False,True
1784691261.387,227.6,519.9,True,True
1784691261.996,228.2,508.8,True,True
1784691262.155,228.4,58.4,True,False
1784691262.777,229.0,521.7,True,True
1784691262.949,229.2,72.4,True,False
1784691263.558,229.8,508.5,True,True
1784691263.717,230.0,58.4,True,False
1784691264.326,230.6,509.2,True,True
1784691264.486,230.7,59.0,True,False
1784691265.095,231.3,508.9,True,True
1784691265.254,231.5,58.8,True,False
1784691265.879,232.1,524.4,True,True
1784691266.037,232.3,58.3,True,False
1784691266.646,232.9,508.3,True,True
1784691266.805,233.1,59.1,True,False
1784691266.974,233.2,68.3,True,False
1784691267.132,233.4,58.5,True,False
1784691267.238,233.5,5.0,False,True
1784691267.847,234.1,508.6,True,True
1784691268.006,234.3,59.0,True,False
1784691268.615,234.9,508.4,True,True
1784691268.720,235.0,5.3,False,True
1784691268.842,235.1,22.0,False,True
1784691269.451,235.7,508.6,True,True
1784691269.611,235.9,59.8,True,False
1784691270.220,236.5,508.6,True,True
1784691270.379,236.6,58.6,True,False
1784691270.485,236.7,5.0,False,True
1784691271.094,237.3,508.5,True,True
1784691271.254,237.5,59.8,True,False
1784691271.863,238.1,508.6,True,True
1784691272.022,238.3,58.8,True,False
1784691272.631,238.9,508.9,True,True
1784691272.790,239.0,58.8,True,False
1784691272.950,239.2,58.5,True,False
1784691273.055,239.3,5.3,False,True
1784691273.213,239.5,58.4,True,False
1784691273.372,239.6,58.7,True,False
1784691273.993,240.2,521.0,True,True
1784691274.152,240.4,58.8,True,False
1784691274.258,240.5,5.4,False,True
1784691274.364,240.6,5.3,False,True
1784691274.469,240.7,5.1,False,True
1784691274.628,240.9,58.8,True,False
1784691275.237,241.5,508.4,True,True
1784691275.397,241.6,59.4,True,False
1784691276.007,242.3,509.2,True,True
1784691276.166,242.4,58.6,True,False
1784691276.798,243.0,531.6,True,True
1784691276.957,243.2,58.2,True,False
1784691277.566,243.8,509.2,True,True
1784691277.725,244.0,58.8,True,False
1784691277.831,244.1,5.7,False,True
1784691278.458,244.7,526.4,True,True
1784691278.617,244.9,58.6,True,False
1784691279.244,245.5,526.3,True,True
1784691279.425,245.7,81.4,True,False
1784691280.044,246.3,518.8,True,True
1784691280.204,246.4,59.4,True,False
1784691280.822,247.1,518.1,True,True
1784691281.431,247.7,508.9,True,True
1784691282.341,248.6,809.7,True,True
1784691282.951,249.2,509.3,True,True
1784691283.131,249.4,80.3,True,False
1784691284.052,250.3,819.8,True,True
1784691284.211,250.5,58.7,True,False
1784691285.134,251.4,822.9,True,True
1784691285.293,251.5,59.4,True,False
1784691285.413,251.7,19.5,False,True
1784691286.022,252.3,509.1,True,True
1784691286.197,252.4,74.4,True,False
1784691286.302,252.5,5.1,False,True
1784691286.927,253.2,524.6,True,True
1784691287.086,253.3,58.5,True,False
1784691287.192,253.4,5.2,False,True
1784691288.100,254.3,808.5,True,True
1784691288.218,254.5,17.0,False,True
1784691288.342,254.6,24.7,False,True
1784691288.501,254.7,58.9,True,False
1784691289.411,255.7,808.9,True,True
1784691289.570,255.8,59.1,True,False
1784691289.676,255.9,5.5,False,True
1784691290.285,256.5,508.9,True,True
1784691290.444,256.7,59.2,True,False
1784691291.053,257.3,508.5,True,True
1784691291.214,257.5,60.0,True,False
1784691291.319,257.6,5.2,False,True
1784691291.425,257.7,5.1,False,True
1784691291.530,257.8,5.2,False,True
1784691292.159,258.4,529.1,True,True
1784691292.341,258.6,82.0,True,False
1784691293.250,259.5,808.7,True,True
1784691293.859,260.1,508.5,True,True
1784691293.964,260.2,5.2,False,True
1784691294.574,260.8,509.0,True,True
1784691294.680,260.9,5.3,False,True
1784691294.785,261.0,5.4,False,True
1784691295.695,261.9,808.9,True,True
1784691296.315,262.6,519.7,True,True
1784691297.224,263.5,809.1,True,True
1784691297.833,264.1,508.9,True,True
1784691298.742,265.0,808.7,True,True
1784691299.351,265.6,508.4,True,True
1784691299.959,266.2,508.4,True,True
1784691300.119,266.4,59.3,True,False
1784691300.728,267.0,508.7,True,True
1784691300.902,267.1,73.8,True,False
1784691301.811,268.1,808.7,True,True
1784691301.970,268.2,58.6,True,False
1784691302.579,268.8,508.5,True,True
1784691302.738,269.0,59.5,True,False
1784691303.348,269.6,509.1,True,True
1784691303.507,269.8,59.2,True,False
1784691304.116,270.4,508.6,True,True
1784691305.025,271.3,808.5,True,True
1784691305.184,271.4,58.8,True,False
1784691305.793,272.0,508.9,True,True
1784691305.900,272.1,6.0,False,True
1784691306.022,272.3,22.6,False,True
1784691306.181,272.4,58.6,True,False
1784691306.355,272.6,73.3,True,False
1784691306.963,273.2,508.3,True,True
1784691307.069,273.3,5.1,False,True
1784691307.175,273.4,5.4,False,True
1784691307.334,273.6,58.7,True,False
1784691307.439,273.7,5.2,False,True
1784691307.598,273.8,58.7,True,False
1784691307.757,274.0,58.8,True,False
1784691307.862,274.1,5.0,False,True
1784691308.471,274.7,508.6,True,True
1784691308.630,274.9,58.8,True,False
1784691308.736,275.0,5.4,False,True
1784691308.895,275.1,58.6,True,False
1784691309.053,275.3,58.4,True,False
1784691309.662,275.9,508.6,True,True
1784691309.822,276.1,59.4,True,False
1784691309.927,276.2,5.0,False,True
1784691310.536,276.8,508.6,True,True
1784691310.703,276.9,67.2,True,False
1784691310.862,277.1,58.9,True,False
1784691311.021,277.3,58.7,True,False
1784691311.180,277.4,58.5,True,False
1784691311.286,277.5,5.3,False,True
1784691311.445,277.7,58.8,True,False
1784691311.550,277.8,5.4,False,True
1784691311.656,277.9,5.2,False,True
1784691311.816,278.1,59.2,True,False
1784691311.975,278.2,59.7,True,False
1784691312.135,278.4,58.7,True,False
1784691312.259,278.5,24.7,False,True
1784691312.419,278.7,59.2,True,False
1784691312.578,278.8,58.8,True,False
1784691312.738,279.0,59.1,True,False
1784691312.897,279.1,58.8,True,False
1784691313.056,279.3,58.6,True,False
1784691313.215,279.5,58.6,True,False
1784691313.320,279.6,5.4,False,True
1784691313.434,279.7,13.5,False,True
1784691313.540,279.8,5.1,False,True
1784691313.698,279.9,58.6,True,False
1784691313.857,280.1,58.3,True,False
1784691314.016,280.3,59.2,True,False
1784691314.175,280.4,58.6,True,False
1784691314.281,280.5,5.2,False,True
1784691314.386,280.6,5.1,False,True
1784691314.545,280.8,58.6,True,False
1784691314.704,280.9,58.4,True,False
1784691314.810,281.1,5.6,False,True
1784691314.969,281.2,58.8,True,False
1784691315.128,281.4,58.4,True,False
1784691315.299,281.5,71.1,True,False
1784691315.458,281.7,58.8,True,False
1784691315.584,281.8,25.7,False,True
1784691316.211,282.5,526.2,True,True
1784691316.369,282.6,58.2,True,False
1784691316.475,282.7,5.2,False,True
1784691316.634,282.9,59.1,True,False
1784691316.793,283.0,58.7,True,False
1784691316.952,283.2,58.2,True,False
1784691317.111,283.4,59.2,True,False
1784691317.293,283.5,81.5,True,False
1784691317.451,283.7,58.3,True,False
1784691317.557,283.8,5.3,False,True
1784691317.686,283.9,28.7,False,True
1784691317.792,284.0,5.5,False,True
1784691317.897,284.1,5.0,False,True
1784691318.057,284.3,59.1,True,False
1784691318.216,284.5,59.2,True,False
1784691318.826,285.1,508.9,True,True
1784691318.985,285.2,58.5,True,False
1784691319.592,285.8,507.5,True,True
1784691319.751,286.0,58.7,True,False
1784691319.910,286.2,58.6,True,False
1784691320.069,286.3,58.5,True,False
1784691320.228,286.5,58.8,True,False
1784691320.387,286.6,59.0,True,False
1784691320.546,286.8,59.2,True,False
1784691320.705,287.0,58.8,True,False
1784691320.820,287.1,14.3,False,True
1784691321.446,287.7,525.4,True,True
1784691321.605,287.9,58.7,True,False
1784691321.765,288.0,59.4,True,False
1784691321.924,288.2,58.8,True,False
1784691322.083,288.3,59.2,True,False
1784691322.242,288.5,58.6,True,False
1784691322.852,289.1,509.4,True,True
1784691323.011,289.3,58.7,True,False
1784691323.620,289.9,508.8,True,True
1784691323.779,290.0,58.9,True,False
1784691323.885,290.1,5.4,False,True
1784691324.043,290.3,58.4,True,False
1784691324.165,290.4,20.6,False,True
1784691324.324,290.6,59.0,True,False
1784691324.483,290.7,59.4,True,False
1784691324.589,290.8,5.2,False,True
1784691324.747,291.0,58.4,True,False
1784691324.907,291.2,59.6,True,False
1784691325.066,291.3,58.1,True,False
1784691325.225,291.5,59.1,True,False
1784691325.834,292.1,509.0,True,True
1784691325.994,292.2,58.8,True,False
1784691326.603,292.8,508.8,True,True
1784691326.762,293.0,58.9,True,False
1784691326.933,293.2,71.2,True,False
1784691327.092,293.3,58.9,True,False
1784691327.252,293.5,58.8,True,False
1784691327.411,293.7,58.5,True,False
1784691327.569,293.8,58.6,True,False
1784691328.188,294.4,518.3,True,True
1784691328.347,294.6,58.5,True,False
1784691328.977,295.2,530.3,True,True
1784691329.137,295.4,59.0,True,False
1784691329.242,295.5,5.3,False,True
1784691329.862,296.1,519.2,True,True
1784691330.020,296.3,58.7,True,False
1784691330.125,296.4,4.9,False,True
1784691330.735,297.0,509.5,True,True
1784691330.895,297.1,59.4,True,False
1784691331.504,297.7,508.8,True,True
1784691331.685,297.9,80.6,True,False
1784691332.295,298.5,509.2,True,True
1784691332.454,298.7,58.8,True,False
1784691332.613,298.9,58.6,True,False
1784691332.782,299.0,68.7,True,False
1784691332.888,299.1,5.6,False,True
1784691333.048,299.3,59.5,True,False
1784691333.154,299.4,5.8,False,True
1784691333.260,299.5,5.8,False,True
1784691333.419,299.7,58.9,True,False
1784691333.580,299.8,60.9,True,False
1784691333.740,300.0,59.4,True,False
1784691333.900,300.1,59.4,True,False
1784691334.509,300.8,508.5,True,True
1784691334.668,300.9,58.7,True,False
1784691334.827,301.1,58.7,True,False
1784691335.000,301.2,72.2,True,False
1784691335.160,301.4,59.8,True,False
1784691335.320,301.6,59.7,True,False
1784691335.442,301.7,21.6,False,True
1784691335.548,301.8,5.4,False,True
1784691336.157,302.4,508.6,True,True
1784691336.316,302.6,59.0,True,False
1784691336.485,302.7,68.5,True,False
1784691337.094,303.3,508.4,True,True
1784691337.200,303.4,5.5,False,True
1784691337.359,303.6,59.2,True,False
1784691337.992,304.2,531.8,True,True
1784691338.152,304.4,59.4,True,False
1784691338.280,304.5,27.4,False,True
1784691338.386,304.6,5.9,False,True
1784691338.995,305.2,508.9,True,True
1784691339.154,305.4,59.0,True,False
1784691339.259,305.5,5.2,False,True
1784691339.365,305.6,5.7,False,True
1784691339.524,305.8,58.4,True,False
1784691339.630,305.9,5.3,False,True
1784691340.239,306.5,509.1,True,True
1784691340.413,306.7,73.5,True,False
1784691340.572,306.8,58.4,True,False
1784691340.730,307.0,58.5,True,False
1784691340.836,307.1,4.9,False,True
1784691340.941,307.2,5.1,False,True
1784691341.100,307.3,59.0,True,False
1784691341.258,307.5,58.4,True,False
1784691341.378,307.6,19.2,False,True
1784691341.484,307.7,5.5,False,True
1784691341.642,307.9,58.5,True,False
1784691342.251,308.5,508.7,True,True
1784691342.411,308.7,59.6,True,False
1784691343.021,309.3,509.5,True,True
1784691343.180,309.4,59.0,True,False
1784691343.339,309.6,58.9,True,False
1784691343.499,309.7,59.1,True,False
1784691343.605,309.8,5.7,False,True
1784691343.711,310.0,5.7,False,True
1784691343.870,310.1,59.0,True,False
1784691344.029,310.3,58.6,True,False
1784691344.188,310.4,58.6,True,False
1784691344.294,310.5,5.3,False,True
1784691344.399,310.6,5.4,False,True
1784691345.029,311.3,529.5,True,True
1784691345.197,311.4,68.2,True,False
1784691345.303,311.5,5.0,False,True
1784691345.912,312.2,508.9,True,True
1784691346.071,312.3,58.4,True,False
1784691346.230,312.5,58.8,True,False
1784691346.389,312.6,58.7,True,False
1784691346.549,312.8,60.4,True,False
1784691346.655,312.9,5.2,False,True
1784691346.831,313.1,75.5,True,False
1784691346.999,313.2,68.2,True,False
1784691347.158,313.4,58.7,True,False
1784691347.318,313.6,59.2,True,False
1784691347.498,313.7,79.3,True,False
1784691347.627,313.9,28.8,False,True
1784691347.732,314.0,5.3,False,True
1784691347.891,314.1,58.6,True,False
1784691347.997,314.2,5.7,False,True
1784691348.606,314.9,508.6,True,True
1784691348.712,315.0,5.5,False,True
1784691348.871,315.1,59.0,True,False
1784691349.031,315.3,59.9,True,False
1784691349.190,315.4,58.3,True,False
1784691349.349,315.6,58.9,True,False
1784691349.508,315.8,58.5,True,False
1784691349.614,315.9,5.2,False,True
1784691349.772,316.0,58.4,True,False
1784691349.931,316.2,58.9,True,False
1784691350.091,316.3,59.0,True,False
1784691350.258,316.5,66.5,True,False
1784691350.416,316.7,58.6,True,False
1784691350.575,316.8,58.7,True,False
1784691350.734,317.0,58.4,True,False
1784691350.893,317.1,58.7,True,False
1784691351.000,317.2,6.3,False,True
1784691351.159,317.4,58.8,True,False
1784691351.339,317.6,80.6,True,False
1784691351.498,317.7,58.4,True,False
1784691351.604,317.8,5.6,False,True
1784691351.763,318.0,58.6,True,False
1784691351.869,318.1,5.6,False,True
1784691352.029,318.3,58.8,True,False
1784691352.187,318.4,58.0,True,False
1784691352.293,318.5,5.6,False,True
1784691352.451,318.7,58.3,True,False
1784691352.610,318.9,58.1,True,False
1784691352.767,319.0,57.3,True,False
1784691352.926,319.2,58.5,True,False
1784691353.032,319.3,5.4,False,True
1784691353.191,319.4,58.6,True,False
1784691353.359,319.6,67.8,True,False
1784691353.518,319.8,58.7,True,False
1784691353.677,319.9,58.5,True,False
1784691353.852,320.1,75.1,True,False
1784691354.011,320.3,58.5,True,False
1784691354.171,320.4,59.6,True,False
1784691354.278,320.5,5.7,False,True
1784691354.437,320.7,59.5,True,False
1784691354.596,320.8,58.9,True,False
1784691354.755,321.0,58.6,True,False
1784691355.364,321.6,508.8,True,True
1784691355.522,321.8,58.3,True,False
1784691356.141,322.4,518.2,True,True
1784691356.247,322.5,5.4,False,True
1784691356.366,322.6,18.8,False,True
1784691356.471,322.7,5.0,False,True
1784691356.630,322.9,58.6,True,False
1784691357.239,323.5,508.6,True,True
1784691357.398,323.6,58.7,True,False
1784691357.503,323.7,5.3,False,True
1784691357.662,323.9,58.1,True,False
1784691357.821,324.1,58.6,True,False
1784691357.926,324.2,5.1,False,True
1784691358.032,324.3,5.7,False,True
1784691358.148,324.4,16.0,False,True
1784691358.307,324.6,58.5,True,False
1784691358.466,324.7,59.0,True,False
1784691358.624,324.9,58.5,True,False
1784691358.783,325.0,58.2,True,False
1784691358.941,325.2,58.3,True,False
1784691359.100,325.3,58.2,True,False
1784691359.280,325.5,80.1,True,False
1784691359.439,325.7,58.4,True,False
1784691360.048,326.3,509.5,True,True
1784691360.228,326.5,78.8,True,False
1784691360.837,327.1,508.5,True,True
1784691360.996,327.2,59.4,True,False
1784691361.172,327.4,75.9,True,False
1784691361.345,327.6,72.3,True,False
1784691361.504,327.7,58.8,True,False
1784691361.663,327.9,58.6,True,False
1784691361.822,328.1,58.3,True,False
1784691361.981,328.2,59.1,True,False
1784691362.140,328.4,58.0,True,False
1784691362.320,328.6,80.8,True,False
1784691362.930,329.2,509.0,True,True
1784691363.089,329.3,59.2,True,False
1784691363.699,329.9,509.9,True,True
1784691363.859,330.1,59.5,True,False
1784691364.020,330.3,60.2,True,False
1784691364.179,330.4,58.9,True,False
1784691364.338,330.6,58.5,True,False
1784691364.497,330.7,59.0,True,False
1784691364.655,330.9,58.1,True,False
1784691364.815,331.1,59.8,True,False
1784691364.985,331.2,69.3,True,False
1784691365.144,331.4,59.1,True,False
1784691365.250,331.5,5.4,False,True
1784691365.409,331.7,58.8,True,False
1784691365.567,331.8,58.5,True,False
1784691365.726,332.0,58.6,True,False
1784691367.635,333.9,1807.9,True,True
1784691369.007,335.3,1272.4,True,True
1784691369.113,335.4,5.3,False,True
1784691369.219,335.5,5.7,False,True
1784691370.599,336.8,1279.8,True,True
1784691370.704,336.9,5.5,False,True
1784691372.161,338.4,1356.0,True,True
1784691374.119,340.4,1857.8,True,True
1784691375.499,341.7,1279.5,True,True
1784691377.306,343.6,1707.2,True,True
1784691378.647,344.9,1239.8,True,True
1784691380.080,346.3,1332.5,True,True
1784691381.563,347.8,1383.7,True,True
1784691381.668,347.9,5.0,False,True
1784691383.115,349.4,1347.0,True,True
1784691383.221,349.5,5.5,False,True
1784691384.732,351.0,1410.4,True,True
1784691386.184,352.4,1351.5,True,True
1784691386.290,352.5,5.3,False,True
1784691388.171,354.4,1780.9,True,True
1784691389.614,355.9,1343.1,True,True
1784691391.590,357.8,1876.1,True,True
1784691392.949,359.2,1258.3,True,True
1784691393.054,359.3,4.9,False,True
1784691393.160,359.4,6.0,False,True
1784691394.624,360.9,1363.2,True,True
1784691396.144,362.4,1419.3,True,True
1784691397.573,363.8,1329.1,True,True
1784691397.679,363.9,5.0,False,True
1784691397.785,364.0,5.4,False,True
1784691399.240,365.5,1354.9,True,True
1784691400.643,366.9,1302.9,True,True
1784691402.000,368.2,1257.0,True,True
1784691402.128,368.4,27.8,False,True
1784691403.422,369.7,1193.9,True,True
1784691403.528,369.8,5.3,False,True
1784691405.350,371.6,1721.9,True,True
1784691406.687,372.9,1235.8,True,True
1784691408.112,374.4,1325.8,True,True
1784691409.684,375.9,1471.1,True,True
1784691411.044,377.3,1260.4,True,True
1784691411.150,377.4,5.6,False,True
1784691411.274,377.5,23.3,False,True
1784691412.734,379.0,1359.2,True,True
1784691414.596,380.8,1761.7,True,True
1784691416.031,382.3,1335.2,True,True
1784691417.461,383.7,1330.0,True,True
1784691418.925,385.2,1363.7,True,True
1784691420.280,386.5,1254.1,True,True
1784691421.763,388.0,1382.4,True,True
1784691423.646,389.9,1783.3,True,True
1784691425.127,391.4,1380.2,True,True
1784691426.531,392.8,1303.9,True,True
1784691427.847,394.1,1215.5,True,True
1784691429.754,396.0,1807.1,True,True
1784691431.130,397.4,1275.8,True,True
1784691432.613,398.9,1382.3,True,True
1784691434.128,400.4,1414.6,True,True
1784691434.234,400.5,5.4,False,True
1784691436.096,402.3,1762.0,True,True
1784691437.589,403.8,1393.4,True,True
1784691437.695,403.9,5.2,False,True
1784691437.800,404.0,5.1,False,True
1784691437.906,404.2,5.3,False,True
1784691439.283,405.5,1276.8,True,True
1784691440.674,406.9,1290.7,True,True
1784691442.528,408.8,1753.2,True,True
1784691443.916,410.2,1287.6,True,True
1784691445.366,411.6,1350.3,True,True
1784691445.473,411.7,5.9,False,True
1784691445.578,411.8,5.2,False,True
1784691447.454,413.7,1776.1,True,True
1784691448.987,415.2,1432.3,True,True
1784691449.092,415.3,4.8,False,True
1784691450.492,416.7,1299.7,True,True
1784691451.957,418.2,1364.5,True,True
1784691452.063,418.3,5.8,False,True
1784691453.404,419.6,1241.2,True,True
1784691454.864,421.1,1359.2,True,True
1784691454.978,421.2,14.0,False,True
1784691456.967,423.2,1888.3,True,True
1784691457.072,423.3,5.1,False,True
1784691457.177,423.4,5.0,False,True
1784691458.562,424.8,1284.7,True,True
1784691459.948,426.2,1285.2,True,True
1784691461.374,427.6,1326.0,True,True
1784691462.722,429.0,1248.1,True,True
1784691464.679,430.9,1856.2,True,True
1784691465.999,432.2,1220.0,True,True
1784691467.400,433.6,1300.7,True,True
1784691467.506,433.8,5.5,False,True
1784691469.459,435.7,1852.8,True,True
1784691470.848,437.1,1288.3,True,True
1784691470.969,437.2,21.1,False,True
1784691471.074,437.3,5.2,False,True
1784691473.011,439.3,1836.4,True,True
1784691474.436,440.7,1325.5,True,True
1784691475.814,442.1,1277.2,True,True
1784691475.920,442.2,5.5,False,True
1784691477.352,443.6,1331.5,True,True
1784691478.787,445.0,1334.8,True,True
1784691478.892,445.1,5.0,False,True
1784691480.246,446.5,1254.1,True,True
1784691481.748,448.0,1401.4,True,True
1784691483.189,449.4,1341.0,True,True
1784691484.614,450.9,1323.8,True,True
1784691485.926,452.2,1212.4,True,True
1784691487.288,453.5,1261.5,True,True
1784691488.679,454.9,1290.2,True,True
1784691490.118,456.4,1339.5,True,True
1784691491.606,457.9,1387.9,True,True
1784691492.922,459.2,1215.7,True,True
1784691494.388,460.6,1365.3,True,True
1784691495.875,462.1,1386.5,True,True
1784691497.436,463.7,1460.7,True,True
1784691498.841,465.1,1304.8,True,True
1784691498.946,465.2,5.1,False,True
1784691499.052,465.3,5.4,False,True
1784691500.416,466.7,1264.0,True,True
1784691501.902,468.1,1385.6,True,True
1784691502.007,468.3,5.1,False,True
1784691503.428,469.7,1319.7,True,True
1784691504.746,471.0,1218.3,True,True
1784691506.237,472.5,1390.4,True,True
1784691507.694,473.9,1356.8,True,True
1784691509.272,475.5,1477.7,True,True
1784691510.749,477.0,1376.8,True,True
1784691512.220,478.5,1370.5,True,True
1784691512.325,478.6,5.3,False,True
1784691513.781,480.0,1355.5,True,True
1784691515.712,482.0,1830.7,True,True
1784691517.202,483.4,1388.9,True,True
1784691518.637,484.9,1335.6,True,True
1784691520.075,486.3,1337.2,True,True
1784691521.860,488.1,1685.0,True,True
1784691523.284,489.5,1324.2,True,True
1784691524.686,490.9,1302.0,True,True
1784691526.119,492.4,1332.1,True,True
1784691527.452,493.7,1232.9,True,True
1784691528.856,495.1,1303.6,True,True
1784691530.212,496.5,1255.7,True,True
1784691531.632,497.9,1320.0,True,True
1784691533.101,499.3,1368.6,True,True
1784691534.539,500.8,1337.6,True,True
1784691539.642,505.9,5003.0,False,True
1784691539.803,506.0,60.7,True,False
1784691539.963,506.2,59.5,True,False
1784691540.122,506.4,59.0,True,False
1784691540.282,506.5,59.5,True,False
1784691540.442,506.7,60.1,True,False
1784691540.616,506.9,73.0,True,False
1784691540.786,507.0,70.2,True,False
1784691540.957,507.2,71.1,True,False
1784691541.064,507.3,6.1,False,True
1784691541.224,507.5,59.9,True,False
1784691541.330,507.6,5.7,False,True
1784691541.438,507.7,7.1,False,True
1784691541.544,507.8,6.1,False,True
1784691541.704,507.9,59.5,True,False
1784691541.864,508.1,59.4,True,False
1784691542.023,508.3,59.4,True,False
1784691542.185,508.4,61.3,True,False
1784691542.344,508.6,59.3,True,False
1784691542.504,508.7,59.4,True,False
1784691542.679,508.9,74.4,True,False
1784691542.850,509.1,70.9,True,False
1784691542.956,509.2,5.6,False,True
1784691543.116,509.4,59.6,True,False
1784691543.276,509.5,59.8,True,False
1784691543.436,509.7,59.7,True,False
1784691543.597,509.8,60.4,True,False
1784691543.703,509.9,5.9,False,True
1784691543.862,510.1,58.9,True,False
1784691544.023,510.3,60.2,True,False
1784691544.183,510.4,60.2,True,False
1784691544.343,510.6,59.8,True,False
1784691544.451,510.7,7.0,False,True
1784691544.611,510.9,60.5,True,False
1784691544.772,511.0,60.7,True,False
1784691544.947,511.2,73.9,True,False
1784691545.108,511.4,61.1,True,False
1784691545.288,511.5,79.2,True,False
1784691545.394,511.6,6.4,False,True
1784691545.555,511.8,60.3,True,False
1784691545.715,512.0,59.9,True,False
1784691545.821,512.1,5.9,False,True
1784691545.927,512.2,5.4,False,True
1784691546.087,512.3,59.8,True,False
1784691546.265,512.5,77.7,True,False
1784691546.425,512.7,59.1,True,False
1784691546.583,512.8,58.7,True,False
1784691546.689,512.9,5.1,False,True
1784691547.298,513.5,509.2,True,True
1784691547.457,513.7,58.6,True,False
1784691548.066,514.3,508.3,True,True
1784691548.171,514.4,5.4,False,True
1784691548.330,514.6,59.1,True,False
1784691548.436,514.7,5.2,False,True
1784691548.541,514.8,5.5,False,True
1784691548.647,514.9,5.1,False,True
1784691549.256,515.5,508.9,True,True
1784691549.415,515.7,59.0,True,False
1784691549.521,515.8,5.2,False,True
1784691550.130,516.4,508.6,True,True
1784691550.302,516.5,71.3,True,False
1784691550.407,516.7,5.5,False,True
1784691551.016,517.3,508.8,True,True
1784691551.184,517.4,67.7,True,False
1784691551.793,518.0,508.5,True,True
1784691551.953,518.2,59.6,True,False
1784691552.058,518.3,5.5,False,True
1784691552.217,518.5,58.7,True,False
1784691552.376,518.6,58.6,True,False
1784691552.536,518.8,59.1,True,False
1784691552.694,518.9,58.5,True,False
1784691552.854,519.1,59.1,True,False
1784691552.959,519.2,5.0,False,True
1784691553.065,519.3,5.2,False,True
1784691553.224,519.5,58.8,True,False
1784691553.844,520.1,519.5,True,True
1784691554.002,520.2,58.3,True,False
1784691554.611,520.9,508.7,True,True
1784691554.733,521.0,21.7,False,True
1784691554.892,521.1,59.3,True,False
1784691555.052,521.3,59.6,True,False
1784691555.212,521.5,59.4,True,False
1784691555.371,521.6,58.8,True,False
1784691555.531,521.8,59.5,True,False
1784691555.690,521.9,59.2,True,False
1784691555.796,522.0,5.6,False,True
1784691555.924,522.2,27.2,False,True
1784691556.083,522.3,59.5,True,False
1784691556.243,522.5,59.2,True,False
1784691556.403,522.6,59.3,True,False
1784691557.013,523.3,509.2,True,True
1784691557.182,523.4,69.0,True,False
1784691557.354,523.6,71.8,True,False
1784691557.514,523.8,59.1,True,False
1784691557.619,523.9,5.3,False,True
1784691557.778,524.0,58.7,True,False
1784691557.884,524.1,5.6,False,True
1784691558.493,524.7,509.0,True,True
1784691558.653,524.9,59.5,True,False
1784691558.814,525.1,60.0,True,False
1784691558.973,525.2,59.2,True,False
1784691559.079,525.3,5.4,False,True
1784691559.185,525.4,5.9,False,True
1784691559.345,525.6,59.5,True,False
1784691559.450,525.7,5.4,False,True
1784691559.610,525.9,59.1,True,False
1784691559.716,526.0,5.8,False,True
1784691559.821,526.1,5.3,False,True
1784691560.445,526.7,523.9,True,True
1784691560.605,526.8,59.3,True,False
1784691560.711,527.0,5.6,False,True
1784691560.870,527.1,59.2,True,False
1784691561.030,527.3,58.9,True,False
1784691561.149,527.4,19.3,False,True
1784691561.758,528.0,509.1,True,True
1784691561.918,528.2,59.0,True,False
1784691562.078,528.3,59.7,True,False
1784691562.238,528.5,60.1,True,False
1784691562.398,528.6,59.8,True,False
1784691563.007,529.3,508.4,True,True
1784691563.166,529.4,58.9,True,False
1784691563.325,529.6,59.0,True,False
1784691563.485,529.7,59.7,True,False
1784691563.644,529.9,58.6,True,False
1784691564.254,530.5,509.4,True,True
1784691564.414,530.7,59.8,True,False
1784691564.520,530.8,5.7,False,True
1784691565.130,531.4,509.2,True,True
1784691565.251,531.5,20.9,False,True
1784691565.409,531.7,58.5,True,False
1784691565.569,531.8,59.2,True,False
1784691565.730,532.0,60.6,True,False
1784691566.339,532.6,509.0,True,True
1784691566.499,532.7,59.2,True,False
1784691566.680,532.9,80.9,True,False
1784691566.786,533.0,5.6,False,True
1784691567.396,533.6,508.9,True,True
1784691567.555,533.8,59.0,True,False
1784691568.164,534.4,509.1,True,True
1784691568.324,534.6,59.0,True,False
1784691568.933,535.2,508.9,True,True
1784691569.112,535.4,78.1,True,False
1784691569.218,535.5,5.6,False,True
1784691569.377,535.6,58.7,True,False
1784691569.536,535.8,58.6,True,False
1784691569.641,535.9,4.8,False,True
1784691569.746,536.0,5.3,False,True
1784691570.356,536.6,509.1,True,True
1784691570.516,536.8,59.3,True,False
1784691570.675,536.9,59.3,True,False
1784691571.284,537.5,508.6,True,True
1784691571.392,537.6,7.4,False,True
1784691571.551,537.8,59.3,True,False
1784691571.657,537.9,5.1,False,True
1784691571.816,538.1,58.9,True,False
1784691571.989,538.2,72.9,True,False
1784691572.149,538.4,58.7,True,False
1784691572.254,538.5,5.0,False,True
1784691572.413,538.7,59.2,True,False
1784691572.572,538.8,58.6,True,False
1784691572.678,538.9,5.7,False,True
1784691572.837,539.1,58.8,True,False
1784691572.996,539.2,58.5,True,False
1784691573.101,539.3,5.0,False,True
1784691573.710,540.0,508.7,True,True
1784691573.816,540.1,5.4,False,True
1784691573.975,540.2,58.8,True,False
1784691574.134,540.4,58.2,True,False
1784691574.292,540.5,58.6,True,False
1784691574.452,540.7,59.1,True,False
1784691574.611,540.9,58.9,True,False
1784691574.770,541.0,59.0,True,False
1784691574.929,541.2,58.5,True,False
1784691575.088,541.3,58.5,True,False
1784691575.246,541.5,57.9,True,False
1784691575.351,541.6,5.2,False,True
1784691575.510,541.8,58.5,True,False
1784691575.615,541.9,5.6,False,True
1784691575.775,542.0,58.9,True,False
1784691576.384,542.6,509.1,True,True
1784691576.544,542.8,59.1,True,False
1784691577.153,543.4,508.9,True,True
1784691577.333,543.6,79.6,True,False
1784691577.493,543.7,59.5,True,False
1784691577.651,543.9,58.4,True,False
1784691577.810,544.1,58.4,True,False
1784691577.969,544.2,58.4,True,False
1784691578.128,544.4,58.6,True,False
1784691578.287,544.5,59.4,True,False
1784691578.446,544.7,58.4,True,False
1784691579.055,545.3,508.5,True,True
1784691579.214,545.5,58.7,True,False
1784691579.823,546.1,508.6,True,True
1784691579.995,546.2,72.0,True,False
1784691580.604,546.8,508.7,True,True
1784691580.710,547.0,5.3,False,True
1784691580.815,547.1,5.2,False,True
1784691580.974,547.2,58.6,True,False
1784691581.080,547.3,5.1,False,True
1784691581.239,547.5,59.0,True,False
1784691581.398,547.6,58.8,True,False
1784691581.505,547.7,5.9,False,True
1784691581.680,547.9,75.2,True,False
1784691581.786,548.0,5.5,False,True
1784691581.891,548.1,5.2,False,True
1784691582.050,548.3,58.6,True,False
1784691582.660,548.9,509.4,True,True
1784691582.819,549.1,58.9,True,False
1784691583.429,549.7,509.5,True,True
1784691583.602,549.8,72.1,True,False
1784691583.707,550.0,5.1,False,True
1784691583.866,550.1,59.0,True,False
1784691584.034,550.3,66.9,True,False
1784691584.192,550.4,58.4,True,False
1784691584.351,550.6,58.2,True,False
1784691584.510,550.8,58.5,True,False
1784691584.616,550.9,5.3,False,True
1784691585.245,551.5,529.0,True,True
1784691585.416,551.7,70.9,True,False
1784691585.522,551.8,5.4,False,True
1784691586.131,552.4,508.6,True,True
1784691586.236,552.5,5.1,False,True
1784691586.395,552.6,58.7,True,False
1784691586.500,552.7,5.0,False,True
1784691586.606,552.9,5.2,False,True
1784691586.712,553.0,5.8,False,True
1784691586.818,553.1,5.7,False,True
1784691586.977,553.2,59.0,True,False
1784691587.136,553.4,58.3,True,False
1784691587.295,553.5,58.5,True,False
1784691587.454,553.7,58.6,True,False
1784691587.559,553.8,5.0,False,True
1784691587.717,554.0,58.5,True,False
1784691588.326,554.6,508.7,True,True
1784691588.486,554.7,58.8,True,False
1784691588.644,554.9,58.4,True,False
1784691588.804,555.0,59.0,True,False
1784691588.963,555.2,58.6,True,False
1784691589.068,555.3,5.1,False,True
1784691589.228,555.5,59.4,True,False
1784691589.387,555.6,58.8,True,False
1784691589.492,555.7,4.9,False,True
1784691590.102,556.3,509.1,True,True
1784691590.208,556.5,5.5,False,True
1784691590.366,556.6,58.8,True,False
1784691590.974,557.2,507.8,True,True
1784691591.134,557.4,59.0,True,False
1784691591.293,557.5,58.8,True,False
1784691591.452,557.7,58.5,True,False
1784691591.558,557.8,5.6,False,True
1784691591.663,557.9,5.3,False,True
1784691591.770,558.0,6.0,False,True
1784691591.929,558.2,59.2,True,False
1784691592.090,558.3,60.0,True,False
1784691592.699,558.9,509.1,True,True
1784691592.858,559.1,58.6,True,False
1784691593.467,559.7,509.0,True,True
1784691593.626,559.9,58.9,True,False
1784691593.785,560.0,58.9,True,False
1784691593.891,560.1,5.2,False,True
1784691593.995,560.2,4.9,False,True
1784691594.604,560.8,508.2,True,True
1784691594.763,561.0,58.9,True,False
1784691594.923,561.2,59.2,True,False
1784691595.081,561.3,58.2,True,False
1784691595.691,561.9,508.9,True,True
1784691595.850,562.1,59.0,True,False
1784691595.957,562.2,6.2,False,True
1784691596.565,562.8,508.1,False,True
1784691596.744,563.0,78.6,False,True
1784691596.902,563.1,58.4,False,True
1784691597.070,563.3,67.7,False,True
1784691597.679,563.9,507.9,False,True
1784691597.837,564.1,57.9,False,True
1784691598.043,564.3,106.1,False,True
1784691598.149,564.4,5.3,False,True
1784691598.255,564.5,5.7,False,True
1784691598.360,564.6,5.3,False,True
1784691598.969,565.2,508.4,False,True
1784691599.577,565.8,508.0,False,True
1784691599.735,566.0,57.6,False,True
1784691599.895,566.1,59.2,False,True
1784691600.053,566.3,58.0,False,True
1784691600.211,566.5,57.6,False,True
1784691600.316,566.6,5.4,False,True
1784691600.422,566.7,5.3,False,True
1784691600.580,566.8,57.8,False,True
1784691602.745,569.0,2065.1,False,True
1784691603.915,570.2,1069.4,False,True
1784691604.074,570.3,58.3,False,True
1784691605.255,571.5,1081.3,False,True
1784691606.439,572.7,1083.7,False,True
1784691606.545,572.8,6.0,False,True
1784691608.704,574.9,2058.8,False,True
1784691609.342,575.6,537.5,False,True
1784691610.503,576.7,1060.4,False,True
1784691611.143,577.4,538.9,False,True
1784691612.775,579.0,1532.2,False,True
1784691612.880,579.1,5.4,False,True
1784691613.042,579.3,61.1,False,True
1784691614.215,580.5,1072.4,False,True
1784691615.399,581.6,1083.6,False,True
1784691615.504,581.7,5.1,False,True
1784691617.664,583.9,2060.2,False,True
1784691617.823,584.1,58.0,False,True
1784691618.987,585.2,1063.5,False,True
1784691619.144,585.4,57.4,False,True
1784691620.330,586.6,1085.7,False,True
1784691620.436,586.7,5.3,False,True
1784691621.607,587.9,1070.4,False,True
1784691622.791,589.0,1084.1,False,True
1784691623.974,590.2,1083.0,False,True
1784691624.142,590.4,67.3,False,True
1784691625.318,591.6,1076.2,False,True
1784691626.502,592.7,1083.7,False,True
1784691627.690,593.9,1087.6,False,True
1784691627.795,594.0,5.1,False,True
1784691628.966,595.2,1070.3,False,True
1784691629.125,595.4,58.5,False,True
1784691630.310,596.6,1084.8,False,True
1784691630.416,596.7,5.1,False,True
1784691631.590,597.8,1074.4,False,True
1784691632.774,599.0,1083.4,False,True
1784691633.962,600.2,1087.5,False,True
1784691634.141,600.4,79.5,False,True
1784691635.334,601.6,1092.3,False,True
1784691636.518,602.8,1083.6,False,True
1784691636.623,602.9,5.2,False,True
1784691637.798,604.0,1073.9,False,True
1784691638.982,605.2,1083.4,False,True
1784691639.141,605.4,59.1,False,True
1784691640.325,606.6,1084.2,False,True
1784691641.509,607.8,1083.6,False,True
1784691642.693,608.9,1083.4,False,True
1784691643.878,610.1,1084.0,False,True
1784691645.061,611.3,1083.5,False,True
1784691646.245,612.5,1083.6,False,True
1784691647.429,613.7,1083.7,False,True
1784691648.613,614.9,1083.8,False,True
1784691649.222,615.5,508.4,False,True
1784691649.327,615.6,5.2,False,True
1784691649.439,615.7,12.0,False,True
1784691650.629,616.9,1089.5,False,True
1784691651.817,618.1,1087.4,False,True
1784691653.977,620.2,2059.6,False,True
1784691654.083,620.3,5.8,False,True
1784691654.242,620.5,58.3,False,True
1784691655.429,621.7,1087.0,False,True
1784691656.617,622.9,1087.4,False,True
1784691657.797,624.0,1079.4,False,True
1784691658.405,624.7,508.1,False,True
1784691658.511,624.8,5.7,False,True
1784691660.671,626.9,2060.0,False,True
1784691661.280,627.5,508.6,False,True
1784691662.469,628.7,1089.1,True,True
1784691662.641,628.9,71.2,True,False
1784691662.800,629.0,58.9,True,False
1784691663.409,629.7,509.1,True,True
1784691663.540,629.8,30.3,False,True
1784691663.699,629.9,59.2,True,False
1784691663.858,630.1,58.5,True,False
1784691664.467,630.7,508.6,True,True
1784691664.646,630.9,79.2,True,False
1784691664.805,631.1,58.6,True,False
1784691664.963,631.2,58.2,True,False
1784691665.069,631.3,5.4,False,True
1784691665.228,631.5,58.8,True,False
1784691665.387,631.6,59.1,True,False
1784691665.546,631.8,59.2,True,False
1784691666.156,632.4,508.9,True,True
1784691666.314,632.6,58.5,True,False
1784691666.923,633.2,508.4,True,True
1784691667.082,633.3,58.1,True,False
1784691667.187,633.4,5.3,False,True
1784691667.346,633.6,58.6,True,False
1784691667.525,633.8,78.7,True,False
1784691667.684,633.9,58.8,True,False
1784691667.844,634.1,59.0,True,False
1784691668.467,634.7,522.9,True,True
1784691668.625,634.9,58.1,True,False
1784691669.234,635.5,508.8,True,True
1784691669.393,635.6,58.8,True,False
1784691670.002,636.2,508.6,True,True
1784691670.161,636.4,59.1,True,False
1784691670.320,636.6,58.8,True,False
1784691670.480,636.7,59.1,True,False
1784691670.594,636.8,14.5,False,True
1784691670.753,637.0,58.8,True,False
1784691670.859,637.1,5.0,False,True
1784691670.964,637.2,4.4,False,True
1784691671.123,637.4,59.4,True,False
1784691671.283,637.5,59.4,True,False
1784691671.442,637.7,58.9,True,False
1784691671.601,637.8,58.8,True,False
1784691671.707,638.0,5.4,False,True
1784691671.892,638.1,84.9,True,False
1784691672.051,638.3,58.7,True,False
1784691672.156,638.4,5.2,False,True
1784691672.316,638.6,59.2,True,False
1784691672.475,638.7,58.6,True,False
1784691672.580,638.8,5.3,False,True
1784691672.741,639.0,59.9,True,False
1784691672.899,639.1,58.5,True,False
1784691673.059,639.3,58.8,True,False
1784691673.668,639.9,508.8,True,True
1784691673.827,640.1,59.2,True,False
1784691673.987,640.2,59.2,True,False
1784691674.146,640.4,58.6,True,False
1784691674.305,640.6,58.8,True,False
1784691674.464,640.7,58.8,True,False
1784691674.623,640.9,58.8,True,False
1784691675.241,641.5,517.1,True,True
1784691675.400,641.6,59.1,True,False
1784691676.041,642.3,540.7,True,True
1784691676.156,642.4,15.1,False,True
1784691676.315,642.6,58.5,True,False
1784691676.940,643.2,525.2,True,True
1784691677.099,643.3,58.6,True,False
1784691677.224,643.5,24.3,False,True
1784691677.329,643.6,5.2,False,True
1784691677.488,643.7,58.9,True,False
1784691677.648,643.9,58.8,True,False
1784691677.840,644.1,92.2,True,False
1784691677.999,644.2,58.4,True,False
1784691678.159,644.4,59.5,True,False
1784691678.340,644.6,80.9,True,False
1784691678.499,644.7,58.1,True,False
1784691678.604,644.8,5.0,False,True
1784691679.241,645.5,536.1,True,True
1784691679.399,645.6,58.4,True,False
1784691680.008,646.3,508.8,True,True
1784691680.167,646.4,59.0,True,False
1784691680.273,646.5,5.3,False,True
1784691680.882,647.1,508.6,True,True
1784691681.053,647.3,71.5,True,False
1784691681.159,647.4,5.7,False,True
1784691681.331,647.6,71.2,True,False
1784691681.490,647.7,59.0,True,False
1784691681.649,647.9,58.7,True,False
1784691681.825,648.1,75.5,True,False
1784691681.993,648.2,68.2,True,False
1784691682.603,648.8,509.3,True,True
1784691682.762,649.0,58.9,True,False
1784691683.385,649.6,522.0,True,True
1784691683.544,649.8,58.7,True,False
1784691683.649,649.9,5.4,False,True
1784691684.258,650.5,508.4,True,True
1784691684.418,650.7,59.6,True,False
1784691684.577,650.8,58.7,True,False
1784691684.739,651.0,61.8,True,False
1784691684.898,651.1,58.3,True,False
1784691685.507,651.8,508.8,True,True
1784691685.666,651.9,59.1,True,False
1784691685.825,652.1,58.7,True,False
1784691685.984,652.2,58.9,True,False
1784691686.090,652.3,5.6,False,True
1784691686.700,652.9,509.1,True,True
1784691686.859,653.1,58.9,True,False
1784691687.490,653.7,530.8,True,True
1784691687.595,653.8,5.4,False,True
1784691687.754,654.0,58.6,True,False
1784691687.860,654.1,5.4,False,True
1784691687.966,654.2,5.1,False,True
1784691688.071,654.3,5.3,False,True
1784691688.240,654.5,69.0,True,False
1784691688.345,654.6,5.2,False,True
1784691688.954,655.2,508.4,True,True
1784691689.139,655.4,84.3,True,False
1784691689.748,656.0,508.7,True,True
1784691689.907,656.2,58.6,True,False
1784691690.091,656.3,84.2,True,False
1784691690.250,656.5,58.5,True,False
1784691690.860,657.1,509.4,True,True
1784691691.040,657.3,79.9,True,False
1784691691.147,657.4,6.4,False,True
1784691691.253,657.5,5.7,False,True
1784691691.412,657.7,59.1,True,False
1784691691.573,657.8,60.3,True,False
1784691691.739,658.0,65.6,True,False
1784691692.362,658.6,522.8,True,True
1784691692.540,658.8,77.1,True,False
1784691692.699,658.9,58.5,True,False
1784691692.804,659.0,5.3,False,True
1784691692.983,659.2,78.9,True,False
1784691693.142,659.4,58.6,True,False
1784691693.301,659.5,58.8,True,False
1784691693.460,659.7,58.5,True,False
1784691693.619,659.9,59.0,True,False
1784691693.778,660.0,58.5,True,False
1784691693.937,660.2,58.9,True,False
1784691694.546,660.8,508.6,True,True
1784691694.705,661.0,58.7,True,False
1784691694.864,661.1,58.4,True,False
1784691694.970,661.2,5.8,False,True
1784691695.148,661.4,77.6,True,False
1784691695.253,661.5,5.2,False,True
1784691695.412,661.7,58.7,True,False
1784691695.571,661.8,58.6,True,False
1784691695.740,662.0,68.2,True,False
1784691695.898,662.1,58.3,True,False
1784691696.004,662.2,5.0,False,True
1784691696.163,662.4,59.5,True,False
1784691696.340,662.6,76.0,True,False
1784691696.445,662.7,4.9,False,True
1784691696.551,662.8,5.6,False,True
1784691696.710,663.0,58.8,True,False
1784691696.868,663.1,58.4,True,False
1784691697.478,663.7,508.8,True,True
1784691697.640,663.9,61.5,True,False
1784691698.249,664.5,509.1,True,True
1784691698.408,664.7,59.1,True,False
1784691698.568,664.8,59.1,True,False
1784691698.746,665.0,77.8,True,False
1784691698.904,665.1,58.3,True,False
1784691699.063,665.3,58.5,True,False
1784691699.169,665.4,5.5,False,True
1784691699.341,665.6,72.0,True,False
1784691699.500,665.7,59.0,True,False
1784691699.660,665.9,58.8,True,False
1784691699.839,666.1,79.6,True,False
1784691699.998,666.2,58.6,True,False
1784691700.156,666.4,58.3,True,False
1784691700.315,666.6,58.0,True,False
1784691700.943,667.2,527.8,True,True
1784691701.101,667.3,58.3,True,False
1784691701.207,667.5,5.7,False,True
1784691701.839,668.1,531.7,True,True
1784691701.998,668.2,58.8,True,False
1784691702.104,668.3,5.1,False,True
1784691702.263,668.5,58.5,True,False
1784691702.368,668.6,4.9,False,True
1784691702.527,668.8,58.4,True,False
1784691702.685,668.9,58.6,True,False
1784691702.845,669.1,59.4,True,False
1784691703.006,669.3,60.5,True,False
1784691703.111,669.4,5.0,False,True
1784691703.270,669.5,58.7,True,False
1784691703.439,669.7,68.5,True,False
1784691703.545,669.8,5.4,False,True
1784691703.703,669.9,58.6,True,False
1784691703.862,670.1,58.7,True,False
1784691704.038,670.3,75.0,True,False
1784691704.143,670.4,5.3,False,True
1784691704.302,670.5,58.6,True,False
1784691704.462,670.7,58.6,True,False
1784691704.567,670.8,5.0,False,True
1784691704.672,670.9,5.0,False,True
1784691704.839,671.1,66.1,True,False
1784691704.997,671.2,58.3,True,False
1784691705.157,671.4,58.8,True,False
1784691705.316,671.6,58.8,True,False
1784691705.476,671.7,59.5,True,False
1784691705.639,671.9,62.8,True,False
1784691705.798,672.0,58.6,True,False
1784691705.956,672.2,57.9,True,False
1784691706.140,672.4,83.4,True,False
1784691706.299,672.5,58.8,True,False
1784691706.457,672.7,58.4,True,False
1784691706.616,672.9,58.6,True,False
1784691706.776,673.0,58.7,True,False
1784691706.937,673.2,61.3,True,False
1784691707.096,673.3,58.4,True,False
1784691707.255,673.5,58.5,True,False
1784691707.413,673.7,58.6,True,False
1784691707.519,673.8,5.3,False,True
1784691707.678,673.9,58.9,True,False
1784691707.839,674.1,60.2,True,False
1784691707.944,674.2,5.2,False,True
1784691708.050,674.3,5.6,False,True
1784691708.156,674.4,5.5,False,True
1784691708.262,674.5,5.5,False,True
1784691708.367,674.6,5.3,False,True
1784691708.473,674.7,5.1,False,True
1784691708.578,674.8,5.3,False,True
1784691709.187,675.4,508.6,True,True
1784691709.346,675.6,59.0,True,False
1784691709.505,675.8,58.4,True,False
1784691709.664,675.9,59.0,True,False
1784691709.770,676.0,5.5,False,True
1784691709.942,676.2,72.1,True,False
1784691710.102,676.3,58.9,True,False
1784691710.207,676.5,5.3,False,True
1784691710.839,677.1,532.0,True,True
1784691710.998,677.2,58.5,True,False
1784691711.103,677.3,5.1,False,True
1784691711.223,677.5,18.8,False,True
1784691711.382,677.6,58.8,True,False
1784691711.541,677.8,59.1,True,False
1784691711.646,677.9,4.5,False,True
1784691711.751,678.0,4.4,False,True
1784691711.856,678.1,5.0,False,True
1784691712.465,678.7,508.8,True,True
1784691712.638,678.9,73.3,True,False
1784691712.744,679.0,5.2,False,True
1784691712.902,679.1,58.4,True,False
1784691713.512,679.8,509.1,True,True
1784691713.685,679.9,72.9,True,False
1784691713.844,680.1,58.7,True,False
1784691714.002,680.2,58.7,True,False
1784691714.162,680.4,59.0,True,False
1784691714.267,680.5,5.5,False,True
1784691714.373,680.6,5.2,False,True
1784691714.982,681.2,508.7,True,True
1784691715.087,681.3,5.0,False,True
1784691715.246,681.5,58.6,True,False
1784691715.405,681.7,58.8,True,False
1784691716.024,682.3,518.8,True,True
1784691716.183,682.4,58.9,True,False
1784691716.343,682.6,59.3,True,False
1784691716.449,682.7,5.4,False,True
1784691716.607,682.9,58.4,True,False
1784691716.766,683.0,58.5,True,False
1784691716.926,683.2,59.0,True,False
1784691717.031,683.3,5.3,False,True
1784691717.190,683.4,58.9,True,False
1784691717.349,683.6,58.4,True,False
1784691717.507,683.8,58.2,True,False
1784691717.666,683.9,58.7,True,False
1784691717.845,684.1,78.8,True,False
1784691718.454,684.7,508.5,True,True
1784691718.613,684.9,58.5,True,False
1784691718.719,685.0,5.6,False,True
1784691718.838,685.1,18.8,False,True
1784691718.960,685.2,22.1,False,True
1784691719.119,685.4,59.2,True,False
1784691719.292,685.5,71.9,True,False
1784691719.450,685.7,58.3,True,False
1784691719.610,685.9,59.5,True,False
1784691719.787,686.0,76.4,True,False
1784691719.945,686.2,58.3,True,False
1784691720.104,686.3,58.7,True,False
1784691720.263,686.5,59.1,True,False
1784691720.423,686.7,59.2,True,False
1784691720.582,686.8,58.7,True,False
1784691720.760,687.0,77.9,True,False
1784691720.919,687.2,58.5,True,False
1784691721.077,687.3,58.3,True,False
1784691721.183,687.4,5.2,False,True
1784691721.792,688.0,509.0,True,True
1784691721.951,688.2,58.8,True,False
1784691722.110,688.4,58.3,True,False
1784691722.215,688.5,5.0,False,True
1784691722.388,688.6,73.0,True,False
1784691722.997,689.2,508.7,True,True
1784691723.156,689.4,59.1,True,False
1784691723.262,689.5,5.1,False,True
1784691723.871,690.1,508.4,True,True
1784691724.030,690.3,59.0,True,False
1784691724.210,690.5,80.1,True,False
1784691724.315,690.6,5.1,False,True
1784691724.435,690.7,19.5,False,True
1784691724.595,690.8,59.0,True,False
1784691725.204,691.4,509.1,True,True
1784691725.363,691.6,58.8,True,False
1784691725.468,691.7,5.1,False,True
1784691725.574,691.8,5.1,False,True
1784691726.183,692.4,509.0,True,True
1784691726.342,692.6,58.4,True,False
1784691726.501,692.7,58.7,True,False
1784691726.607,692.9,5.5,False,True
1784691726.766,693.0,58.5,True,False
1784691726.925,693.2,58.9,True,False
1784691727.084,693.3,58.3,True,False
1784691727.243,693.5,58.7,True,False
1784691727.402,693.6,58.8,True,False
1784691727.560,693.8,58.3,True,False
1784691727.719,694.0,58.3,True,False
1784691727.878,694.1,58.8,True,False
1784691727.983,694.2,5.2,False,True
1784691728.142,694.4,58.8,True,False
1784691728.302,694.5,59.5,True,False
1784691728.408,694.7,5.5,False,True
1784691728.527,694.8,18.4,False,True
1784691728.632,694.9,4.9,False,True
1784691728.813,695.1,81.2,True,False
1784691728.972,695.2,58.5,True,False
1784691729.131,695.4,58.7,True,False
1784691729.291,695.5,59.4,True,False
1784691729.452,695.7,60.6,True,False
1784691729.611,695.9,58.7,True,False
1784691729.770,696.0,58.8,True,False
1784691729.929,696.2,58.6,True,False
1784691730.088,696.3,58.7,True,False
1784691730.248,696.5,59.8,True,False
1784691730.408,696.7,60.0,True,False
1784691731.018,697.3,509.5,True,True
1784691731.177,697.4,58.5,True,False
1784691731.337,697.6,59.7,True,False
1784691731.496,697.7,58.5,True,False
1784691732.105,698.3,508.9,True,True
1784691732.264,698.5,58.7,True,False
1784691732.369,698.6,5.0,False,True
1784691732.475,698.7,5.7,False,True
1784691732.580,698.8,5.4,False,True
1784691732.686,698.9,5.3,False,True
1784691733.295,699.5,508.6,True,True
1784691733.455,699.7,59.1,True,False
1784691733.614,699.9,59.1,True,False
1784691733.773,700.0,58.7,True,False
1784691733.932,700.2,59.0,True,False
1784691734.091,700.3,58.7,True,False
1784691734.264,700.5,72.2,True,False
1784691734.423,700.7,58.8,True,False
1784691734.529,700.8,5.6,False,True
1784691735.137,701.4,508.6,True,True
1784691735.296,701.5,58.3,True,False
1784691735.905,702.2,508.6,True,True
1784691736.064,702.3,58.4,True,False
1784691736.673,702.9,509.2,True,True
1784691736.833,703.1,58.7,True,False
1784691736.938,703.2,5.6,False,True
1784691737.098,703.3,58.9,True,False
1784691737.257,703.5,59.5,True,False
1784691737.418,703.7,59.6,True,False
1784691737.578,703.8,59.7,True,False
1784691737.683,703.9,5.5,False,True
1784691737.789,704.0,5.1,False,True
1784691738.398,704.6,508.6,True,True
1784691738.557,704.8,59.1,True,False
1784691738.716,705.0,58.6,True,False
1784691739.326,705.6,509.2,True,True
1784691739.485,705.7,59.0,True,False
1784691739.590,705.8,5.1,False,True
1784691739.749,706.0,58.6,True,False
1784691739.909,706.2,59.6,True,False
1784691740.077,706.3,68.0,True,False
1784691740.236,706.5,58.4,True,False
1784691740.395,706.6,58.4,True,False
1784691740.554,706.8,58.7,True,False
1784691740.659,706.9,5.3,False,True
1784691741.269,707.5,509.3,True,True
1784691741.427,707.7,58.0,True,False
1784691742.036,708.3,508.7,True,True
1784691742.142,708.4,6.0,False,True
1784691742.301,708.5,59.0,True,False
1784691742.407,708.7,5.9,False,True
1784691743.017,709.3,509.5,True,True
1784691743.176,709.4,59.0,True,False
1784691743.282,709.5,5.4,False,True
1784691743.441,709.7,59.0,True,False
1784691743.601,709.8,59.2,True,False
1784691743.760,710.0,58.8,True,False
1784691743.865,710.1,5.4,False,True
1784691744.024,710.3,58.6,True,False
1784691744.195,710.4,70.5,True,False
1784691744.355,710.6,59.6,True,False
1784691744.515,710.8,59.3,True,False
1784691744.621,710.9,5.6,False,True
1784691744.780,711.0,59.1,True,False
1784691744.951,711.2,71.5,True,False
1784691745.070,711.3,18.2,False,True
1784691745.247,711.5,76.8,True,False
1784691745.419,711.7,71.6,True,False
1784691745.577,711.8,58.3,True,False
1784691745.737,712.0,59.3,True,False
1784691745.895,712.1,58.3,True,False
1784691746.067,712.3,71.6,True,False
1784691746.228,712.5,60.0,True,False
1784691746.407,712.7,79.2,True,False
1784691747.016,713.3,508.8,True,True
1784691747.122,713.4,5.1,False,True
1784691747.280,713.5,58.5,True,False
1784691747.439,713.7,58.6,True,False
1784691747.598,713.8,58.4,True,False
1784691748.207,714.5,508.9,True,True
1784691748.323,714.6,15.6,False,True
1784691748.482,714.7,58.8,True,False
1784691748.588,714.8,5.4,False,True
1784691748.747,715.0,58.9,True,False
1784691748.852,715.1,5.4,False,True
1784691749.011,715.3,58.4,True,False
1784691749.170,715.4,59.1,True,False
1784691749.276,715.5,5.1,False,True
1784691749.434,715.7,58.7,True,False
1784691749.612,715.9,77.7,True,False
1784691749.772,716.0,58.8,True,False
1784691749.932,716.2,59.5,True,False
1784691750.105,716.4,73.1,True,False
1784691750.264,716.5,58.2,True,False
1784691750.370,716.6,5.6,False,True
1784691750.529,716.8,59.1,True,False
1784691750.688,716.9,59.1,True,False
1784691750.848,717.1,59.0,True,False
1784691751.006,717.3,58.3,True,False
1784691751.166,717.4,59.4,True,False
1784691751.326,717.6,60.0,True,False
1784691751.935,718.2,508.8,True,True
1784691752.117,718.4,80.9,True,False
1784691752.223,718.5,5.6,False,True
1784691752.345,718.6,21.9,False,True
1784691752.450,718.7,5.3,False,True
1784691752.609,718.9,58.4,True,False
1784691752.768,719.0,59.0,True,False
1784691752.927,719.2,58.7,True,False
1784691753.086,719.3,58.3,True,False
1784691753.261,719.5,75.2,True,False
1784691753.367,719.6,5.6,False,True
1784691753.527,719.8,59.1,True,False
1784691753.633,719.9,5.0,False,True
1784691753.806,720.1,72.9,True,False
1784691753.911,720.2,5.3,False,True
1784691754.017,720.3,5.2,False,True
1784691754.141,720.4,24.7,False,True
1784691754.301,720.5,59.0,True,False
1784691754.459,720.7,58.6,True,False
1784691754.618,720.9,58.2,True,False
1784691754.777,721.0,58.9,True,False
1784691754.936,721.2,59.1,True,False
1784691755.095,721.3,58.2,True,False
1784691755.200,721.4,5.3,False,True
1784691755.306,721.6,5.2,False,True
1784691755.915,722.2,508.6,True,True
1784691756.083,722.3,68.3,True,False
1784691756.693,722.9,508.9,True,True
1784691756.851,723.1,58.6,True,False
1784691757.010,723.3,58.3,True,False
1784691757.169,723.4,58.6,True,False
1784691757.328,723.6,58.5,True,False
1784691757.486,723.7,58.4,True,False
1784691757.592,723.8,5.3,False,True
1784691757.769,724.0,76.6,True,False
1784691758.391,724.6,522.0,True,True
1784691758.551,724.8,60.0,True,False
1784691759.160,725.4,508.9,True,True
1784691759.319,725.6,58.4,True,False
1784691759.928,726.2,508.6,True,True
1784691760.109,726.4,80.1,True,False
1784691760.268,726.5,58.9,True,False
1784691760.876,727.1,508.7,True,True
1784691761.036,727.3,59.3,True,False
1784691761.645,727.9,508.9,True,True
1784691761.804,728.0,58.3,True,False
1784691762.413,728.7,508.8,True,True
1784691762.572,728.8,58.6,True,False
1784691763.181,729.4,508.4,True,True
1784691763.340,729.6,58.7,True,False
1784691763.949,730.2,509.2,True,True
1784691764.120,730.4,70.9,True,False
1784691764.729,731.0,508.3,True,True
1784691764.888,731.1,58.6,True,False
1784691765.047,731.3,58.7,True,False
1784691765.207,731.5,60.2,True,False
1784691765.313,731.6,5.3,False,True
1784691765.418,731.7,5.3,False,True
1784691765.577,731.8,58.8,True,False
1784691765.736,732.0,58.5,True,False
1784691765.842,732.1,5.3,False,True
1784691766.451,732.7,508.8,True,True
1784691766.610,732.9,59.1,True,False
1784691766.781,733.0,71.4,True,False
1784691767.391,733.6,509.6,True,True
1784691767.551,733.8,59.1,True,False
1784691767.657,733.9,6.2,False,True
1784691767.816,734.1,59.1,True,False
1784691767.922,734.2,5.1,False,True
1784691768.531,734.8,508.9,True,True
1784691768.691,734.9,58.9,True,False
1784691769.300,735.5,509.0,True,True
1784691769.459,735.7,58.6,True,False
1784691769.618,735.9,59.0,True,False
1784691769.723,736.0,5.2,False,True
1784691769.882,736.1,58.7,True,False
1784691770.043,736.3,59.8,True,False
1784691770.215,736.5,72.5,True,False
1784691770.374,736.6,58.3,True,False
1784691770.533,736.8,58.6,True,False
1784691770.691,736.9,58.5,True,False
1784691770.850,737.1,58.7,True,False
1784691771.460,737.7,509.1,True,True
1784691771.619,737.9,59.5,True,False
1784691772.229,738.5,509.2,True,True
1784691772.388,738.6,58.4,True,False
1784691772.997,739.2,509.1,True,True
1784691773.177,739.4,79.9,True,False
1784691773.336,739.6,58.4,True,False
1784691773.964,740.2,527.7,True,True
1784691774.123,740.4,58.5,True,False
1784691774.228,740.5,4.9,False,True
1784691774.837,741.1,508.9,True,True
1784691774.997,741.2,59.1,True,False
1784691775.156,741.4,58.5,True,False
1784691775.262,741.5,5.6,False,True
1784691775.420,741.7,58.5,True,False
1784691778.030,744.3,2509.7,False,True
1784691780.191,746.4,2060.4,False,True
1784691782.802,749.0,2510.4,False,True
1784691785.429,751.7,2526.9,False,True
1784691785.535,751.8,5.6,False,True
1784691787.708,754.0,2072.7,False,True
1784691787.866,754.1,58.0,False,True
1784691788.024,754.3,57.4,False,True
1784691788.182,754.4,57.9,False,True
1784691788.790,755.0,508.0,False,True
1784691789.398,755.6,507.5,False,True
1784691789.503,755.7,4.9,False,True
1784691789.662,755.9,57.9,False,True
1784691789.820,756.1,57.9,False,True
1784691789.978,756.2,57.8,False,True
1784691791.167,757.4,1088.1,False,True
1784691792.351,758.6,1084.0,False,True
1784691794.530,760.8,2079.5,False,True
1784691796.699,762.9,2068.7,False,True
1784691796.857,763.1,57.3,False,True
1784691797.465,763.7,508.0,False,True
1784691798.658,764.9,1092.9,False,True
1784691799.838,766.1,1079.6,False,True
1784691799.996,766.2,57.3,False,True
1784691801.182,767.4,1086.3,False,True
1784691801.288,767.5,5.6,False,True
1784691802.466,768.7,1077.3,False,True
1784691804.626,770.9,2060.0,False,True
1784691804.732,771.0,5.7,False,True
1784691804.890,771.1,57.6,False,True
1784691806.078,772.3,1087.4,False,True
1784691807.262,773.5,1082.8,False,True
1784691807.869,774.1,507.4,False,True
1784691809.054,775.3,1084.4,False,True
1784691810.238,776.5,1083.8,False,True
1784691810.344,776.6,5.3,False,True
1784691810.449,776.7,5.0,False,True
1784691811.057,777.3,507.9,False,True
1784691812.222,778.5,1064.0,False,True
1784691813.406,779.7,1083.7,False,True
1784691815.565,781.8,2059.5,False,True
1784691817.724,784.0,2058.7,False,True
1784691817.883,784.1,58.3,False,True
1784691819.069,785.3,1086.7,False,True
1784691820.253,786.5,1083.2,False,True
1784691821.441,787.7,1087.5,False,True
1784691822.621,788.9,1079.8,False,True
1784691822.726,789.0,5.1,False,True
1784691822.884,789.1,57.8,False,True
1784691824.061,790.3,1076.2,False,True
1784691826.221,792.5,2059.8,False,True
1784691826.379,792.6,57.8,False,True
1784691827.549,793.8,1069.6,False,True
1784691828.733,795.0,1083.5,False,True
1784691828.891,795.1,57.5,False,True
1784691828.996,795.2,5.2,False,True
1784691830.173,796.4,1076.4,False,True
1784691831.357,797.6,1084.0,False,True
1784691832.541,798.8,1083.0,False,True
1784691834.701,800.9,2060.2,False,True
1784691835.868,802.1,1067.4,False,True
1784691836.026,802.3,57.7,False,True
1784691837.213,803.5,1086.8,True,True
1784691837.373,803.6,59.0,True,False
1784691837.492,803.7,18.9,False,True
1784691838.101,804.3,508.6,True,True
1784691838.260,804.5,58.8,True,False
1784691839.229,805.5,868.7,True,True
1784691840.624,806.9,1295.1,True,True
1784691840.784,807.0,59.4,True,False
1784691840.942,807.2,58.6,True,False
1784691842.557,808.8,1514.3,True,True
1784691842.663,808.9,5.2,False,True
1784691842.822,809.1,59.2,True,False
1784691842.981,809.2,58.5,True,False
1784691843.344,809.6,262.7,True,True
1784691843.908,810.2,463.9,True,True
1784691844.013,810.3,5.0,False,True
1784691844.173,810.4,58.7,True,False
1784691845.341,811.6,1068.0,True,True
1784691845.447,811.7,5.6,False,True
1784691845.606,811.9,59.5,True,False
1784691845.712,812.0,5.2,False,True
1784691845.870,812.1,58.6,True,False
1784691846.029,812.3,59.0,True,False
1784691846.188,812.4,58.5,True,False
1784691846.314,812.6,25.7,False,True
1784691846.473,812.7,59.1,True,False
1784691846.632,812.9,58.2,True,False
1784691848.791,815.0,2058.7,False,True
1784691848.896,815.1,5.1,False,True
1784691849.002,815.2,5.4,False,True
1784691850.173,816.4,1070.4,True,True
1784691850.332,816.6,58.6,True,False
1784691850.692,816.9,260.0,True,True
1784691850.821,817.1,29.0,False,True
1784691852.982,819.2,2060.5,False,True
1784691853.088,819.3,5.1,False,True
1784691853.193,819.4,5.3,False,True
1784691853.299,819.5,5.4,False,True
1784691853.864,820.1,464.6,True,True
1784691854.023,820.3,58.6,True,False
1784691854.182,820.4,58.5,True,False
1784691854.341,820.6,58.6,True,False
1784691855.724,822.0,1282.7,True,True
1784691855.883,822.1,58.9,True,False
1784691855.989,822.2,5.6,False,True
1784691857.149,823.4,1059.7,True,True
1784691857.307,823.6,58.8,True,False
1784691857.935,824.2,527.6,True,True
1784691858.041,824.3,5.2,False,True
1784691858.209,824.5,68.1,True,False
1784691858.314,824.6,5.1,False,True
1784691858.420,824.7,5.5,False,True
1784691860.060,826.3,1539.7,True,True
1784691860.424,826.7,263.0,True,True
1784691860.529,826.8,5.0,False,True
1784691860.892,827.1,262.0,True,True
1784691860.997,827.2,5.5,False,True
1784691861.172,827.4,74.6,True,False
1784691861.278,827.5,5.8,False,True
1784691861.440,827.7,61.1,True,False
1784691863.068,829.3,1528.0,True,True
1784691863.227,829.5,58.8,True,False
1784691863.836,830.1,508.7,True,True
1784691865.020,831.3,1084.1,True,True
1784691865.125,831.4,5.0,False,True
1784691865.285,831.5,59.1,True,False
1784691865.894,832.1,508.9,True,True
1784691866.053,832.3,58.8,True,False
1784691866.159,832.4,6.0,False,True
1784691866.266,832.5,6.1,False,True
1784691866.425,832.7,59.0,True,False
1784691867.034,833.3,508.6,True,True
1784691867.193,833.4,58.8,True,False
1784691867.352,833.6,58.8,True,False
1784691867.961,834.2,508.6,True,True
1784691868.120,834.4,58.3,True,False
1784691868.729,835.0,509.1,True,True
1784691868.888,835.1,58.7,True,False
1784691869.046,835.3,58.4,True,False
1784691869.152,835.4,5.5,False,True
1784691869.258,835.5,5.3,False,True
1784691869.416,835.7,58.5,True,False
1784691870.025,836.3,508.4,True,True
1784691870.184,836.4,59.0,True,False
1784691870.344,836.6,59.3,True,False
1784691870.502,836.7,58.3,True,False
1784691870.662,836.9,59.0,True,False
1784691870.821,837.1,58.6,True,False
1784691870.999,837.2,78.0,True,False
1784691871.159,837.4,59.5,True,False
1784691871.318,837.6,59.2,True,False
1784691871.478,837.7,58.9,True,False
1784691871.636,837.9,58.3,True,False
1784691871.741,838.0,5.2,False,True
1784691872.351,838.6,508.9,True,True
1784691872.510,838.8,58.9,True,False
1784691872.670,838.9,59.3,True,False
1784691872.829,839.1,59.0,True,False
1784691872.934,839.2,5.4,False,True
1784691873.544,839.8,509.2,True,True
1784691873.703,839.9,58.7,True,False
1784691874.312,840.6,508.6,True,True
1784691874.471,840.7,58.7,True,False
1784691875.095,841.3,524.1,True,True
1784691875.201,841.4,5.7,False,True
1784691875.361,841.6,59.1,True,False
1784691875.970,842.2,509.5,True,True
1784691876.129,842.4,58.4,True,False
1784691876.288,842.5,58.9,True,False
1784691876.447,842.7,58.6,True,False
1784691876.606,842.9,58.7,True,False
1784691876.766,843.0,59.2,True,False
1784691876.925,843.2,58.7,True,False
1784691877.083,843.3,58.2,True,False
1784691877.266,843.5,82.0,True,False
1784691877.425,843.7,59.5,True,False
1784691877.585,843.8,58.8,True,False
1784691877.744,844.0,59.2,True,False
1784691877.850,844.1,5.1,False,True
1784691878.009,844.3,58.9,True,False
1784691878.168,844.4,59.5,True,False
1784691878.327,844.6,58.3,True,False
1784691878.936,845.2,508.9,True,True
1784691879.095,845.3,58.4,True,False
1784691879.254,845.5,59.3,True,False
1784691879.863,846.1,508.9,True,True
1784691880.022,846.3,58.6,True,False
1784691880.128,846.4,5.3,False,True
1784691880.737,847.0,509.0,True,True
1784691880.896,847.1,58.6,True,False
1784691881.505,847.7,508.6,True,True
1784691881.687,847.9,82.1,True,False
1784691881.846,848.1,58.7,True,False
1784691882.005,848.3,58.7,True,False
1784691882.615,848.9,509.9,True,True
1784691882.786,849.0,71.1,True,False
1784691883.396,849.6,509.3,True,True
1784691883.554,849.8,57.9,True,False
1784691884.163,850.4,508.7,True,True
1784691884.322,850.6,58.6,True,False
1784691884.481,850.7,58.6,True,False
1784691885.105,851.4,524.1,True,True
1784691885.265,851.5,59.8,True,False
1784691885.875,852.1,509.0,True,True
1784691886.033,852.3,58.1,True,False
1784691886.192,852.4,58.3,True,False
1784691886.351,852.6,59.3,True,False
1784691886.466,852.7,14.9,False,True
1784691886.625,852.9,58.2,True,False
1784691886.784,853.0,59.2,True,False
1784691886.943,853.2,58.7,True,False
1784691887.102,853.3,59.0,True,False
1784691887.207,853.5,5.5,False,True
1784691887.366,853.6,58.5,True,False
1784691887.525,853.8,58.2,True,False
1784691887.631,853.9,5.6,False,True
1784691887.806,854.1,74.4,True,False
1784691887.965,854.2,59.2,True,False
1784691888.124,854.4,58.2,True,False
1784691888.283,854.5,58.9,True,False
1784691888.443,854.7,59.5,True,False
1784691888.614,854.9,70.5,True,False
1784691888.773,855.0,58.4,True,False
1784691888.932,855.2,58.5,True,False
1784691889.091,855.3,59.4,True,False
1784691889.250,855.5,58.6,True,False
1784691889.410,855.7,59.1,True,False
1784691889.569,855.8,58.9,True,False
1784691889.728,856.0,58.5,True,False
1784691889.887,856.1,58.8,True,False
1784691890.046,856.3,58.7,True,False
1784691890.205,856.5,58.7,True,False
1784691890.364,856.6,59.2,True,False
1784691890.523,856.8,58.6,True,False
1784691890.682,856.9,58.7,True,False
1784691890.842,857.1,59.8,True,False
1784691891.022,857.3,79.5,True,False
1784691891.127,857.4,5.1,False,True
1784691891.286,857.5,58.5,True,False
1784691891.401,857.6,14.7,False,True
1784691892.010,858.3,508.7,True,True
1784691892.170,858.4,59.6,True,False
1784691892.330,858.6,58.9,True,False
1784691892.939,859.2,509.4,True,True
1784691893.045,859.3,5.4,False,True
1784691893.204,859.4,58.9,True,False
1784691893.363,859.6,58.5,True,False
1784691893.972,860.2,508.8,True,True
1784691894.131,860.4,58.8,True,False
1784691894.291,860.5,58.9,True,False
1784691894.449,860.7,58.3,True,False
1784691894.608,860.9,58.6,True,False
1784691894.767,861.0,58.6,True,False
1784691894.872,861.1,4.9,False,True
1784691895.030,861.3,58.5,True,False
1784691895.190,861.4,59.0,True,False
1784691895.349,861.6,58.6,True,False
1784691895.454,861.7,5.0,False,True
1784691896.063,862.3,508.8,True,True
1784691896.223,862.5,59.1,True,False
1784691896.853,863.1,530.0,True,True
1784691897.012,863.3,58.7,True,False
1784691897.117,863.4,5.3,False,True
1784691897.276,863.5,58.5,True,False
1784691897.382,863.6,5.6,False,True
1784691897.488,863.7,5.2,False,True
1784691897.646,863.9,58.5,True,False
1784691897.805,864.1,58.9,True,False
1784691897.964,864.2,58.5,True,False
1784691898.123,864.4,58.8,True,False
1784691898.283,864.5,59.2,True,False
1784691898.443,864.7,59.9,True,False
1784691898.602,864.8,58.5,True,False
1784691898.707,865.0,5.0,False,True
1784691898.866,865.1,58.5,True,False
1784691899.025,865.3,58.5,True,False
1784691899.185,865.4,59.5,True,False
1784691899.345,865.6,60.1,True,False
1784691899.451,865.7,5.7,False,True
1784691899.610,865.9,58.8,True,False
1784691899.785,866.0,74.9,True,False
1784691899.945,866.2,59.1,True,False
1784691900.103,866.3,58.6,True,False
1784691900.262,866.5,58.7,True,False
1784691900.871,867.1,508.6,True,True
1784691901.030,867.3,58.9,True,False
1784691901.640,867.9,508.9,True,True
1784691901.798,868.0,58.3,True,False
1784691901.957,868.2,58.7,True,False
1784691902.116,868.4,58.8,True,False
1784691902.221,868.5,5.1,False,True
1784691902.830,869.1,508.9,True,True
1784691902.989,869.2,58.4,True,False
1784691903.150,869.4,60.3,True,False
1784691903.759,870.0,509.0,True,True
1784691903.918,870.2,58.4,True,False
1784691904.527,870.8,508.6,True,True
1784691904.686,870.9,58.6,True,False
1784691904.791,871.0,5.3,False,True
1784691904.950,871.2,58.3,True,False
1784691905.108,871.4,58.5,True,False
1784691905.267,871.5,58.4,True,False
1784691905.444,871.7,76.3,True,False
1784691905.604,871.8,59.9,True,False
1784691905.764,872.0,59.8,True,False
1784691905.924,872.2,59.8,True,False
1784691906.084,872.3,59.9,True,False
1784691906.190,872.4,5.8,False,True
1784691906.360,872.6,69.7,True,False
1784691906.542,872.8,81.5,True,False
1784691906.711,873.0,68.1,True,False
1784691906.870,873.1,58.7,True,False
1784691907.029,873.3,59.3,True,False
1784691907.188,873.4,58.5,True,False
1784691907.797,874.0,508.5,True,True
1784691907.956,874.2,58.7,True,False
1784691908.566,874.8,509.1,True,True
1784691908.724,875.0,58.3,True,False
1784691908.884,875.1,59.9,True,False
1784691909.043,875.3,58.9,True,False
1784691909.203,875.4,58.8,True,False
1784691909.362,875.6,58.8,True,False
1784691909.522,875.8,60.1,True,False
1784691909.681,875.9,58.8,True,False
1784691909.840,876.1,58.8,True,False
1784691909.999,876.2,58.9,True,False
1784691910.159,876.4,59.2,True,False
1784691910.319,876.6,59.9,True,False
1784691910.929,877.2,509.8,True,True
1784691911.088,877.3,58.6,True,False
1784691911.697,877.9,509.0,True,True
1784691911.856,878.1,58.6,True,False
1784691912.465,878.7,508.9,True,True
1784691912.625,878.9,59.3,True,False
1784691912.785,879.0,59.3,True,False
1784691913.393,879.6,508.8,True,True
1784691913.552,879.8,58.6,True,False
1784691914.162,880.4,509.3,True,True
1784691914.335,880.6,73.5,True,False
1784691914.495,880.7,59.2,True,False
1784691914.654,880.9,58.7,True,False
1784691915.263,881.5,509.3,True,True
1784691915.423,881.7,58.9,True,False
1784691916.032,882.3,508.6,True,True
1784691916.137,882.4,5.5,False,True
1784691916.309,882.6,71.4,True,False
1784691916.467,882.7,58.5,True,False
1784691916.573,882.8,5.2,False,True
1784691916.732,883.0,58.7,True,False
1784691916.891,883.1,59.3,True,False
1784691917.050,883.3,58.4,True,False
1784691917.210,883.5,59.6,True,False
1784691917.369,883.6,58.5,True,False
1784691917.528,883.8,58.5,True,False
1784691917.687,883.9,58.5,True,False
1784691917.846,884.1,58.9,True,False
1784691918.004,884.2,58.2,True,False
1784691918.163,884.4,58.4,True,False
1784691918.322,884.6,58.2,True,False
1784691918.427,884.7,5.3,False,True
1784691918.587,884.8,59.3,True,False
1784691918.746,885.0,59.0,True,False
1784691918.906,885.2,59.0,True,False
1784691919.064,885.3,58.4,True,False
1784691919.183,885.4,18.6,False,True
1784691919.342,885.6,58.8,True,False
1784691919.517,885.8,74.4,True,False
1784691919.676,885.9,58.9,True,False
1784691919.836,886.1,58.8,True,False
1784691919.995,886.2,58.7,True,False
1784691920.153,886.4,58.4,True,False
1784691920.312,886.6,58.9,True,False
1784691920.418,886.7,5.6,False,True
1784691921.027,887.3,508.6,True,True
1784691921.205,887.4,77.1,True,False
1784691921.363,887.6,58.4,True,False
1784691921.523,887.8,58.9,True,False
1784691921.682,887.9,58.7,True,False
1784691921.841,888.1,59.2,True,False
1784691922.000,888.2,58.6,True,False
1784691922.106,888.4,5.3,False,True
1784691922.714,889.0,508.5,True,True
1784691922.833,889.1,18.0,False,True
1784691922.992,889.2,58.5,True,False
1784691923.097,889.3,4.9,False,True
1784691923.257,889.5,59.9,True,False
1784691923.866,890.1,508.9,True,True
1784691924.026,890.3,58.9,True,False
1784691924.184,890.4,58.1,True,False
1784691924.343,890.6,58.5,True,False
1784691924.502,890.7,58.7,True,False
1784691924.607,890.9,5.1,False,True
1784691924.713,891.0,5.5,False,True
1784691924.873,891.1,59.2,True,False
1784691925.032,891.3,58.5,True,False
1784691925.137,891.4,5.2,False,True
1784691925.297,891.5,59.1,True,False
1784691925.403,891.6,5.7,False,True
1784691925.508,891.8,5.3,False,True
1784691926.117,892.4,508.8,True,True
1784691926.276,892.5,58.7,True,False
1784691926.459,892.7,82.2,True,False
1784691926.618,892.9,58.8,True,False
1784691926.724,893.0,5.0,False,True
1784691926.883,893.1,59.3,True,False
1784691927.041,893.3,58.3,True,False
1784691927.200,893.4,58.5,True,False
1784691927.359,893.6,58.1,True,False
1784691927.518,893.8,59.0,True,False
1784691927.677,893.9,59.0,True,False
1784691927.837,894.1,58.7,True,False
1784691927.996,894.2,58.9,True,False
1784691928.155,894.4,58.6,True,False
1784691928.313,894.6,58.4,True,False
1784691928.473,894.7,59.2,True,False
1784691929.082,895.3,508.5,True,True
1784691929.241,895.5,58.7,True,False
1784691929.347,895.6,5.6,False,True
1784691929.506,895.8,59.1,True,False
1784691929.665,895.9,58.7,True,False
1784691929.843,896.1,77.7,True,False
1784691930.452,896.7,509.0,True,True
1784691930.611,896.9,58.6,True,False
1784691930.717,897.0,5.4,False,True
1784691930.823,897.1,5.6,False,True
1784691930.994,897.2,70.5,True,False
1784691931.603,897.8,508.6,True,True
1784691931.761,898.0,58.6,True,False
1784691932.370,898.6,508.7,True,True
1784691932.529,898.8,58.9,True,False
1784691932.689,898.9,59.1,True,False
1784691932.794,899.0,5.2,False,True
1784691932.899,899.1,5.3,False,True
1784691933.058,899.3,58.6,True,False
1784691933.217,899.5,58.9,True,False
1784691933.395,899.6,78.3,True,False
1784691933.555,899.8,58.6,True,False
1784691933.714,900.0,59.5,True,False
1784691933.873,900.1,58.9,True,False
1784691934.032,900.3,58.4,True,False
1784691934.138,900.4,5.3,False,True
1784691934.297,900.5,58.5,True,False
1784691934.455,900.7,58.5,True,False
1784691934.615,900.9,58.8,True,False
1784691934.774,901.0,58.7,True,False
1784691934.933,901.2,58.9,True,False
1784691935.092,901.3,58.8,True,False
1784691935.251,901.5,59.0,True,False
1784691935.411,901.7,59.2,True,False
1784691935.516,901.8,5.2,False,True
1784691935.621,901.9,5.1,False,True
1784691936.230,902.5,508.5,True,True
1784691936.335,902.6,5.2,False,True
1784691936.494,902.7,58.5,True,False
1784691937.125,903.4,529.9,True,True
1784691937.284,903.5,59.1,True,False
1784691937.390,903.6,5.1,False,True
1784691937.558,903.8,68.5,True,False
1784691937.664,903.9,5.0,False,True
1784691937.822,904.1,58.3,True,False
1784691937.981,904.2,58.6,True,False
1784691938.142,904.4,60.2,True,False
1784691938.301,904.5,59.5,True,False
1784691938.910,905.2,508.6,True,True
1784691939.069,905.3,58.9,True,False
1784691939.678,905.9,508.6,True,True
1784691939.837,906.1,58.3,True,False
1784691939.996,906.2,58.5,True,False
1784691940.155,906.4,59.0,True,False
1784691940.334,906.6,79.1,True,False
1784691940.506,906.8,71.7,True,False
1784691940.667,906.9,60.1,True,False
1784691940.772,907.0,5.2,False,True
1784691940.878,907.1,5.0,False,True
1784691941.035,907.3,57.1,True,False
1784691941.644,907.9,508.7,True,True
1784691941.820,908.1,75.5,True,False
1784691941.925,908.2,4.9,False,True
1784691942.031,908.3,5.7,False,True
1784691942.190,908.4,58.6,True,False
1784691942.295,908.5,5.2,False,True
1784691942.904,909.1,508.5,True,True
1784691943.063,909.3,58.5,True,False
1784691943.221,909.5,58.4,True,False
1784691943.380,909.6,58.3,True,False
1784691943.485,909.7,5.4,False,True
1784691943.644,909.9,58.7,True,False
1784691943.758,910.0,13.8,False,True
1784691943.937,910.2,77.8,True,False
1784691944.096,910.3,58.8,True,False
1784691944.705,911.0,508.9,True,True
1784691944.864,911.1,58.5,True,False
1784691945.023,911.3,59.1,True,False
1784691945.151,911.4,27.7,False,True
1784691945.310,911.6,58.6,True,False
1784691945.416,911.7,5.8,False,True
1784691945.522,911.8,4.9,False,True
1784691945.627,911.9,5.2,False,True
1784691945.732,912.0,5.2,False,True
1784691945.838,912.1,5.6,False,True
1784691945.998,912.2,59.5,True,False
1784691946.158,912.4,59.2,True,False
1784691946.766,913.0,508.1,True,True
1784691946.924,913.2,58.3,True,False
1784691947.031,913.3,6.2,False,True
1784691947.136,913.4,5.1,False,True
1784691947.295,913.5,58.9,True,False
1784691947.454,913.7,57.9,True,False
1784691947.612,913.9,58.4,True,False
1784691947.771,914.0,58.3,True,False
1784691947.929,914.2,58.5,True,False
1784691948.035,914.3,5.6,False,True
1784691948.141,914.4,5.1,False,True
1784691948.300,914.5,58.8,True,False
1784691948.459,914.7,58.9,True,False
1784691948.619,914.9,59.4,True,False
1784691948.778,915.0,58.4,True,False
1784691948.945,915.2,67.4,True,False
1784691949.050,915.3,5.1,False,True
1784691949.157,915.4,5.8,False,True
1784691949.766,916.0,509.0,True,True
1784691949.925,916.2,58.6,True,False
1784691950.084,916.3,58.6,True,False
1784691950.242,916.5,58.6,True,False
1784691950.401,916.6,58.7,True,False
1784691950.583,916.8,80.7,True,False
1784691950.742,917.0,59.1,True,False
1784691950.901,917.1,58.9,True,False
1784691951.061,917.3,59.5,True,False
1784691951.221,917.5,59.5,True,False
1784691951.380,917.6,59.1,True,False
1784691951.486,917.7,5.4,False,True
1784691951.591,917.8,4.7,False,True
1784691951.750,918.0,58.3,True,False
1784691952.358,918.6,508.4,True,True
1784691952.517,918.8,58.5,True,False
1784691952.676,918.9,58.7,True,False
1784691952.851,919.1,75.2,True,False
1784691953.010,919.3,58.6,True,False
1784691953.170,919.4,59.1,True,False
1784691953.779,920.0,509.2,True,True
1784691953.939,920.2,58.7,True,False
1784691954.098,920.3,59.3,True,False
1784691954.257,920.5,58.6,True,False
1784691954.866,921.1,508.7,True,True
1784691955.026,921.3,58.9,True,False
1784691955.635,921.9,508.7,True,True
1784691955.793,922.0,58.6,True,False
1784691955.899,922.1,5.2,False,True
1784691956.058,922.3,58.8,True,False
1784691956.218,922.5,59.7,True,False
1784691956.826,923.1,508.4,True,True
1784691956.985,923.2,58.5,True,False
1784691957.157,923.4,71.3,True,False
1784691957.316,923.6,58.9,True,False
1784691957.422,923.7,5.6,False,True
1784691957.581,923.8,58.2,True,False
1784691957.740,924.0,58.9,True,False
1784691957.846,924.1,5.0,False,True
1784691958.005,924.3,58.8,True,False
1784691958.164,924.4,58.6,True,False
1784691958.323,924.6,58.3,True,False
1784691958.482,924.7,58.7,True,False
1784691958.587,924.8,5.1,False,True
1784691958.746,925.0,58.7,True,False
1784691958.905,925.2,58.6,True,False
1784691959.514,925.8,509.0,True,True
1784691959.673,925.9,58.4,True,False
1784691959.831,926.1,58.2,True,False
1784691959.937,926.2,5.2,False,True
1784691960.043,926.3,5.4,False,True
1784691960.202,926.4,58.8,True,False
1784691960.361,926.6,58.6,True,False
1784691960.519,926.8,58.5,True,False
1784691960.678,926.9,58.8,True,False
1784691960.837,927.1,58.6,True,False
1784691960.943,927.2,5.4,False,True
1784691961.102,927.3,58.5,True,False
1784691961.261,927.5,59.5,True,False
1784691961.367,927.6,5.0,False,True
1784691961.976,928.2,509.1,True,True
1784691962.081,928.3,5.1,False,True
1784691962.187,928.4,5.0,False,True
1784691962.344,928.6,57.4,True,False
1784691962.953,929.2,508.7,True,True
1784691963.112,929.4,58.7,True,False
1784691963.218,929.5,6.0,False,True
1784691963.827,930.1,508.6,True,True
1784691963.986,930.2,58.5,True,False
1784691964.145,930.4,58.5,True,False
1784691964.304,930.5,58.7,True,False
1784691964.462,930.7,58.3,True,False
1784691964.622,930.9,58.9,True,False
1784691964.727,931.0,5.6,False,True
1784691964.887,931.1,58.7,True,False
1784691964.992,931.2,5.6,False,True
1784691965.151,931.4,58.6,True,False
1784691965.310,931.6,58.8,True,False
1784691965.470,931.7,59.3,True,False
1784691965.598,931.8,27.7,False,True
1784691966.207,932.5,508.6,True,True
1784691966.376,932.6,69.0,True,False
1784691966.535,932.8,58.9,True,False
1784691966.694,932.9,58.3,True,False
1784691966.853,933.1,58.9,True,False
1784691967.013,933.3,60.4,True,False
1784691967.173,933.4,59.2,True,False
1784691967.292,933.5,18.6,False,True
1784691967.451,933.7,59.0,True,False
1784691967.611,933.9,59.0,True,False
1784691967.770,934.0,58.8,True,False
1784691967.875,934.1,5.5,False,True
1784691968.034,934.3,58.3,True,False
1784691968.193,934.4,59.0,True,False
1784691968.352,934.6,58.8,True,False
1784691968.511,934.8,58.7,True,False
1784691968.687,934.9,76.5,True,False
1784691968.846,935.1,58.8,True,False
1784691969.005,935.3,58.4,True,False
1784691969.164,935.4,58.8,True,False
1784691969.322,935.6,58.5,True,False
1784691969.481,935.7,58.5,True,False
1784691969.640,935.9,58.8,True,False
1784691969.800,936.0,59.8,True,False
1784691970.410,936.7,509.4,True,True
1784691970.570,936.8,59.7,True,False
1784691970.730,937.0,60.0,True,False
1784691970.888,937.1,58.3,True,False
1784691971.047,937.3,58.4,True,False
1784691971.153,937.4,5.4,False,True
1784691971.313,937.6,59.4,True,False
1784691971.419,937.7,5.6,False,True
1784691971.524,937.8,5.3,False,True
1784691971.645,937.9,20.4,False,True
1784691971.803,938.0,58.6,True,False
1784691971.923,938.2,19.1,False,True
1784691972.029,938.3,5.6,False,True
1784691972.157,938.4,28.1,False,True
1784691972.283,938.5,25.1,False,True
1784691972.388,938.6,5.2,False,True
1784691972.547,938.8,58.8,True,False
1784691972.653,938.9,5.5,False,True
1784691972.759,939.0,5.3,False,True
1784691972.864,939.1,4.9,False,True
1784691972.970,939.2,5.1,False,True
1784691973.129,939.4,58.7,True,False
1784691973.234,939.5,5.3,False,True
1784691973.865,940.1,530.7,True,True
1784691974.025,940.3,59.0,True,False
1784691974.131,940.4,5.9,False,True
1784691974.289,940.5,58.4,True,False
1784691974.449,940.7,59.0,True,False
1784691974.608,940.9,59.0,True,False
1784691974.766,941.0,58.6,True,False
1784691974.926,941.2,59.0,True,False
1784691975.084,941.3,58.2,True,False
1784691975.243,941.5,59.0,True,False
1784691975.403,941.6,59.1,True,False
1784691975.561,941.8,58.8,True,False
1784691975.720,942.0,58.1,True,False
1784691975.901,942.1,81.0,True,False
1784691976.008,942.3,5.6,False,True
1784691976.113,942.4,5.5,False,True
1784691976.219,942.5,5.4,False,True
1784691976.379,942.6,59.0,True,False
1784691976.484,942.7,5.0,False,True
1784691976.589,942.8,5.3,False,True
1784691976.748,943.0,58.5,True,False
1784691976.907,943.2,58.6,True,False
1784691977.516,943.8,509.0,True,True
1784691977.676,943.9,58.9,True,False
1784691977.781,944.0,5.1,False,True
1784691977.940,944.2,58.4,True,False
1784691978.099,944.3,58.6,True,False
1784691978.260,944.5,59.5,True,False
1784691978.365,944.6,5.0,False,True
1784691978.974,945.2,509.1,True,True
1784691979.133,945.4,58.6,True,False
1784691979.239,945.5,5.4,False,True
1784691979.848,946.1,508.7,True,True
1784691980.026,946.3,78.6,True,False
1784691980.186,946.4,58.9,True,False
1784691980.355,946.6,68.6,True,False
1784691980.513,946.8,58.5,True,False
1784691980.672,946.9,58.7,True,False
1784691980.831,947.1,58.5,True,False
1784691981.440,947.7,509.3,True,True
1784691981.622,947.9,81.8,True,False
1784691982.231,948.5,508.4,True,True
1784691982.390,948.6,58.9,True,False
1784691982.515,948.8,24.5,False,True
1784691982.620,948.9,5.1,False,True
1784691982.780,949.0,59.5,True,False
1784691982.886,949.1,5.4,False,True
1784691983.045,949.3,58.7,True,False
1784691983.654,949.9,509.4,True,True
