ts,elapsed_s,latency_ms,ok,sla_violated
1784693024.658,0.1,96.7,True,False
1784693024.830,0.3,72.3,True,False
1784693025.013,0.5,82.4,True,False
1784693025.172,0.6,59.0,True,False
1784693025.331,0.8,59.2,True,False
1784693025.491,0.9,59.3,True,False
1784693025.651,1.1,59.6,True,False
1784693025.811,1.3,59.9,True,False
1784693025.973,1.4,61.5,True,False
1784693026.140,1.6,66.7,True,False
1784693026.316,1.8,74.9,True,False
1784693026.485,1.9,69.6,True,False
1784693026.645,2.1,59.5,True,False
1784693026.805,2.2,59.5,True,False
1784693026.965,2.4,59.3,True,False
1784693027.124,2.6,59.1,True,False
1784693027.283,2.7,58.9,True,False
1784693027.443,2.9,59.6,True,False
1784693027.603,3.0,60.3,True,False
1784693027.763,3.2,59.3,True,False
1784693027.923,3.4,59.5,True,False
1784693028.083,3.5,59.3,True,False
1784693028.242,3.7,59.1,True,False
1784693028.403,3.8,60.0,True,False
1784693028.562,4.0,59.3,True,False
1784693028.722,4.2,58.8,True,False
1784693028.881,4.3,59.4,True,False
1784693029.042,4.5,60.3,True,False
1784693029.212,4.7,70.0,True,False
1784693029.372,4.8,59.6,True,False
1784693029.532,5.0,59.3,True,False
1784693029.691,5.1,59.6,True,False
1784693029.850,5.3,58.6,True,False
1784693030.009,5.4,58.3,True,False
1784693030.187,5.6,78.2,True,False
1784693030.356,5.8,68.9,True,False
1784693030.516,6.0,59.5,True,False
1784693030.676,6.1,59.6,True,False
1784693030.851,6.3,74.1,True,False
1784693031.010,6.4,59.3,True,False
1784693031.170,6.6,59.6,True,False
1784693031.330,6.8,59.6,True,False
1784693031.489,6.9,58.6,True,False
1784693031.648,7.1,58.9,True,False
1784693031.808,7.2,59.2,True,False
1784693031.967,7.4,59.4,True,False
1784693032.148,7.6,79.5,True,False
1784693032.307,7.7,59.3,True,False
1784693032.467,7.9,59.8,True,False
1784693032.627,8.1,59.2,True,False
1784693032.785,8.2,58.6,True,False
1784693032.944,8.4,58.7,True,False
1784693033.104,8.5,59.0,True,False
1784693033.263,8.7,59.3,True,False
1784693033.423,8.9,59.5,True,False
1784693033.583,9.0,59.2,True,False
1784693033.743,9.2,59.7,True,False
1784693033.902,9.3,59.3,True,False
1784693034.062,9.5,59.3,True,False
1784693034.221,9.7,59.0,True,False
1784693034.381,9.8,59.7,True,False
1784693034.541,10.0,59.7,True,False
1784693034.700,10.1,59.2,True,False
1784693034.860,10.3,59.5,True,False
1784693035.020,10.5,59.1,True,False
1784693035.179,10.6,59.2,True,False
1784693035.337,10.8,57.3,True,False
1784693035.517,11.0,79.1,True,False
1784693035.688,11.1,71.1,True,False
1784693035.848,11.3,59.3,True,False
1784693036.007,11.4,59.1,True,False
1784693036.166,11.6,59.0,True,False
1784693036.325,11.8,58.9,True,False
1784693036.485,11.9,59.1,True,False
1784693036.644,12.1,59.4,True,False
1784693036.804,12.2,59.6,True,False
1784693036.963,12.4,59.2,True,False
1784693037.123,12.6,59.2,True,False
1784693037.282,12.7,59.0,True,False
1784693037.442,12.9,59.5,True,False
1784693037.601,13.0,59.3,True,False
1784693037.775,13.2,73.0,True,False
1784693037.934,13.4,59.1,True,False
1784693038.115,13.6,80.4,True,False
1784693038.274,13.7,59.2,True,False
1784693038.434,13.9,59.5,True,False
1784693038.594,14.0,59.5,True,False
1784693038.753,14.2,59.4,True,False
1784693038.913,14.4,59.4,True,False
1784693039.072,14.5,59.0,True,False
1784693039.233,14.7,59.7,True,False
1784693039.392,14.8,59.3,True,False
1784693039.553,15.0,59.7,True,False
1784693039.712,15.2,59.8,True,False
1784693039.872,15.3,59.3,True,False
1784693040.032,15.5,59.5,True,False
1784693040.209,15.6,77.0,True,False
1784693040.369,15.8,59.4,True,False
1784693040.549,16.0,79.5,True,False
1784693040.708,16.1,58.8,True,False
1784693040.867,16.3,59.5,True,False
1784693041.027,16.5,59.4,True,False
1784693041.202,16.6,74.4,True,False
1784693041.361,16.8,59.6,True,False
1784693041.541,17.0,80.1,True,False
1784693041.701,17.1,59.4,True,False
1784693041.861,17.3,59.5,True,False
1784693042.021,17.5,59.5,True,False
1784693042.181,17.6,59.4,True,False
1784693042.340,17.8,59.2,True,False
1784693042.500,17.9,59.7,True,False
1784693042.659,18.1,59.2,True,False
1784693042.819,18.3,59.1,True,False
1784693042.979,18.4,59.6,True,False
1784693043.139,18.6,59.5,True,False
1784693043.299,18.7,60.2,True,False
1784693043.458,18.9,59.2,True,False
1784693043.617,19.1,59.2,True,False
1784693043.777,19.2,59.6,True,False
1784693043.937,19.4,59.4,True,False
1784693044.097,19.5,59.6,True,False
1784693044.257,19.7,59.4,True,False
1784693044.417,19.9,59.6,True,False
1784693044.576,20.0,59.4,True,False
1784693044.736,20.2,59.6,True,False
1784693044.897,20.3,59.8,True,False
1784693045.056,20.5,59.3,True,False
1784693045.215,20.7,59.1,True,False
1784693045.375,20.8,59.5,True,False
1784693045.535,21.0,59.4,True,False
1784693045.695,21.1,59.5,True,False
1784693045.854,21.3,59.1,True,False
1784693046.014,21.5,59.5,True,False
1784693046.173,21.6,59.4,True,False
1784693046.333,21.8,59.4,True,False
1784693046.493,21.9,59.6,True,False
1784693046.652,22.1,59.0,True,False
1784693046.812,22.3,59.7,True,False
1784693046.990,22.4,78.5,True,False
1784693047.150,22.6,59.4,True,False
1784693047.309,22.7,59.1,True,False
1784693047.469,22.9,59.3,True,False
1784693047.629,23.1,59.4,True,False
1784693047.789,23.2,59.5,True,False
1784693047.949,23.4,59.5,True,False
1784693048.125,23.6,76.3,True,False
1784693048.294,23.7,68.6,True,False
1784693048.454,23.9,59.9,True,False
1784693048.614,24.1,59.3,True,False
1784693048.773,24.2,59.6,True,False
1784693048.933,24.4,59.4,True,False
1784693049.092,24.5,58.9,True,False
1784693049.252,24.7,59.6,True,False
1784693049.412,24.9,59.3,True,False
1784693049.573,25.0,60.6,True,False
1784693049.733,25.2,59.4,True,False
1784693049.892,25.3,59.0,True,False
1784693050.065,25.5,72.9,True,False
1784693050.225,25.7,59.3,True,False
1784693050.385,25.8,59.9,True,False
1784693050.545,26.0,59.8,True,False
1784693050.705,26.1,59.2,True,False
1784693050.865,26.3,59.7,True,False
1784693051.024,26.5,59.5,True,False
1784693051.184,26.6,59.2,True,False
1784693051.343,26.8,58.8,True,False
1784693051.502,26.9,59.2,True,False
1784693051.662,27.1,59.4,True,False
1784693051.822,27.3,59.5,True,False
1784693051.982,27.4,59.6,True,False
1784693052.160,27.6,77.5,True,False
1784693052.330,27.8,70.0,True,False
1784693052.490,27.9,59.7,True,False
1784693052.650,28.1,59.4,True,False
1784693052.810,28.2,59.6,True,False
1784693052.970,28.4,59.8,True,False
1784693053.130,28.6,59.7,True,False
1784693053.290,28.7,59.6,True,False
1784693053.450,28.9,60.2,True,False
1784693053.610,29.0,59.2,True,False
1784693053.769,29.2,59.3,True,False
1784693053.929,29.4,59.3,True,False
1784693054.088,29.5,59.7,True,False
1784693054.261,29.7,72.6,True,False
1784693054.421,29.9,59.5,True,False
1784693054.582,30.0,59.9,True,False
1784693054.741,30.2,59.4,True,False
1784693054.901,30.3,59.4,True,False
1784693055.060,30.5,59.3,True,False
1784693055.220,30.7,59.7,True,False
1784693055.380,30.8,59.8,True,False
1784693055.540,31.0,59.5,True,False
1784693055.700,31.1,60.1,True,False
1784693055.860,31.3,59.2,True,False
1784693056.019,31.5,59.3,True,False
1784693056.179,31.6,59.3,True,False
1784693056.339,31.8,59.5,True,False
1784693056.498,31.9,59.2,True,False
1784693056.657,32.1,58.8,True,False
1784693056.826,32.3,69.4,True,False
1784693056.986,32.4,59.4,True,False
1784693057.149,32.6,62.4,True,False
1784693057.311,32.8,61.8,True,False
1784693057.474,32.9,62.8,True,False
1784693057.634,33.1,59.5,True,False
1784693057.794,33.2,59.5,True,False
1784693057.954,33.4,59.2,True,False
1784693058.113,33.6,59.2,True,False
1784693058.272,33.7,58.7,True,False
1784693058.432,33.9,59.4,True,False
1784693058.591,34.0,59.0,True,False
1784693058.768,34.2,77.3,True,False
1784693058.928,34.4,59.6,True,False
1784693059.088,34.5,59.4,True,False
1784693059.247,34.7,59.3,True,False
1784693059.407,34.8,59.4,True,False
1784693059.567,35.0,59.8,True,False
1784693059.727,35.2,59.2,True,False
1784693059.886,35.3,59.2,True,False
1784693060.059,35.5,72.0,True,False
1784693060.218,35.7,59.1,True,False
1784693060.378,35.8,60.0,True,False
1784693060.557,36.0,78.4,True,False
1784693060.716,36.2,59.0,True,False
1784693060.876,36.3,59.6,True,False
1784693061.036,36.5,59.3,True,False
1784693061.196,36.6,59.7,True,False
1784693061.364,36.8,68.1,True,False
1784693061.523,37.0,59.4,True,False
1784693061.683,37.1,59.2,True,False
1784693061.843,37.3,59.5,True,False
1784693062.003,37.4,59.2,True,False
1784693062.162,37.6,59.2,True,False
1784693062.321,37.8,58.8,True,False
1784693062.481,37.9,59.4,True,False
1784693062.640,38.1,59.0,True,False
1784693062.799,38.2,59.4,True,False
1784693062.959,38.4,59.5,True,False
1784693063.118,38.6,58.8,True,False
1784693063.278,38.7,59.2,True,False
1784693063.438,38.9,59.3,True,False
1784693063.598,39.0,59.6,True,False
1784693063.758,39.2,59.5,True,False
1784693063.917,39.4,59.6,True,False
1784693064.077,39.5,59.2,True,False
1784693064.237,39.7,60.0,True,False
1784693064.397,39.8,60.0,True,False
1784693064.557,40.0,59.6,True,False
1784693064.717,40.2,59.0,True,False
1784693064.877,40.3,59.6,True,False
1784693065.037,40.5,59.3,True,False
1784693065.196,40.6,59.2,True,False
1784693065.379,40.8,81.8,True,False
1784693065.538,41.0,59.6,True,False
1784693065.698,41.1,59.6,True,False
1784693065.858,41.3,59.6,True,False
1784693066.018,41.5,59.6,True,False
1784693066.179,41.6,60.6,True,False
1784693066.358,41.8,78.3,True,False
1784693066.517,42.0,59.5,True,False
1784693066.677,42.1,59.4,True,False
1784693066.836,42.3,59.1,True,False
1784693066.996,42.4,59.6,True,False
1784693067.155,42.6,59.2,True,False
1784693067.315,42.8,59.3,True,False
1784693067.474,42.9,58.9,True,False
1784693067.634,43.1,59.4,True,False
1784693067.794,43.2,59.5,True,False
1784693067.954,43.4,60.1,True,False
1784693068.114,43.6,58.9,True,False
1784693068.273,43.7,59.1,True,False
1784693068.432,43.9,59.3,True,False
1784693068.615,44.1,82.5,True,False
1784693068.775,44.2,59.2,True,False
1784693068.934,44.4,59.3,True,False
1784693069.094,44.5,59.3,True,False
1784693069.254,44.7,59.7,True,False
1784693069.414,44.9,59.5,True,False
1784693069.573,45.0,59.2,True,False
1784693069.733,45.2,59.3,True,False
1784693069.893,45.3,60.0,True,False
1784693070.053,45.5,59.6,True,False
1784693070.213,45.7,59.6,True,False
1784693070.373,45.8,59.3,True,False
1784693070.532,46.0,59.5,True,False
1784693070.692,46.1,59.1,True,False
1784693070.851,46.3,59.6,True,False
1784693071.011,46.5,59.7,True,False
1784693071.171,46.6,59.4,True,False
1784693071.340,46.8,69.1,True,False
1784693071.500,46.9,59.5,True,False
1784693071.683,47.1,82.2,True,False
1784693071.843,47.3,59.9,True,False
1784693072.003,47.4,59.8,True,False
1784693072.163,47.6,59.9,True,False
1784693072.324,47.8,60.0,True,False
1784693072.484,47.9,59.6,True,False
1784693072.643,48.1,59.5,True,False
1784693072.803,48.2,59.2,True,False
1784693072.963,48.4,59.8,True,False
1784693073.131,48.6,68.0,True,False
1784693073.291,48.7,59.6,True,False
1784693073.451,48.9,59.7,True,False
1784693073.611,49.0,59.5,True,False
1784693073.770,49.2,59.1,True,False
1784693073.930,49.4,59.3,True,False
1784693074.089,49.5,58.9,True,False
1784693074.249,49.7,59.4,True,False
1784693074.409,49.8,59.4,True,False
1784693074.568,50.0,59.2,True,False
1784693074.727,50.2,59.0,True,False
1784693074.887,50.3,59.3,True,False
1784693075.047,50.5,59.4,True,False
1784693075.207,50.6,59.5,True,False
1784693075.383,50.8,75.8,True,False
1784693075.553,51.0,69.5,True,False
1784693075.712,51.2,59.1,True,False
1784693075.871,51.3,58.9,True,False
1784693076.031,51.5,59.3,True,False
1784693076.190,51.6,59.3,True,False
1784693076.350,51.8,59.4,True,False
1784693076.510,51.9,59.5,True,False
1784693076.670,52.1,59.2,True,False
1784693076.841,52.3,70.8,True,False
1784693077.002,52.4,61.0,True,False
1784693077.163,52.6,60.2,True,False
1784693077.323,52.8,59.3,True,False
1784693077.482,52.9,59.3,True,False
1784693077.661,53.1,78.5,True,False
1784693077.821,53.3,59.2,True,False
1784693077.979,53.4,58.5,True,False
1784693078.139,53.6,59.1,True,False
1784693078.298,53.7,58.5,True,False
1784693078.458,53.9,59.5,True,False
1784693078.618,54.1,59.5,True,False
1784693078.777,54.2,59.2,True,False
1784693078.937,54.4,59.4,True,False
1784693079.096,54.5,59.3,True,False
1784693079.256,54.7,59.7,True,False
1784693079.416,54.9,59.6,True,False
1784693079.575,55.0,59.5,True,False
1784693079.751,55.2,75.0,True,False
1784693079.910,55.3,59.2,True,False
1784693080.070,55.5,59.7,True,False
1784693080.230,55.7,59.1,True,False
1784693080.390,55.8,59.7,True,False
1784693080.550,56.0,59.4,True,False
1784693080.733,56.2,82.5,True,False
1784693080.894,56.3,60.9,True,False
1784693081.076,56.5,82.1,True,False
1784693081.236,56.7,59.1,True,False
1784693081.395,56.8,59.0,True,False
1784693081.555,57.0,59.3,True,False
1784693081.715,57.2,59.5,True,False
1784693081.874,57.3,59.3,True,False
1784693082.034,57.5,59.4,True,False
1784693082.194,57.6,59.5,True,False
1784693082.367,57.8,72.3,True,False
1784693082.526,58.0,59.1,True,False
1784693082.706,58.1,79.2,True,False
1784693082.865,58.3,59.2,True,False
1784693083.047,58.5,82.1,True,False
1784693083.207,58.6,59.5,True,False
1784693083.367,58.8,60.0,True,False
1784693083.527,59.0,59.4,True,False
1784693083.687,59.1,59.0,True,False
1784693083.847,59.3,59.5,True,False
1784693084.007,59.4,59.7,True,False
1784693084.176,59.6,69.5,True,False
1784693084.346,59.8,69.3,True,False
1784693084.505,59.9,59.2,True,False
1784693084.686,60.1,80.8,True,False
1784693084.846,60.3,59.6,True,False
1784693085.006,60.4,59.2,True,False
1784693085.166,60.6,60.1,True,False
1784693085.326,60.8,59.4,True,False
1784693085.486,60.9,59.7,True,False
1784693085.646,61.1,59.6,True,False
1784693085.805,61.2,59.5,True,False
1784693085.965,61.4,59.7,True,False
1784693086.125,61.6,59.1,True,False
1784693086.285,61.7,59.8,True,False
1784693086.445,61.9,59.8,True,False
1784693086.628,62.1,83.3,True,False
1784693086.788,62.2,59.4,True,False
1784693086.947,62.4,58.2,True,False
1784693087.556,63.0,509.1,True,True
1784693087.724,63.2,67.5,True,False
1784693088.334,63.8,509.9,True,True
1784693088.493,63.9,58.7,True,False
1784693089.102,64.5,509.4,True,True
1784693089.262,64.7,59.2,True,False
1784693089.422,64.9,60.0,True,False
1784693089.582,65.0,59.1,True,False
1784693089.741,65.2,58.9,True,False
1784693089.900,65.3,58.8,True,False
1784693090.060,65.5,59.4,True,False
1784693090.219,65.7,59.2,True,False
1784693090.379,65.8,59.0,True,False
1784693090.539,66.0,59.8,True,False
1784693090.699,66.1,59.6,True,False
1784693090.858,66.3,58.8,True,False
1784693091.467,66.9,509.6,True,True
1784693091.627,67.1,59.5,True,False
1784693091.787,67.2,59.2,True,False
1784693091.947,67.4,59.4,True,False
1784693092.107,67.5,59.9,True,False
1784693092.266,67.7,59.1,True,False
1784693092.426,67.9,59.5,True,False
1784693092.604,68.0,78.0,True,False
1784693093.214,68.7,509.2,True,True
1784693093.374,68.8,59.4,True,False
1784693093.983,69.4,509.6,True,True
1784693094.143,69.6,59.5,True,False
1784693094.753,70.2,509.8,True,True
1784693094.913,70.4,59.1,True,False
1784693095.084,70.5,70.8,True,False
1784693095.244,70.7,59.4,True,False
1784693095.854,71.3,509.7,True,True
1784693096.013,71.5,59.2,True,False
1784693096.173,71.6,59.3,True,False
1784693096.782,72.2,509.2,True,True
1784693096.942,72.4,59.4,True,False
1784693097.552,73.0,510.2,True,True
1784693097.711,73.2,59.1,True,False
1784693097.872,73.3,59.6,True,False
1784693098.032,73.5,59.6,True,False
1784693098.191,73.6,59.2,True,False
1784693098.351,73.8,60.3,True,False
1784693098.511,73.9,59.0,True,False
1784693098.670,74.1,59.4,True,False
1784693098.830,74.3,59.4,True,False
1784693098.989,74.4,59.0,True,False
1784693099.149,74.6,60.2,True,False
1784693099.327,74.8,77.3,True,False
1784693099.487,74.9,59.5,True,False
1784693099.646,75.1,59.3,True,False
1784693099.806,75.2,59.3,True,False
1784693099.966,75.4,59.5,True,False
1784693100.127,75.6,61.2,True,False
1784693100.287,75.7,59.6,True,False
1784693100.447,75.9,59.5,True,False
1784693100.606,76.0,58.9,True,False
1784693101.216,76.7,509.4,True,True
1784693101.375,76.8,58.7,True,False
1784693101.534,77.0,58.9,True,False
1784693102.145,77.6,510.6,True,True
1784693102.304,77.7,59.5,True,False
1784693102.913,78.4,508.7,True,True
1784693103.072,78.5,58.7,True,False
1784693103.683,79.1,509.9,True,True
1784693103.842,79.3,58.4,True,False
1784693104.003,79.4,60.6,True,False
1784693104.612,80.1,508.5,True,True
1784693104.770,80.2,58.4,True,False
1784693104.928,80.4,58.3,True,False
1784693105.087,80.5,58.3,True,False
1784693105.247,80.7,59.4,True,False
1784693105.407,80.8,59.4,True,False
1784693105.575,81.0,68.7,True,False
1784693105.735,81.2,59.2,True,False
1784693105.893,81.3,58.4,True,False
1784693106.052,81.5,58.0,True,False
1784693106.211,81.6,58.9,True,False
1784693106.370,81.8,58.5,True,False
1784693106.529,82.0,58.9,True,False
1784693106.688,82.1,58.3,True,False
1784693106.847,82.3,58.6,True,False
1784693107.455,82.9,508.5,True,True
1784693107.615,83.1,58.7,True,False
1784693108.224,83.7,508.7,True,True
1784693108.384,83.8,59.0,True,False
1784693108.992,84.4,508.5,True,True
1784693109.151,84.6,58.7,True,False
1784693109.311,84.7,59.5,True,False
1784693109.470,84.9,58.8,True,False
1784693110.079,85.5,508.8,True,True
1784693110.239,85.7,59.8,True,False
1784693110.849,86.3,509.3,True,True
1784693111.008,86.4,58.5,True,False
1784693111.616,87.1,508.2,True,True
1784693111.775,87.2,59.0,True,False
1784693111.935,87.4,59.1,True,False
1784693112.108,87.5,73.0,True,False
1784693112.267,87.7,58.4,True,False
1784693112.426,87.9,59.3,True,False
1784693112.585,88.0,59.0,True,False
1784693112.744,88.2,58.1,True,False
1784693112.903,88.3,58.4,True,False
1784693113.061,88.5,58.4,True,False
1784693113.220,88.7,58.5,True,False
1784693113.379,88.8,58.7,True,False
1784693113.538,89.0,59.0,True,False
1784693113.697,89.1,59.0,True,False
1784693113.856,89.3,58.4,True,False
1784693114.015,89.5,58.8,True,False
1784693114.624,90.1,508.8,True,True
1784693114.783,90.2,59.0,True,False
1784693114.943,90.4,59.2,True,False
1784693115.102,90.5,59.0,True,False
1784693115.262,90.7,59.1,True,False
1784693115.421,90.9,58.7,True,False
1784693115.580,91.0,58.9,True,False
1784693116.189,91.6,508.8,True,True
1784693116.348,91.8,59.3,True,False
1784693116.507,91.9,58.6,True,False
1784693116.666,92.1,58.7,True,False
1784693116.826,92.3,59.0,True,False
1784693116.984,92.4,58.4,True,False
1784693117.165,92.6,80.1,True,False
1784693117.324,92.8,58.8,True,False
1784693117.483,92.9,58.1,True,False
1784693117.642,93.1,58.6,True,False
1784693117.812,93.3,70.2,True,False
1784693117.972,93.4,59.7,True,False
1784693118.131,93.6,58.4,True,False
1784693118.290,93.7,58.6,True,False
1784693118.449,93.9,59.7,True,False
1784693118.608,94.0,58.6,True,False
1784693118.767,94.2,58.8,True,False
1784693118.927,94.4,59.0,True,False
1784693119.086,94.5,58.5,True,False
1784693119.245,94.7,58.7,True,False
1784693119.404,94.8,58.9,True,False
1784693119.563,95.0,58.5,True,False
1784693119.722,95.2,58.7,True,False
1784693119.880,95.3,58.3,True,False
1784693120.489,95.9,508.4,True,True
1784693120.648,96.1,58.4,True,False
1784693120.807,96.2,58.4,True,False
1784693120.966,96.4,58.8,True,False
1784693121.126,96.6,59.4,True,False
1784693121.294,96.7,67.7,True,False
1784693121.903,97.3,508.3,True,True
1784693122.062,97.5,58.4,True,False
1784693122.671,98.1,508.7,True,True
1784693122.838,98.3,66.7,True,False
1784693123.447,98.9,509.0,True,True
1784693123.606,99.0,58.8,True,False
1784693124.216,99.7,509.9,True,True
1784693124.375,99.8,59.1,True,False
1784693124.535,100.0,59.6,True,False
1784693125.144,100.6,508.8,True,True
1784693125.303,100.7,58.6,True,False
1784693125.912,101.4,508.9,True,True
1784693126.071,101.5,58.7,True,False
1784693126.681,102.1,509.6,True,True
1784693126.839,102.3,58.0,True,False
1784693127.448,102.9,508.4,True,True
1784693127.607,103.0,59.1,True,False
1784693127.766,103.2,58.7,True,False
1784693127.924,103.4,58.2,True,False
1784693128.083,103.5,58.6,True,False
1784693128.242,103.7,59.0,True,False
1784693128.401,103.8,58.8,True,False
1784693128.561,104.0,59.2,True,False
1784693128.720,104.2,58.7,True,False
1784693128.880,104.3,59.1,True,False
1784693129.039,104.5,58.8,True,False
1784693129.198,104.6,58.9,True,False
1784693129.358,104.8,59.6,True,False
1784693129.516,105.0,58.2,True,False
1784693129.675,105.1,58.3,True,False
1784693129.834,105.3,58.3,True,False
1784693129.992,105.4,58.3,True,False
1784693130.152,105.6,58.9,True,False
1784693130.310,105.7,58.6,True,False
1784693130.469,105.9,58.7,True,False
1784693130.628,106.1,58.7,True,False
1784693130.788,106.2,59.4,True,False
1784693130.958,106.4,69.7,True,False
1784693131.567,107.0,508.3,True,True
1784693131.750,107.2,83.4,True,False
1784693132.359,107.8,508.7,True,True
1784693132.519,108.0,59.7,True,False
1784693133.128,108.6,508.5,True,True
1784693133.287,108.7,58.4,True,False
1784693133.447,108.9,59.2,True,False
1784693133.606,109.0,58.6,True,False
1784693133.764,109.2,58.5,True,False
1784693133.922,109.4,58.0,True,False
1784693134.082,109.5,59.0,True,False
1784693134.241,109.7,58.7,True,False
1784693134.399,109.8,58.6,True,False
1784693135.008,110.4,508.6,True,True
1784693135.167,110.6,58.7,True,False
1784693135.776,111.2,508.4,True,True
1784693135.935,111.4,59.2,True,False
1784693136.095,111.5,59.6,True,False
1784693136.254,111.7,58.2,True,False
1784693136.413,111.9,59.3,True,False
1784693136.572,112.0,58.7,True,False
1784693136.730,112.2,58.0,True,False
1784693136.890,112.3,59.5,True,False
1784693137.519,113.0,528.6,True,True
1784693137.692,113.1,72.5,True,False
1784693138.311,113.8,519.1,True,True
1784693138.470,113.9,58.8,True,False
1784693138.629,114.1,58.3,True,False
1784693138.807,114.2,78.0,True,False
1784693138.965,114.4,58.1,True,False
1784693139.124,114.6,58.4,True,False
1784693139.283,114.7,59.1,True,False
1784693139.443,114.9,58.9,True,False
1784693139.602,115.0,59.4,True,False
1784693139.761,115.2,58.9,True,False
1784693140.371,115.8,508.7,True,True
1784693140.540,116.0,68.7,True,False
1784693141.148,116.6,508.4,True,True
1784693141.308,116.7,59.0,True,False
1784693141.917,117.4,509.4,True,True
1784693142.076,117.5,58.6,True,False
1784693142.251,117.7,75.2,True,False
1784693142.411,117.8,59.4,True,False
1784693142.593,118.0,81.5,True,False
1784693143.202,118.6,508.9,True,True
1784693143.361,118.8,58.6,True,False
1784693143.970,119.4,508.8,True,True
1784693144.139,119.6,68.6,True,False
1784693144.298,119.7,58.5,True,False
1784693144.458,119.9,59.2,True,False
1784693144.617,120.1,58.7,True,False
1784693144.776,120.2,58.9,True,False
1784693145.385,120.8,509.0,True,True
1784693145.544,121.0,59.0,True,False
1784693146.166,121.6,520.9,True,True
1784693146.335,121.8,69.6,True,False
1784693146.945,122.4,509.2,True,True
1784693147.103,122.5,58.4,True,False
1784693147.263,122.7,59.3,True,False
1784693147.422,122.9,58.9,True,False
1784693147.582,123.0,59.2,True,False
1784693147.742,123.2,59.4,True,False
1784693147.900,123.3,58.6,True,False
1784693148.059,123.5,58.9,True,False
1784693148.669,124.1,509.2,True,True
1784693148.828,124.3,58.7,True,False
1784693148.986,124.4,58.3,True,False
1784693149.145,124.6,59.0,True,False
1784693149.754,125.2,508.6,True,True
1784693149.914,125.4,59.5,True,False
1784693150.540,126.0,525.5,True,True
1784693150.699,126.1,58.5,True,False
1784693151.308,126.7,508.7,True,True
1784693151.467,126.9,58.6,True,False
1784693152.076,127.5,508.5,True,True
1784693152.254,127.7,77.9,True,False
1784693152.863,128.3,508.6,True,True
1784693153.022,128.5,59.1,True,False
1784693153.183,128.6,59.6,True,False
1784693153.791,129.2,508.3,True,True
1784693153.950,129.4,58.2,True,False
1784693154.559,130.0,508.6,True,True
1784693154.730,130.2,70.3,True,False
1784693155.338,130.8,508.3,True,True
1784693155.498,130.9,59.1,True,False
1784693156.107,131.5,509.3,True,True
1784693156.267,131.7,59.3,True,False
1784693156.426,131.9,58.4,True,False
1784693156.585,132.0,59.3,True,False
1784693156.744,132.2,58.7,True,False
1784693156.903,132.3,58.5,True,False
1784693157.062,132.5,58.2,True,False
1784693157.221,132.7,59.0,True,False
1784693157.381,132.8,59.1,True,False
1784693157.539,133.0,58.4,True,False
1784693157.699,133.1,58.9,True,False
1784693157.857,133.3,58.7,True,False
1784693158.017,133.5,58.9,True,False
1784693158.197,133.6,79.7,True,False
1784693158.357,133.8,59.4,True,False
1784693158.516,134.0,59.2,True,False
1784693158.675,134.1,59.3,True,False
1784693158.835,134.3,58.9,True,False
1784693158.994,134.4,58.8,True,False
1784693159.168,134.6,73.6,True,False
1784693159.327,134.8,59.1,True,False
1784693159.486,134.9,58.9,True,False
1784693160.095,135.5,508.7,True,True
1784693160.254,135.7,58.6,True,False
1784693160.863,136.3,508.4,True,True
1784693161.022,136.5,58.8,True,False
1784693161.631,137.1,508.8,True,True
1784693161.790,137.2,58.6,True,False
1784693162.399,137.8,509.2,True,True
1784693162.559,138.0,59.1,True,False
1784693163.168,138.6,509.4,True,True
1784693163.327,138.8,58.0,True,False
1784693163.936,139.4,509.0,True,True
1784693164.095,139.5,59.0,True,False
1784693164.704,140.1,508.7,True,True
1784693164.863,140.3,58.8,True,False
1784693165.472,140.9,508.8,True,True
1784693165.631,141.1,58.9,True,False
1784693165.790,141.2,58.5,True,False
1784693166.399,141.8,509.0,True,True
1784693166.559,142.0,59.4,True,False
1784693166.718,142.2,58.7,True,False
1784693166.877,142.3,59.2,True,False
1784693167.036,142.5,58.5,True,False
1784693167.196,142.6,59.2,True,False
1784693167.355,142.8,58.9,True,False
1784693167.513,143.0,58.3,True,False
1784693167.672,143.1,58.4,True,False
1784693167.831,143.3,58.9,True,False
1784693168.003,143.4,71.8,True,False
1784693168.162,143.6,58.5,True,False
1784693168.321,143.8,58.4,True,False
1784693168.930,144.4,508.1,True,True
1784693169.088,144.5,58.7,True,False
1784693169.258,144.7,68.9,True,False
1784693169.417,144.9,59.5,True,False
1784693169.576,145.0,58.6,True,False
1784693169.735,145.2,58.5,True,False
1784693169.894,145.3,58.6,True,False
1784693170.052,145.5,58.2,True,False
1784693170.212,145.7,59.0,True,False
1784693170.371,145.8,58.7,True,False
1784693170.530,146.0,58.6,True,False
1784693170.689,146.1,59.4,True,False
1784693171.299,146.7,509.5,True,True
1784693171.458,146.9,58.5,True,False
1784693171.617,147.1,58.6,True,False
1784693171.776,147.2,58.6,True,False
1784693171.935,147.4,59.1,True,False
1784693172.544,148.0,509.1,True,True
1784693172.703,148.1,58.4,True,False
1784693172.862,148.3,58.9,True,False
1784693173.022,148.5,58.9,True,False
1784693173.181,148.6,59.4,True,False
1784693173.341,148.8,59.3,True,False
1784693173.500,148.9,58.6,True,False
1784693173.659,149.1,58.8,True,False
1784693174.268,149.7,508.4,True,True
1784693174.427,149.9,59.0,True,False
1784693175.046,150.5,518.6,True,True
1784693175.205,150.6,59.0,True,False
1784693175.814,151.3,509.1,True,True
1784693175.973,151.4,58.4,True,False
1784693176.132,151.6,58.7,True,False
1784693176.291,151.7,58.7,True,False
1784693176.450,151.9,58.5,True,False
1784693177.060,152.5,510.5,True,True
1784693177.219,152.7,58.9,True,False
1784693177.379,152.8,58.6,True,False
1784693177.988,153.4,509.1,True,True
1784693178.147,153.6,58.7,True,False
1784693178.252,153.7,5.0,False,True
1784693178.411,153.9,58.5,True,False
1784693178.572,154.0,60.0,True,False
1784693178.731,154.2,58.4,True,False
1784693178.889,154.3,58.6,True,False
1784693179.059,154.5,69.8,True,False
1784693179.233,154.7,73.3,True,False
1784693179.393,154.8,59.4,True,False
1784693179.552,155.0,59.0,True,False
1784693179.711,155.1,58.6,True,False
1784693179.816,155.3,5.1,False,True
1784693179.922,155.4,5.0,False,True
1784693180.027,155.5,5.1,False,True
1784693180.186,155.6,58.7,True,False
1784693180.345,155.8,58.8,True,False
1784693180.504,155.9,58.4,True,False
1784693181.112,156.6,508.4,True,True
1784693181.271,156.7,58.7,True,False
1784693181.880,157.3,509.0,True,True
1784693182.039,157.5,58.5,True,False
1784693182.648,158.1,508.7,True,True
1784693182.807,158.2,59.1,True,False
1784693183.417,158.9,508.8,True,True
1784693183.575,159.0,58.4,True,False
1784693183.734,159.2,58.2,True,False
1784693184.342,159.8,508.5,True,True
1784693184.501,159.9,58.8,True,False
1784693185.130,160.6,528.2,True,True
1784693185.289,160.7,58.6,True,False
1784693185.898,161.3,509.3,True,True
1784693186.057,161.5,58.9,True,False
1784693186.666,162.1,509.1,True,True
1784693186.826,162.3,58.6,True,False
1784693187.434,162.9,508.3,True,True
1784693187.594,163.0,59.1,True,False
1784693187.699,163.1,5.3,False,True
1784693187.858,163.3,58.2,True,False
1784693188.028,163.5,69.6,True,False
1784693188.187,163.6,59.1,True,False
1784693188.816,164.3,528.5,True,True
1784693188.975,164.4,58.6,True,False
1784693189.134,164.6,58.5,True,False
1784693189.743,165.2,509.4,True,True
1784693189.917,165.4,73.5,True,False
1784693190.077,165.5,59.5,True,False
1784693190.236,165.7,59.1,True,False
1784693190.395,165.8,58.5,True,False
1784693190.554,166.0,58.7,True,False
1784693190.713,166.2,58.6,True,False
1784693190.873,166.3,59.0,True,False
1784693191.032,166.5,58.5,True,False
1784693191.191,166.6,59.0,True,False
1784693191.350,166.8,59.1,True,False
1784693191.510,166.9,58.9,True,False
1784693191.669,167.1,58.4,True,False
1784693191.828,167.3,58.8,True,False
1784693191.986,167.4,58.5,True,False
1784693192.145,167.6,58.5,True,False
1784693192.304,167.7,59.1,True,False
1784693192.463,167.9,58.8,True,False
1784693192.569,168.0,5.4,False,True
1784693192.728,168.2,58.6,True,False
1784693193.337,168.8,508.8,True,True
1784693193.497,168.9,59.0,True,False
1784693193.656,169.1,59.1,True,False
1784693194.265,169.7,508.9,True,True
1784693194.424,169.9,58.9,True,False
1784693194.583,170.0,59.0,True,False
1784693194.743,170.2,58.6,True,False
1784693194.901,170.3,58.4,True,False
1784693195.060,170.5,59.0,True,False
1784693195.236,170.7,75.2,True,False
1784693195.845,171.3,508.5,True,True
1784693196.003,171.4,58.2,True,False
1784693196.612,172.1,508.9,True,True
1784693196.771,172.2,58.2,True,False
1784693196.930,172.4,58.8,True,False
1784693197.540,173.0,509.6,True,True
1784693197.699,173.1,58.9,True,False
1784693198.307,173.7,508.2,True,True
1784693198.466,173.9,58.6,True,False
1784693198.625,174.1,58.8,True,False
1784693198.784,174.2,58.5,True,False
1784693199.394,174.8,509.6,True,True
1784693199.553,175.0,58.6,True,False
1784693200.180,175.6,526.7,True,True
1784693200.339,175.8,58.9,True,False
1784693200.522,176.0,82.4,True,False
1784693200.627,176.1,5.5,False,True
1784693200.786,176.2,58.5,True,False
1784693200.945,176.4,58.6,True,False
1784693201.104,176.5,58.7,True,False
1784693201.227,176.7,22.9,False,True
1784693201.351,176.8,24.1,False,True
1784693201.960,177.4,508.2,True,True
1784693202.119,177.6,58.7,True,False
1784693202.728,178.2,508.6,True,True
1784693202.834,178.3,5.6,False,True
1784693202.992,178.4,58.5,True,False
1784693203.151,178.6,58.4,True,False
1784693203.257,178.7,5.2,False,True
1784693203.883,179.3,526.1,True,True
1784693204.042,179.5,59.0,True,False
1784693204.201,179.6,58.7,True,False
1784693204.306,179.7,5.0,False,True
1784693204.915,180.4,508.7,True,True
1784693205.087,180.5,71.6,True,False
1784693205.707,181.1,520.1,True,True
1784693205.867,181.3,59.0,True,False
1784693206.489,181.9,521.7,True,True
1784693206.648,182.1,58.6,True,False
1784693206.754,182.2,5.6,False,True
1784693206.912,182.4,58.2,True,False
1784693207.073,182.5,60.9,True,False
1784693207.682,183.1,508.7,True,True
1784693207.841,183.3,58.3,True,False
1784693208.000,183.4,59.4,True,False
1784693208.609,184.0,508.5,True,True
1784693208.769,184.2,59.1,True,False
1784693209.378,184.8,509.4,True,True
1784693209.557,185.0,78.4,True,False
1784693209.716,185.2,58.3,True,False
1784693209.875,185.3,58.9,True,False
1784693209.980,185.4,5.2,False,True
1784693210.139,185.6,58.7,True,False
1784693210.298,185.7,58.6,True,False
1784693210.457,185.9,58.9,True,False
1784693210.616,186.1,58.9,True,False
1784693210.793,186.2,76.9,True,False
1784693210.953,186.4,59.4,True,False
1784693211.113,186.6,59.6,True,False
1784693211.722,187.2,508.8,True,True
1784693211.891,187.3,69.0,True,False
1784693212.499,187.9,508.0,True,True
1784693212.659,188.1,59.2,True,False
1784693212.818,188.3,59.5,True,False
1784693213.427,188.9,508.4,True,True
1784693213.586,189.0,58.6,True,False
1784693214.194,189.6,508.6,True,True
1784693214.353,189.8,58.3,True,False
1784693214.512,190.0,59.0,True,False
1784693214.691,190.1,78.7,True,False
1784693214.850,190.3,58.9,True,False
1784693215.460,190.9,509.2,True,True
1784693215.619,191.1,59.1,True,False
1784693215.778,191.2,58.5,True,False
1784693215.937,191.4,58.9,True,False
1784693216.097,191.5,59.0,True,False
1784693216.256,191.7,59.5,True,False
1784693216.427,191.9,70.6,True,False
1784693216.586,192.0,58.7,True,False
1784693216.746,192.2,59.1,True,False
1784693217.355,192.8,509.3,True,True
1784693217.524,193.0,68.3,True,False
1784693217.682,193.1,58.1,True,False
1784693217.841,193.3,58.6,True,False
1784693218.000,193.4,58.4,True,False
1784693218.106,193.5,5.5,False,True
1784693218.211,193.6,5.1,False,True
1784693218.316,193.8,5.1,False,True
1784693218.422,193.9,5.7,False,True
1784693218.582,194.0,59.0,True,False
1784693218.740,194.2,57.8,True,False
1784693218.846,194.3,5.5,False,True
1784693219.454,194.9,508.5,True,True
1784693219.614,195.1,58.9,True,False
1784693220.222,195.7,508.8,True,True
1784693220.382,195.8,58.9,True,False
1784693220.487,195.9,5.1,False,True
1784693220.646,196.1,58.6,True,False
1784693220.751,196.2,4.8,False,True
1784693221.359,196.8,508.0,True,True
1784693221.519,197.0,59.2,True,False
1784693222.128,197.6,509.2,True,True
1784693222.287,197.7,58.1,True,False
1784693222.895,198.3,508.7,True,True
1784693223.075,198.5,79.3,True,False
1784693223.684,199.1,508.7,True,True
1784693223.844,199.3,58.8,True,False
1784693224.452,199.9,508.5,True,True
1784693224.613,200.1,60.2,True,False
1784693225.224,200.7,511.0,True,True
1784693225.384,200.8,59.3,True,False
1784693225.993,201.4,509.1,True,True
1784693226.153,201.6,59.4,True,False
1784693226.324,201.8,71.1,True,False
1784693226.483,201.9,58.5,True,False
1784693226.643,202.1,59.3,True,False
1784693226.803,202.2,59.5,True,False
1784693227.412,202.9,509.3,True,True
1784693227.571,203.0,58.7,True,False
1784693228.181,203.6,508.8,True,True
1784693228.340,203.8,58.4,True,False
1784693228.499,203.9,58.6,True,False
1784693229.107,204.5,508.7,True,True
1784693229.275,204.7,67.0,True,False
1784693229.884,205.3,508.8,True,True
1784693229.989,205.4,5.2,False,True
1784693230.151,205.6,61.3,True,False
1784693230.311,205.7,59.4,True,False
1784693230.470,205.9,59.3,True,False
1784693231.080,206.5,508.6,True,True
1784693231.240,206.7,60.0,True,False
1784693231.399,206.8,58.5,True,False
1784693231.558,207.0,59.2,True,False
1784693232.169,207.6,510.2,True,True
1784693232.328,207.8,59.1,True,False
1784693232.937,208.4,508.7,True,True
1784693233.096,208.5,58.6,True,False
1784693233.705,209.1,509.2,True,True
1784693233.876,209.3,70.0,True,False
1784693234.035,209.5,58.4,True,False
1784693234.194,209.6,59.0,True,False
1784693234.803,210.2,508.5,True,True
1784693234.962,210.4,59.0,True,False
1784693235.571,211.0,508.9,True,True
1784693235.677,211.1,5.6,False,True
1784693235.836,211.3,58.9,True,False
1784693235.995,211.4,58.8,True,False
1784693236.618,212.1,523.2,True,True
1784693236.777,212.2,58.2,True,False
1784693236.936,212.4,58.6,True,False
1784693237.095,212.5,59.2,True,False
1784693237.717,213.2,522.1,True,True
1784693237.876,213.3,58.5,True,False
1784693238.485,213.9,509.1,True,True
1784693238.646,214.1,59.8,True,False
1784693239.277,214.7,530.6,True,True
1784693239.383,214.8,5.8,False,True
1784693239.488,214.9,5.2,False,True
1784693239.647,215.1,58.6,True,False
1784693239.807,215.2,59.1,True,False
1784693239.966,215.4,59.0,True,False
1784693240.126,215.6,58.9,True,False
1784693240.284,215.7,58.0,True,False
1784693240.893,216.3,508.9,True,True
1784693241.052,216.5,58.4,True,False
1784693241.211,216.7,58.6,True,False
1784693241.842,217.3,530.8,True,True
1784693242.001,217.4,58.9,True,False
1784693242.160,217.6,58.6,True,False
1784693242.769,218.2,509.3,True,True
1784693242.943,218.4,73.2,True,False
1784693243.552,219.0,508.7,True,True
1784693243.711,219.1,58.6,True,False
1784693243.870,219.3,58.7,True,False
1784693244.481,219.9,510.8,True,True
1784693244.641,220.1,59.7,True,False
1784693244.800,220.2,58.5,True,False
1784693245.408,220.8,508.4,True,True
1784693245.566,221.0,57.0,True,False
1784693245.725,221.2,58.7,True,False
1784693245.884,221.3,59.6,True,False
1784693246.044,221.5,59.0,True,False
1784693246.149,221.6,5.2,False,True
1784693246.309,221.7,59.8,True,False
1784693246.469,221.9,59.1,True,False
1784693246.575,222.0,5.8,False,True
1784693246.734,222.2,59.0,True,False
1784693246.893,222.3,59.0,True,False
1784693247.052,222.5,58.7,True,False
1784693247.221,222.7,68.5,True,False
1784693247.830,223.3,508.7,True,True
1784693247.990,223.4,59.9,True,False
1784693248.615,224.1,524.4,True,True
1784693248.774,224.2,58.9,True,False
1784693249.383,224.8,509.1,True,True
1784693249.543,225.0,59.3,True,False
1784693250.152,225.6,508.7,True,True
1784693250.311,225.8,58.6,True,False
1784693250.921,226.4,509.0,True,True
1784693251.080,226.5,59.3,True,False
1784693251.710,227.1,529.9,True,True
1784693251.869,227.3,58.4,True,False
1784693252.028,227.5,58.8,True,False
1784693252.637,228.1,509.1,True,True
1784693252.797,228.2,59.1,True,False
1784693252.965,228.4,68.1,True,False
1784693253.574,229.0,508.8,True,True
1784693253.733,229.2,58.7,True,False
1784693253.892,229.3,58.6,True,False
1784693254.051,229.5,58.5,True,False
1784693254.676,230.1,525.4,True,True
1784693254.783,230.2,5.5,False,True
1784693254.942,230.4,59.1,True,False
1784693255.551,231.0,509.0,True,True
1784693255.711,231.1,58.8,True,False
1784693255.869,231.3,58.4,True,False
1784693256.028,231.5,58.4,True,False
1784693256.187,231.6,58.9,True,False
1784693256.292,231.7,4.4,False,True
1784693256.397,231.8,5.3,False,True
1784693256.556,232.0,58.8,True,False
1784693256.715,232.2,58.5,True,False
1784693256.874,232.3,58.8,True,False
1784693257.032,232.5,58.4,True,False
1784693257.191,232.6,58.7,True,False
1784693257.350,232.8,59.1,True,False
1784693257.509,232.9,58.4,True,False
1784693257.668,233.1,58.7,True,False
1784693257.773,233.2,5.2,False,True
1784693257.932,233.4,58.2,True,False
1784693258.091,233.5,59.0,True,False
1784693258.250,233.7,58.5,True,False
1784693258.409,233.8,59.0,True,False
1784693259.018,234.5,508.6,True,True
1784693259.124,234.6,5.8,False,True
1784693259.283,234.7,58.3,True,False
1784693259.444,234.9,61.1,True,False
1784693259.549,235.0,5.1,False,True
1784693259.708,235.1,58.8,True,False
1784693259.868,235.3,59.2,True,False
1784693260.027,235.5,58.4,True,False
1784693260.199,235.6,72.2,True,False
1784693260.358,235.8,58.4,True,False
1784693260.517,236.0,58.6,True,False
1784693260.676,236.1,58.7,True,False
1784693260.834,236.3,58.5,True,False
1784693260.993,236.4,58.8,True,False
1784693261.099,236.5,5.5,False,True
1784693261.730,237.2,530.4,True,True
1784693261.889,237.3,58.3,True,False
1784693262.048,237.5,59.0,True,False
1784693262.658,238.1,510.3,True,True
1784693262.818,238.3,59.3,True,False
1784693263.427,238.9,508.9,True,True
1784693263.586,239.0,58.7,True,False
1784693263.746,239.2,59.4,True,False
1784693263.905,239.3,59.2,True,False
1784693264.064,239.5,58.8,True,False
1784693264.223,239.7,58.7,True,False
1784693264.832,240.3,508.7,True,True
1784693264.990,240.4,58.1,True,False
1784693265.600,241.0,509.2,True,True
1784693265.759,241.2,58.7,True,False
1784693265.919,241.4,58.9,True,False
1784693266.539,242.0,519.9,True,True
1784693266.698,242.1,59.0,True,False
1784693266.857,242.3,58.7,True,False
1784693267.766,243.2,809.1,True,True
1784693267.925,243.4,58.5,True,False
1784693268.083,243.5,58.2,True,False
1784693268.189,243.6,5.5,False,True
1784693269.099,244.5,809.7,True,True
1784693269.258,244.7,59.1,True,False
1784693269.417,244.9,58.8,True,False
1784693269.577,245.0,59.1,True,False
1784693269.682,245.1,5.0,False,True
1784693269.787,245.2,5.2,False,True
1784693269.893,245.3,5.2,False,True
1784693270.052,245.5,58.8,True,False
1784693270.211,245.7,59.0,True,False
1784693270.820,246.3,508.4,True,True
1784693271.728,247.2,808.4,True,True
1784693272.338,247.8,509.3,True,True
1784693272.458,247.9,19.5,False,True
1784693272.636,248.1,78.1,True,False
1784693273.245,248.7,508.6,True,True
1784693273.404,248.8,58.5,True,False
1784693274.313,249.8,809.0,True,True
1784693274.473,249.9,59.4,True,False
1784693274.632,250.1,59.0,True,False
1784693274.791,250.2,58.5,True,False
1784693275.700,251.1,809.0,True,True
1784693275.860,251.3,59.0,True,False
1784693276.769,252.2,808.9,True,True
1784693276.928,252.4,58.5,True,False
1784693277.034,252.5,5.5,False,True
1784693277.193,252.6,59.0,True,False
1784693277.352,252.8,59.3,True,False
1784693278.261,253.7,808.5,True,True
1784693278.421,253.9,58.9,True,False
1784693279.049,254.5,527.8,True,True
1784693279.209,254.6,59.9,True,False
1784693279.818,255.3,509.2,True,True
1784693279.924,255.4,5.0,False,True
1784693280.030,255.5,5.7,False,True
1784693280.135,255.6,5.0,False,True
1784693281.044,256.5,808.9,True,True
1784693281.204,256.6,59.0,True,False
1784693282.112,257.6,808.2,True,True
1784693282.271,257.7,58.8,True,False
1784693283.180,258.6,809.2,True,True
1784693283.340,258.8,59.2,True,False
1784693283.500,258.9,59.9,True,False
1784693283.660,259.1,59.5,True,False
1784693284.270,259.7,509.4,True,True
1784693285.179,260.6,808.8,True,True
1784693285.338,260.8,58.9,True,False
1784693285.497,260.9,58.7,True,False
1784693286.406,261.8,808.8,True,True
1784693286.565,262.0,58.4,True,False
1784693286.723,262.2,58.6,True,False
1784693286.882,262.3,58.7,True,False
1784693287.491,262.9,508.7,True,True
1784693287.650,263.1,58.6,True,False
1784693287.809,263.2,58.4,True,False
1784693288.719,264.2,809.2,True,True
1784693288.877,264.3,57.9,True,False
1784693289.786,265.2,808.5,True,True
1784693289.945,265.4,58.8,True,False
1784693290.853,266.3,808.6,True,True
1784693291.012,266.5,58.7,True,False
1784693291.936,267.4,823.3,True,True
1784693292.095,267.5,58.5,True,False
1784693293.004,268.4,809.0,True,True
1784693293.613,269.1,508.4,True,True
1784693294.522,270.0,808.1,True,True
1784693295.130,270.6,507.9,True,True
1784693295.290,270.7,59.2,True,False
1784693295.396,270.8,5.9,False,True
1784693296.005,271.4,509.2,True,True
1784693296.165,271.6,58.8,True,False
1784693297.075,272.5,810.1,True,True
1784693297.234,272.7,59.0,True,False
1784693297.411,272.8,76.4,True,False
1784693297.578,273.0,67.3,True,False
1784693297.738,273.2,59.2,True,False
1784693297.897,273.3,59.2,True,False
1784693298.003,273.4,5.4,False,True
1784693298.180,273.6,77.0,True,False
1784693298.339,273.8,58.6,True,False
1784693298.498,273.9,58.8,True,False
1784693299.408,274.8,809.0,True,True
1784693299.569,275.0,60.6,True,False
1784693299.727,275.2,58.4,True,False
1784693299.832,275.3,5.0,False,True
1784693299.992,275.4,59.1,True,False
1784693300.151,275.6,58.8,True,False
1784693300.309,275.7,58.4,True,False
1784693300.468,275.9,58.6,True,False
1784693300.626,276.1,58.7,True,False
1784693300.787,276.2,59.6,True,False
1784693300.962,276.4,74.6,True,False
1784693301.133,276.6,70.9,True,False
1784693301.291,276.7,58.3,True,False
1784693301.451,276.9,58.9,True,False
1784693301.610,277.0,59.1,True,False
1784693301.715,277.2,5.2,False,True
1784693301.874,277.3,58.5,True,False
1784693302.783,278.2,808.6,True,True
1784693302.943,278.4,59.1,True,False
1784693303.102,278.5,58.6,True,False
1784693303.261,278.7,58.7,True,False
1784693303.420,278.9,58.8,True,False
1784693303.579,279.0,58.8,True,False
1784693303.737,279.2,58.1,True,False
1784693303.843,279.3,5.0,False,True
1784693303.948,279.4,5.4,False,True
1784693304.107,279.5,58.4,True,False
1784693304.266,279.7,59.0,True,False
1784693304.371,279.8,5.1,False,True
1784693304.530,280.0,58.2,True,False
1784693305.439,280.9,809.1,True,True
1784693305.598,281.0,59.1,True,False
1784693305.757,281.2,58.6,True,False
1784693305.916,281.4,58.7,True,False
1784693306.075,281.5,59.6,True,False
1784693306.234,281.7,59.1,True,False
1784693306.406,281.8,71.5,True,False
1784693306.564,282.0,57.5,True,False
1784693306.723,282.2,58.9,True,False
1784693306.882,282.3,58.7,True,False
1784693307.041,282.5,58.9,True,False
1784693307.200,282.6,58.4,True,False
1784693307.358,282.8,57.9,True,False
1784693308.268,283.7,809.4,True,True
1784693308.427,283.9,58.6,True,False
1784693308.586,284.0,58.7,True,False
1784693309.495,284.9,808.9,True,True
1784693309.655,285.1,59.2,True,False
1784693309.761,285.2,5.2,False,True
1784693309.919,285.4,58.0,True,False
1784693310.078,285.5,58.4,True,False
1784693310.237,285.7,58.8,True,False
1784693310.395,285.8,58.6,True,False
1784693311.305,286.7,809.1,True,True
1784693311.465,286.9,59.9,True,False
1784693311.625,287.1,59.2,True,False
1784693311.784,287.2,58.8,True,False
1784693311.942,287.4,58.3,True,False
1784693312.101,287.5,58.6,True,False
1784693312.260,287.7,58.6,True,False
1784693312.438,287.9,77.1,True,False
1784693313.347,288.8,808.9,True,True
1784693313.506,288.9,58.9,True,False
1784693313.665,289.1,58.9,True,False
1784693313.823,289.3,57.9,True,False
1784693314.002,289.4,78.3,True,False
1784693314.161,289.6,58.5,True,False
1784693314.320,289.8,58.7,True,False
1784693314.479,289.9,58.9,True,False
1784693314.638,290.1,58.6,True,False
1784693315.547,291.0,809.6,True,True
1784693315.706,291.1,58.6,True,False
1784693315.867,291.3,60.4,True,False
1784693316.025,291.5,58.6,True,False
1784693316.185,291.6,59.2,True,False
1784693316.344,291.8,59.1,True,False
1784693317.276,292.7,831.2,True,True
1784693317.435,292.9,58.7,True,False
1784693318.363,293.8,827.7,True,True
1784693318.523,294.0,58.9,True,False
1784693319.432,294.9,809.0,True,True
1784693319.591,295.0,58.9,True,False
1784693319.761,295.2,70.0,True,False
1784693319.920,295.4,58.5,True,False
1784693320.079,295.5,58.7,True,False
1784693320.238,295.7,58.2,True,False
1784693320.397,295.8,58.5,True,False
1784693320.556,296.0,58.6,True,False
1784693320.731,296.2,74.7,True,False
1784693320.890,296.3,58.5,True,False
1784693321.799,297.2,809.3,True,True
1784693321.958,297.4,59.2,True,False
1784693322.064,297.5,5.4,False,True
1784693322.223,297.7,58.7,True,False
1784693322.382,297.8,58.7,True,False
1784693322.542,298.0,58.9,True,False
1784693322.701,298.1,59.1,True,False
1784693322.860,298.3,58.3,True,False
1784693323.019,298.5,58.8,True,False
1784693323.928,299.4,808.9,True,True
1784693324.087,299.5,58.6,True,False
1784693324.996,300.4,808.5,True,True
1784693325.156,300.6,59.2,True,False
1784693325.315,300.8,59.5,True,False
1784693325.476,300.9,59.8,True,False
1784693326.396,301.8,819.6,True,True
1784693326.555,302.0,58.9,True,False
1784693326.714,302.2,58.5,True,False
1784693326.888,302.3,73.8,True,False
1784693327.797,303.2,808.9,True,True
1784693327.956,303.4,58.7,True,False
1784693328.866,304.3,809.3,True,True
1784693329.025,304.5,59.0,True,False
1784693329.130,304.6,5.0,False,True
1784693329.289,304.7,58.5,True,False
1784693329.394,304.8,5.0,False,True
1784693329.554,305.0,59.5,True,False
1784693330.464,305.9,809.5,True,True
1784693330.622,306.1,58.6,True,False
1784693331.531,307.0,808.7,True,True
1784693331.690,307.1,58.8,True,False
1784693331.849,307.3,58.8,True,False
1784693332.758,308.2,809.0,True,True
1784693332.917,308.4,58.6,True,False
1784693333.023,308.5,5.0,False,True
1784693333.128,308.6,5.2,False,True
1784693333.234,308.7,5.4,False,True
1784693333.393,308.8,58.7,True,False
1784693333.552,309.0,58.8,True,False
1784693333.710,309.1,58.3,True,False
1784693333.816,309.3,5.3,False,True
1784693333.921,309.4,5.1,False,True
1784693334.080,309.5,58.7,True,False
1784693334.239,309.7,58.4,True,False
1784693335.148,310.6,808.5,True,True
1784693335.307,310.7,59.0,True,False
1784693335.413,310.9,5.7,False,True
1784693335.572,311.0,59.0,True,False
1784693335.731,311.2,58.6,True,False
1784693335.890,311.3,58.7,True,False
1784693336.049,311.5,59.1,True,False
1784693336.208,311.6,58.6,True,False
1784693336.314,311.8,5.3,False,True
1784693336.473,311.9,59.1,True,False
1784693336.633,312.1,59.7,True,False
1784693336.792,312.2,59.1,True,False
1784693336.898,312.3,5.7,False,True
1784693337.070,312.5,71.3,True,False
1784693337.229,312.7,59.0,True,False
1784693337.389,312.8,59.4,True,False
1784693337.547,313.0,58.4,True,False
1784693337.707,313.1,59.6,True,False
1784693337.814,313.3,6.1,False,True
1784693338.723,314.2,808.8,True,True
1784693338.882,314.3,59.0,True,False
1784693338.987,314.4,4.9,False,True
1784693339.145,314.6,58.3,True,False
1784693339.305,314.7,59.6,True,False
1784693339.464,314.9,58.7,True,False
1784693339.623,315.1,59.1,True,False
1784693339.783,315.2,59.0,True,False
1784693339.941,315.4,57.7,True,False
1784693340.100,315.5,58.7,True,False
1784693340.259,315.7,59.1,True,False
1784693340.419,315.9,59.1,True,False
1784693340.579,316.0,59.6,True,False
1784693340.738,316.2,59.4,True,False
1784693340.897,316.3,58.6,True,False
1784693341.057,316.5,58.8,True,False
1784693341.978,317.4,821.1,True,True
1784693342.137,317.6,59.0,True,False
1784693342.316,317.8,78.4,True,False
1784693342.475,317.9,59.0,True,False
1784693343.385,318.8,808.9,True,True
1784693343.544,319.0,58.9,True,False
1784693343.703,319.1,58.9,True,False
1784693343.862,319.3,58.7,True,False
1784693344.021,319.5,58.5,True,False
1784693344.127,319.6,4.9,False,True
1784693344.285,319.7,58.6,True,False
1784693344.445,319.9,59.3,True,False
1784693344.604,320.0,58.9,True,False
1784693344.764,320.2,59.4,True,False
1784693344.922,320.4,58.4,True,False
1784693345.028,320.5,5.3,False,True
1784693345.187,320.6,59.0,True,False
1784693345.363,320.8,75.3,True,False
1784693346.272,321.7,808.8,True,True
1784693346.431,321.9,59.0,True,False
1784693346.537,322.0,5.3,False,True
1784693346.697,322.1,59.4,True,False
1784693346.856,322.3,59.7,True,False
1784693347.015,322.5,58.6,True,False
1784693347.175,322.6,59.0,True,False
1784693347.356,322.8,80.5,True,False
1784693347.462,322.9,5.9,False,True
1784693347.621,323.1,59.3,True,False
1784693347.780,323.2,58.4,True,False
1784693347.886,323.3,5.4,False,True
1784693348.045,323.5,59.3,True,False
1784693348.151,323.6,5.2,False,True
1784693348.256,323.7,5.4,False,True
1784693348.417,323.9,60.2,True,False
1784693348.600,324.0,82.5,True,False
1784693349.510,324.9,810.3,True,True
1784693349.669,325.1,58.5,True,False
1784693350.578,326.0,809.0,True,True
1784693350.738,326.2,59.3,True,False
1784693350.843,326.3,5.2,False,True
1784693351.002,326.4,58.6,True,False
1784693351.911,327.3,808.2,True,True
1784693352.071,327.5,59.1,True,False
1784693352.230,327.7,58.7,True,False
1784693352.388,327.8,58.3,True,False
1784693352.548,328.0,58.8,True,False
1784693352.707,328.1,59.4,True,False
1784693353.631,329.1,823.6,True,True
1784693353.792,329.2,60.1,True,False
1784693353.897,329.3,5.1,False,True
1784693354.807,330.2,809.9,True,True
1784693354.967,330.4,59.6,True,False
1784693355.126,330.6,58.6,True,False
1784693355.231,330.7,5.1,False,True
1784693355.391,330.8,58.9,True,False
1784693355.550,331.0,59.4,True,False
1784693356.459,331.9,808.0,True,True
1784693356.618,332.1,59.0,True,False
1784693356.777,332.2,59.3,True,False
1784693356.884,332.3,5.9,False,True
1784693359.074,334.5,2089.5,True,True
1784693360.535,336.0,1361.4,True,True
1784693362.706,338.1,2069.8,True,True
1784693364.213,339.7,1407.2,True,True
1784693365.620,341.1,1307.0,True,True
1784693367.149,342.6,1428.6,True,True
1784693369.343,344.8,2093.8,True,True
1784693370.713,346.2,1269.2,True,True
1784693372.209,347.6,1395.9,True,True
1784693373.608,349.0,1299.1,True,True
1784693374.837,350.3,1128.0,True,True
1784693376.397,351.8,1459.6,True,True
1784693377.834,353.3,1337.3,True,True
1784693380.000,355.4,2065.7,True,True
1784693381.396,356.8,1295.1,True,True
1784693383.579,359.0,2082.8,True,True
1784693384.987,360.4,1306.8,True,True
1784693387.082,362.5,1995.5,True,True
1784693388.440,363.9,1257.5,True,True
1784693388.546,364.0,5.5,False,True
1784693390.762,366.2,2115.3,True,True
1784693392.172,367.6,1309.6,True,True
1784693393.497,368.9,1224.7,True,True
1784693394.892,370.3,1295.1,True,True
1784693396.230,371.7,1237.4,True,True
1784693397.573,373.0,1242.9,True,True
1784693397.679,373.1,5.4,False,True
1784693397.784,373.2,5.2,False,True
1784693397.909,373.3,25.3,False,True
1784693398.015,373.5,5.3,False,True
1784693398.120,373.6,5.1,False,True
1784693400.283,375.7,2062.4,True,True
1784693401.703,377.1,1320.0,True,True
1784693401.808,377.2,5.0,False,True
1784693403.242,378.7,1333.0,True,True
1784693405.498,380.9,2155.8,True,True
1784693406.854,382.3,1255.7,True,True
1784693406.959,382.4,5.2,False,True
1784693409.242,384.7,2182.4,True,True
1784693410.684,386.1,1341.9,True,True
1784693412.104,387.5,1319.5,True,True
1784693413.565,389.0,1361.5,True,True
1784693415.732,391.2,2065.9,True,True
1784693417.099,392.5,1267.1,True,True
1784693418.476,393.9,1276.1,True,True
1784693419.908,395.3,1332.4,True,True
1784693422.121,397.6,2112.1,True,True
1784693423.436,398.9,1214.7,True,True
1784693425.042,400.5,1506.3,True,True
1784693427.181,402.6,2038.1,True,True
1784693428.722,404.2,1441.3,True,True
1784693430.085,405.5,1262.4,True,True
1784693431.486,406.9,1300.7,True,True
1784693433.016,408.5,1429.4,True,True
1784693434.463,409.9,1346.3,True,True
1784693435.899,411.3,1336.0,True,True
1784693436.005,411.4,5.4,False,True
1784693436.110,411.5,5.2,False,True
1784693438.278,413.7,2068.2,True,True
1784693439.640,415.1,1261.0,True,True
1784693441.034,416.5,1293.9,True,True
1784693442.449,417.9,1315.4,True,True
1784693443.911,419.3,1361.1,True,True
1784693446.184,421.6,2173.0,True,True
1784693447.530,423.0,1245.3,True,True
1784693447.636,423.1,5.0,False,True
1784693449.823,425.3,2087.1,True,True
1784693451.255,426.7,1331.6,True,True
1784693453.443,428.9,2088.4,True,True
1784693454.807,430.2,1263.4,True,True
1784693456.267,431.7,1360.3,True,True
1784693457.657,433.1,1289.0,True,True
1784693459.117,434.6,1360.2,True,True
1784693460.520,436.0,1302.5,True,True
1784693462.010,437.4,1389.7,True,True
1784693463.545,439.0,1434.6,True,True
1784693465.074,440.5,1428.2,True,True
1784693467.200,442.6,2025.6,True,True
1784693468.623,444.1,1322.4,True,True
1784693470.051,445.5,1328.3,True,True
1784693471.484,446.9,1332.4,True,True
1784693472.876,448.3,1291.8,True,True
1784693472.982,448.4,4.9,False,True
1784693475.234,450.7,2152.7,True,True
1784693476.619,452.1,1283.9,True,True
1784693478.000,453.4,1281.4,True,True
1784693479.378,454.8,1277.4,True,True
1784693480.829,456.3,1350.9,True,True
1784693482.288,457.7,1358.2,True,True
1784693483.719,459.2,1330.2,True,True
1784693485.182,460.6,1362.8,True,True
1784693487.415,462.9,2132.8,True,True
1784693488.882,464.3,1366.7,True,True
1784693488.987,464.4,5.2,False,True
1784693491.115,466.6,2027.8,True,True
1784693492.591,468.0,1375.7,True,True
1784693494.708,470.1,2015.8,True,True
1784693496.156,471.6,1347.9,True,True
1784693498.349,473.8,2092.6,True,True
1784693499.785,475.2,1336.0,True,True
1784693501.840,477.3,1954.8,True,True
1784693503.377,478.8,1437.1,True,True
1784693504.825,480.3,1347.8,True,True
1784693506.201,481.6,1276.0,True,True
1784693507.670,483.1,1367.8,True,True
1784693509.108,484.5,1337.8,True,True
1784693510.543,486.0,1334.2,True,True
1784693511.979,487.4,1335.8,True,True
1784693513.369,488.8,1289.9,True,True
1784693514.837,490.3,1367.2,True,True
1784693516.283,491.7,1346.0,True,True
1784693517.661,493.1,1277.7,True,True
1784693519.922,495.4,2160.5,True,True
1784693521.303,496.7,1280.9,True,True
1784693523.574,499.0,2171.4,True,True
1784693525.082,500.5,1407.4,True,True
1784693526.388,501.8,1206.1,True,True
1784693527.310,502.7,821.6,True,True
1784693527.469,502.9,59.1,True,False
1784693527.575,503.0,5.6,False,True
1784693527.734,503.2,58.3,True,False
1784693527.840,503.3,5.7,False,True
1784693528.748,504.2,808.3,True,True
1784693528.907,504.3,58.4,True,False
1784693529.066,504.5,58.9,True,False
1784693529.225,504.7,58.0,True,False
1784693529.384,504.8,58.6,True,False
1784693529.543,505.0,58.9,True,False
1784693529.703,505.1,59.1,True,False
1784693529.862,505.3,58.8,True,False
1784693530.021,505.5,58.7,True,False
1784693530.195,505.6,74.2,True,False
1784693530.355,505.8,59.4,True,False
1784693530.515,506.0,59.3,True,False
1784693530.674,506.1,59.1,True,False
1784693530.846,506.3,71.7,True,False
1784693531.005,506.4,59.1,True,False
1784693531.165,506.6,59.2,True,False
1784693531.324,506.8,58.7,True,False
1784693531.483,506.9,58.8,True,False
1784693531.642,507.1,58.5,True,False
1784693531.801,507.2,58.5,True,False
1784693531.973,507.4,72.4,True,False
1784693532.131,507.6,58.1,True,False
1784693532.290,507.7,58.5,True,False
1784693532.468,507.9,77.8,True,False
1784693532.627,508.1,58.7,True,False
1784693532.787,508.2,59.3,True,False
1784693532.945,508.4,58.2,True,False
1784693533.854,509.3,808.7,True,True
1784693534.033,509.5,78.9,True,False
1784693534.943,510.4,808.9,True,True
1784693535.101,510.5,58.1,True,False
1784693535.207,510.6,5.2,False,True
1784693535.365,510.8,58.2,True,False
1784693535.524,511.0,58.6,True,False
1784693535.683,511.1,59.1,True,False
1784693536.606,512.0,822.6,True,True
1784693536.765,512.2,59.0,True,False
1784693536.925,512.4,59.0,True,False
1784693537.031,512.5,5.3,False,True
1784693537.136,512.6,5.4,False,True
1784693537.295,512.7,58.9,True,False
1784693537.401,512.8,5.5,False,True
1784693538.310,513.7,808.4,True,True
1784693538.486,513.9,75.7,True,False
1784693538.591,514.0,5.4,False,True
1784693539.511,515.0,819.3,True,True
1784693539.671,515.1,59.4,True,False
1784693539.829,515.3,58.5,True,False
1784693540.002,515.4,72.2,True,False
1784693540.161,515.6,58.5,True,False
1784693540.319,515.8,58.2,True,False
1784693540.497,515.9,77.2,True,False
1784693540.667,516.1,70.0,True,False
1784693540.826,516.3,58.5,True,False
1784693540.985,516.4,58.8,True,False
1784693541.144,516.6,58.7,True,False
1784693541.260,516.7,16.6,False,True
1784693541.419,516.9,58.5,True,False
1784693541.578,517.0,58.8,True,False
1784693541.738,517.2,59.0,True,False
1784693541.897,517.3,58.5,True,False
1784693542.056,517.5,59.1,True,False
1784693542.214,517.7,57.3,True,False
1784693542.373,517.8,58.7,True,False
1784693542.531,518.0,58.4,True,False
1784693542.704,518.1,72.5,True,False
1784693542.863,518.3,58.9,True,False
1784693543.046,518.5,82.4,True,False
1784693543.955,519.4,808.5,True,True
1784693544.114,519.6,58.8,True,False
1784693544.274,519.7,59.6,True,False
1784693544.434,519.9,59.2,True,False
1784693544.594,520.0,59.6,True,False
1784693545.502,520.9,808.4,True,True
1784693545.661,521.1,58.6,True,False
1784693545.821,521.3,59.2,True,False
1784693546.730,522.2,809.1,True,True
1784693546.889,522.3,58.7,True,False
1784693547.798,523.2,808.5,True,True
1784693547.956,523.4,58.2,True,False
1784693548.865,524.3,808.4,True,True
1784693549.023,524.5,58.8,True,False
1784693549.204,524.6,79.8,True,False
1784693549.363,524.8,58.9,True,False
1784693549.521,525.0,58.4,True,False
1784693549.682,525.1,59.4,True,False
1784693550.591,526.0,809.0,True,True
1784693550.772,526.2,81.0,True,False
1784693550.941,526.4,69.2,True,False
1784693551.100,526.5,58.6,True,False
1784693551.259,526.7,58.6,True,False
1784693551.418,526.9,58.7,True,False
1784693551.578,527.0,58.9,True,False
1784693551.683,527.1,5.5,False,True
1784693551.789,527.2,5.6,False,True
1784693551.948,527.4,58.4,True,False
1784693552.106,527.5,58.3,True,False
1784693553.015,528.5,808.3,True,True
1784693553.175,528.6,59.5,True,False
1784693553.334,528.8,58.6,True,False
1784693553.492,528.9,58.4,True,False
1784693553.651,529.1,58.4,True,False
1784693553.810,529.2,58.6,True,False
1784693553.968,529.4,58.2,True,False
1784693554.127,529.6,59.0,True,False
1784693554.286,529.7,58.8,True,False
1784693554.445,529.9,58.4,True,False
1784693554.617,530.1,72.1,True,False
1784693554.776,530.2,58.4,True,False
1784693554.936,530.4,59.1,True,False
1784693555.095,530.5,59.3,True,False
1784693555.200,530.6,4.9,False,True
1784693556.109,531.5,808.3,True,True
1784693556.286,531.7,76.4,True,False
1784693556.444,531.9,58.8,True,False
1784693556.603,532.0,58.7,True,False
1784693556.762,532.2,58.8,True,False
1784693556.921,532.4,58.4,True,False
1784693557.080,532.5,58.3,True,False
1784693557.186,532.6,5.3,False,True
1784693557.291,532.7,5.2,False,True
1784693558.200,533.6,809.0,True,True
1784693558.359,533.8,58.2,True,False
1784693558.464,533.9,5.1,False,True
1784693558.623,534.1,58.7,True,False
1784693558.782,534.2,58.8,True,False
1784693558.942,534.4,58.7,True,False
1784693559.100,534.5,58.5,True,False
1784693559.259,534.7,58.5,True,False
1784693560.182,535.6,822.4,True,True
1784693560.361,535.8,79.2,True,False
1784693560.478,535.9,16.8,False,True
1784693561.387,536.8,809.2,True,True
1784693561.547,537.0,59.1,True,False
1784693561.706,537.1,58.8,True,False
1784693561.811,537.3,5.2,False,True
1784693561.970,537.4,58.3,True,False
1784693562.075,537.5,5.1,False,True
1784693562.235,537.7,59.0,True,False
1784693562.394,537.8,59.1,True,False
1784693562.553,538.0,58.9,True,False
1784693562.712,538.2,59.0,True,False
1784693562.872,538.3,59.2,True,False
1784693563.031,538.5,58.4,True,False
1784693563.200,538.6,69.1,True,False
1784693563.306,538.7,5.2,False,True
1784693563.465,538.9,58.4,True,False
1784693563.623,539.1,58.3,True,False
1784693563.782,539.2,58.6,True,False
1784693563.941,539.4,58.3,True,False
1784693564.850,540.3,808.8,True,True
1784693565.009,540.4,58.9,True,False
1784693565.168,540.6,58.9,True,False
1784693566.078,541.5,809.1,True,True
1784693566.237,541.7,59.0,True,False
1784693567.146,542.6,808.9,True,True
1784693567.318,542.8,71.8,True,False
1784693568.228,543.7,809.2,True,True
1784693568.387,543.8,58.3,True,False
1784693568.546,544.0,59.8,True,False
1784693569.456,544.9,808.8,True,True
1784693569.614,545.1,58.4,True,False
1784693569.774,545.2,59.3,True,False
1784693569.932,545.4,58.5,True,False
1784693570.091,545.5,58.2,True,False
1784693570.217,545.7,25.2,False,True
1784693570.376,545.8,58.8,True,False
1784693570.535,546.0,58.6,True,False
1784693570.640,546.1,5.4,False,True
1784693570.815,546.3,74.3,True,False
1784693571.734,547.2,819.4,True,True
1784693571.909,547.3,74.7,True,False
1784693572.068,547.5,58.4,True,False
1784693572.977,548.4,808.8,True,True
1784693573.136,548.6,59.2,True,False
1784693573.296,548.7,59.4,True,False
1784693574.221,549.7,824.7,True,True
1784693574.380,549.8,58.4,True,False
1784693574.540,550.0,59.1,True,False
1784693575.449,550.9,809.0,True,True
1784693575.608,551.0,58.9,True,False
1784693575.767,551.2,58.7,True,False
1784693575.925,551.4,58.2,True,False
1784693576.084,551.5,58.9,True,False
1784693576.190,551.6,5.6,False,True
1784693576.349,551.8,58.2,True,False
1784693576.508,551.9,58.7,True,False
1784693576.666,552.1,58.4,True,False
1784693576.825,552.3,58.4,True,False
1784693576.984,552.4,58.7,True,False
1784693577.156,552.6,71.9,True,False
1784693578.065,553.5,809.2,True,True
1784693578.225,553.7,59.3,True,False
1784693578.385,553.8,59.4,True,False
1784693578.544,554.0,58.8,True,False
1784693578.703,554.1,58.6,True,False
1784693578.862,554.3,59.0,True,False
1784693579.021,554.5,58.6,True,False
1784693579.181,554.6,59.1,True,False
1784693579.340,554.8,58.9,True,False
1784693580.249,555.7,808.7,True,True
1784693580.408,555.8,58.8,True,False
1784693580.567,556.0,58.7,True,False
1784693580.741,556.2,73.9,True,False
1784693580.900,556.3,58.7,True,False
1784693581.059,556.5,58.6,True,False
1784693581.165,556.6,5.7,False,True
1784693582.074,557.5,808.4,True,True
1784693582.232,557.7,58.4,True,False
1784693582.392,557.8,58.8,True,False
1784693582.551,558.0,58.8,True,False
1784693582.710,558.1,58.8,True,False
1784693582.869,558.3,58.9,True,False
1784693583.028,558.5,58.5,True,False
1784693583.186,558.6,58.3,True,False
1784693583.346,558.8,59.2,True,False
1784693583.526,559.0,79.8,True,False
1784693583.686,559.1,59.2,True,False
1784693583.845,559.3,58.4,True,False
1784693584.003,559.4,58.0,True,False
1784693584.175,559.6,72.0,True,False
1784693585.084,560.5,808.2,True,True
1784693585.242,560.7,58.7,True,False
1784693586.152,561.6,808.9,True,True
1784693586.311,561.7,59.0,True,False
1784693586.416,561.9,5.1,False,True
1784693587.326,562.8,808.8,True,True
1784693587.485,562.9,58.8,True,False
1784693587.644,563.1,59.0,True,False
1784693587.816,563.3,71.6,True,False
1784693587.921,563.4,5.0,False,True
1784693588.088,563.5,65.7,False,True
1784693588.245,563.7,57.4,False,True
1784693588.414,563.9,69.0,False,True
1784693588.572,564.0,57.8,False,True
1784693589.480,564.9,807.7,False,True
1784693589.639,565.1,57.8,False,True
1784693589.744,565.2,5.2,False,True
1784693589.917,565.4,72.3,False,True
1784693590.075,565.5,57.6,False,True
1784693590.233,565.7,58.7,False,True
1784693590.392,565.8,58.6,False,True
1784693590.551,566.0,57.8,False,True
1784693590.729,566.2,77.9,False,True
1784693591.914,567.4,1085.0,False,True
1784693592.115,567.6,100.8,False,True
1784693593.290,568.7,1074.6,False,True
1784693595.468,570.9,2077.8,False,True
1784693596.376,571.8,808.5,False,True
1784693596.482,571.9,5.0,False,True
1784693597.390,572.8,808.1,False,True
1784693598.299,573.7,808.2,False,True
1784693599.465,574.9,1066.5,False,True
1784693599.586,575.0,20.9,False,True
1784693599.713,575.2,26.5,False,True
1784693599.819,575.3,5.2,False,True
1784693601.741,577.2,1821.7,False,True
1784693601.918,577.4,76.9,False,True
1784693603.113,578.6,1094.7,False,True
1784693604.297,579.7,1083.5,False,True
1784693605.206,580.6,808.1,False,True
1784693606.114,581.6,807.6,False,True
1784693607.022,582.5,808.2,False,True
1784693607.953,583.4,830.1,False,True
1784693609.129,584.6,1075.9,False,True
1784693610.037,585.5,808.0,False,True
1784693610.143,585.6,5.4,False,True
1784693613.070,588.5,2826.2,False,True
1784693614.252,589.7,1082.0,False,True
1784693615.433,590.9,1080.0,False,True
1784693616.617,592.1,1083.5,False,True
1784693617.801,593.2,1083.9,False,True
1784693617.975,593.4,74.4,False,True
1784693619.144,594.6,1068.6,False,True
1784693621.304,596.7,2059.7,False,True
1784693623.476,598.9,2072.1,False,True
1784693624.653,600.1,1076.0,False,True
1784693625.832,601.3,1079.6,False,True
1784693626.013,601.5,80.3,False,True
1784693627.176,602.6,1063.2,False,True
1784693628.085,603.5,808.4,False,True
1784693629.256,604.7,1070.5,False,True
1784693630.440,605.9,1083.7,False,True
1784693631.624,607.1,1083.5,False,True
1784693633.813,609.3,2089.6,False,True
1784693634.984,610.4,1070.1,False,True
1784693636.172,611.6,1087.6,False,True
1784693637.352,612.8,1079.9,False,True
1784693638.259,613.7,807.4,False,True
1784693639.432,614.9,1072.1,False,True
1784693640.615,616.1,1083.4,False,True
1784693641.800,617.2,1083.6,False,True
1784693641.964,617.4,63.9,False,True
1784693643.145,618.6,1080.6,False,True
1784693644.327,619.8,1082.1,False,True
1784693645.511,621.0,1083.5,False,True
1784693647.671,623.1,2059.5,False,True
1784693647.829,623.3,57.9,False,True
1784693648.012,623.5,82.3,False,True
1784693649.191,624.6,1078.8,False,True
1784693650.375,625.8,1083.7,False,True
1784693651.560,627.0,1084.5,True,True
1784693651.666,627.1,5.5,False,True
1784693651.825,627.3,58.6,True,False
1784693651.997,627.4,72.6,True,False
1784693652.157,627.6,58.7,True,False
1784693652.315,627.8,58.3,True,False
1784693652.475,627.9,58.9,True,False
1784693652.580,628.0,5.2,False,True
1784693652.739,628.2,58.3,True,False
1784693652.913,628.4,73.3,True,False
1784693653.071,628.5,57.9,True,False
1784693653.231,628.7,59.3,True,False
1784693653.412,628.9,81.4,True,False
1784693653.571,629.0,58.5,True,False
1784693653.730,629.2,58.6,True,False
1784693653.889,629.3,58.9,True,False
1784693654.048,629.5,58.4,True,False
1784693654.207,629.6,59.2,True,False
1784693654.366,629.8,59.0,True,False
1784693654.525,630.0,58.4,True,False
1784693654.631,630.1,5.3,False,True
1784693655.540,631.0,808.8,True,True
1784693655.699,631.1,58.7,True,False
1784693655.805,631.2,5.4,False,True
1784693655.964,631.4,59.2,True,False
1784693656.124,631.6,58.9,True,False
1784693656.282,631.7,58.3,True,False
1784693656.442,631.9,58.9,True,False
1784693656.613,632.1,71.0,True,False
1784693656.772,632.2,58.6,True,False
1784693656.931,632.4,58.9,True,False
1784693657.113,632.6,81.2,True,False
1784693657.271,632.7,58.7,True,False
1784693657.431,632.9,59.5,True,False
1784693657.612,633.1,80.6,True,False
1784693657.771,633.2,58.6,True,False
1784693657.929,633.4,58.7,True,False
1784693658.088,633.5,58.3,True,False
1784693658.247,633.7,58.5,True,False
1784693658.412,633.9,64.9,True,False
1784693658.585,634.0,72.1,True,False
1784693658.690,634.1,5.2,False,True
1784693659.612,635.1,821.8,True,True
1784693659.772,635.2,59.0,True,False
1784693659.930,635.4,58.6,True,False
1784693660.113,635.6,82.0,True,False
1784693660.272,635.7,59.0,True,False
1784693661.212,636.7,839.6,True,True
1784693661.371,636.8,59.0,True,False
1784693662.312,637.8,840.2,True,True
1784693662.472,637.9,59.0,True,False
1784693663.381,638.8,809.2,True,True
1784693663.563,639.0,81.9,True,False
1784693664.481,639.9,817.2,True,True
1784693664.640,640.1,58.6,True,False
1784693664.812,640.3,72.0,True,False
1784693664.971,640.4,58.8,True,False
1784693665.880,641.3,809.0,True,True
1784693666.041,641.5,59.6,True,False
1784693666.212,641.7,71.3,True,False
1784693667.121,642.6,808.6,True,True
1784693667.312,642.8,90.0,True,False
1784693667.471,642.9,59.2,True,False
1784693667.631,643.1,59.7,True,False
1784693667.812,643.3,80.2,True,False
1784693667.971,643.4,58.7,True,False
1784693668.129,643.6,58.5,True,False
1784693668.301,643.7,71.2,True,False
1784693669.210,644.6,809.2,True,True
1784693669.369,644.8,58.4,True,False
1784693670.278,645.7,808.7,True,True
1784693670.438,645.9,59.4,True,False
1784693671.347,646.8,809.4,True,True
1784693671.506,646.9,58.5,True,False
1784693672.415,647.9,808.9,True,True
1784693672.584,648.0,68.2,True,False
1784693672.742,648.2,58.3,True,False
1784693672.911,648.4,68.6,True,False
1784693673.017,648.5,5.5,False,True
1784693673.926,649.4,808.7,True,True
1784693674.086,649.5,58.9,True,False
1784693674.245,649.7,58.7,True,False
1784693674.404,649.8,59.4,True,False
1784693674.562,650.0,57.5,True,False
1784693674.721,650.2,58.5,True,False
1784693674.879,650.3,58.1,True,False
1784693675.040,650.5,60.5,True,False
1784693675.199,650.6,59.2,True,False
1784693675.358,650.8,57.9,True,False
1784693675.516,651.0,58.6,True,False
1784693675.698,651.1,81.4,True,False
1784693675.857,651.3,58.4,True,False
1784693676.766,652.2,808.9,True,True
1784693676.925,652.4,58.7,True,False
1784693677.112,652.6,86.5,True,False
1784693677.270,652.7,58.6,True,False
1784693677.430,652.9,59.1,True,False
1784693677.612,653.1,81.3,True,False
1784693678.521,654.0,808.9,True,True
1784693678.680,654.1,58.5,True,False
1784693678.793,654.2,13.3,False,True
1784693678.951,654.4,58.3,True,False
1784693679.111,654.6,59.8,True,False
1784693679.271,654.7,59.0,True,False
1784693679.430,654.9,59.1,True,False
1784693679.548,655.0,17.7,False,True
1784693679.712,655.2,63.4,True,False
1784693679.881,655.3,68.9,True,False
1784693680.040,655.5,59.1,True,False
1784693680.211,655.7,70.8,True,False
1784693680.370,655.8,58.5,True,False
1784693680.545,656.0,75.3,True,False
1784693680.712,656.2,66.0,True,False
1784693680.871,656.3,58.5,True,False
1784693681.030,656.5,58.7,True,False
1784693681.211,656.7,81.7,True,False
1784693681.394,656.8,82.0,True,False
1784693682.313,657.8,819.3,True,True
1784693682.473,657.9,59.1,True,False
1784693682.632,658.1,58.9,True,False
1784693682.791,658.2,58.6,True,False
1784693683.712,659.2,820.5,True,True
1784693683.871,659.3,58.7,True,False
1784693684.029,659.5,58.3,True,False
1784693684.188,659.6,58.9,True,False
1784693684.347,659.8,58.2,True,False
1784693684.511,660.0,64.1,True,False
1784693684.670,660.1,58.9,True,False
1784693684.848,660.3,77.9,True,False
1784693685.758,661.2,809.2,True,True
1784693685.931,661.4,73.2,True,False
1784693686.840,662.3,808.8,True,True
1784693687.000,662.4,59.1,True,False
1784693687.106,662.5,5.9,False,True
1784693687.280,662.7,73.2,True,False
1784693687.439,662.9,58.5,True,False
1784693687.610,663.0,71.7,True,False
1784693687.769,663.2,58.4,True,False
1784693687.928,663.4,58.7,True,False
1784693688.087,663.5,58.8,True,False
1784693688.193,663.6,5.2,False,True
1784693688.352,663.8,58.7,True,False
1784693688.511,663.9,59.0,True,False
1784693688.617,664.1,5.3,False,True
1784693688.792,664.2,74.8,True,False
1784693688.897,664.3,5.2,False,True
1784693689.056,664.5,58.7,True,False
1784693689.215,664.7,59.1,True,False
1784693689.375,664.8,58.8,True,False
1784693689.533,665.0,58.0,True,False
1784693689.711,665.2,77.8,True,False
1784693689.817,665.3,5.4,False,True
1784693689.975,665.4,58.2,True,False
1784693690.157,665.6,82.2,True,False
1784693690.317,665.8,59.1,True,False
1784693690.482,665.9,64.4,True,False
1784693690.640,666.1,58.4,True,False
1784693690.800,666.2,59.3,True,False
1784693690.958,666.4,58.1,True,False
1784693691.882,667.3,823.9,True,True
1784693692.041,667.5,58.3,True,False
1784693692.951,668.4,809.1,True,True
1784693693.111,668.5,59.7,True,False
1784693694.019,669.5,808.4,True,True
1784693694.178,669.6,59.0,True,False
1784693694.284,669.7,4.9,False,True
1784693694.389,669.8,5.1,False,True
1784693695.311,670.7,821.5,True,True
1784693695.471,670.9,59.4,True,False
1784693695.630,671.1,59.2,True,False
1784693696.555,672.0,824.6,True,True
1784693696.714,672.2,58.9,True,False
1784693697.623,673.1,808.8,True,True
1784693697.784,673.2,60.7,True,False
1784693698.710,674.1,826.0,True,True
1784693698.869,674.3,58.6,True,False
1784693699.027,674.5,58.3,True,False
1784693699.187,674.6,58.9,True,False
1784693699.346,674.8,59.5,True,False
1784693699.506,674.9,58.9,True,False
1784693700.414,675.9,808.6,True,True
1784693700.573,676.0,58.6,True,False
1784693700.734,676.2,60.4,True,False
1784693701.643,677.1,808.9,True,True
1784693701.815,677.3,71.5,True,False
1784693701.921,677.4,5.5,False,True
1784693702.109,677.5,87.3,True,False
1784693702.267,677.7,58.6,True,False
1784693702.427,677.9,59.3,True,False
1784693702.533,678.0,5.3,False,True
1784693702.691,678.1,58.4,True,False
1784693703.600,679.0,808.9,True,True
1784693703.758,679.2,58.1,True,False
1784693703.918,679.4,59.0,True,False
1784693704.077,679.5,59.1,True,False
1784693704.236,679.7,58.6,True,False
1784693704.410,679.8,73.3,True,False
1784693704.570,680.0,59.2,True,False
1784693704.675,680.1,5.1,False,True
1784693704.834,680.3,58.6,True,False
1784693705.010,680.4,76.0,True,False
1784693705.170,680.6,59.0,True,False
1784693705.329,680.8,58.7,True,False
1784693705.488,680.9,58.5,True,False
1784693705.647,681.1,58.9,True,False
1784693705.811,681.2,63.5,True,False
1784693705.969,681.4,58.4,True,False
1784693706.129,681.6,59.4,True,False
1784693706.288,681.7,59.0,True,False
1784693706.447,681.9,58.4,True,False
1784693706.606,682.0,58.7,True,False
1784693707.538,683.0,832.1,True,True
1784693707.698,683.1,59.3,True,False
1784693708.606,684.0,808.7,True,True
1784693708.765,684.2,58.6,True,False
1784693709.674,685.1,809.0,True,True
1784693709.834,685.3,59.4,True,False
1784693709.993,685.4,58.8,True,False
1784693710.173,685.6,79.3,True,False
1784693710.279,685.7,5.6,False,True
1784693710.439,685.9,59.7,True,False
1784693710.598,686.0,58.7,True,False
1784693710.756,686.2,58.5,True,False
1784693710.915,686.4,58.4,True,False
1784693711.075,686.5,59.1,True,False
1784693711.234,686.7,59.1,True,False
1784693712.143,687.6,808.9,True,True
1784693712.303,687.7,59.1,True,False
1784693712.462,687.9,59.0,True,False
1784693712.623,688.1,60.1,True,False
1784693712.804,688.2,80.6,True,False
1784693712.963,688.4,58.9,True,False
1784693713.872,689.3,808.7,True,True
1784693714.031,689.5,58.9,True,False
1784693714.136,689.6,5.0,False,True
1784693714.295,689.7,59.4,True,False
1784693714.454,689.9,58.2,True,False
1784693714.614,690.1,59.2,True,False
1784693715.523,691.0,808.7,True,True
1784693715.682,691.1,58.6,True,False
1784693716.591,692.0,809.1,True,True
1784693716.751,692.2,59.5,True,False
1784693716.856,692.3,5.0,False,True
1784693717.016,692.5,59.2,True,False
1784693717.175,692.6,59.1,True,False
1784693717.334,692.8,58.8,True,False
1784693717.494,692.9,59.2,True,False
1784693717.599,693.0,4.9,False,True
1784693717.759,693.2,59.4,True,False
1784693718.667,694.1,808.0,True,True
1784693718.827,694.3,59.5,True,False
1784693718.987,694.4,59.4,True,False
1784693719.146,694.6,58.8,True,False
1784693719.305,694.7,59.0,True,False
1784693719.464,694.9,58.5,True,False
1784693719.624,695.1,59.2,True,False
1784693719.729,695.2,4.7,False,True
1784693719.888,695.3,59.0,True,False
1784693720.047,695.5,58.5,True,False
1784693720.205,695.6,58.5,True,False
1784693720.365,695.8,58.8,True,False
1784693721.297,696.7,831.9,True,True
1784693721.456,696.9,59.0,True,False
1784693721.615,697.1,58.6,True,False
1784693721.774,697.2,58.6,True,False
1784693722.683,698.1,808.6,True,True
1784693722.843,698.3,59.0,True,False
1784693723.002,698.4,59.3,True,False
1784693723.161,698.6,59.0,True,False
1784693723.320,698.8,58.8,True,False
1784693724.229,699.7,808.8,True,True
1784693724.389,699.8,58.9,True,False
1784693725.297,700.7,808.6,True,True
1784693725.456,700.9,58.5,True,False
1784693725.615,701.1,58.5,True,False
1784693725.775,701.2,59.5,True,False
1784693725.934,701.4,58.7,True,False
1784693726.093,701.5,58.8,True,False
1784693726.252,701.7,58.5,True,False
1784693726.358,701.8,5.7,False,True
1784693726.534,702.0,75.7,True,False
1784693726.639,702.1,5.0,False,True
1784693726.799,702.2,59.1,True,False
1784693726.958,702.4,58.7,True,False
1784693727.117,702.6,59.0,True,False
1784693727.223,702.7,5.4,False,True
1784693727.382,702.8,58.8,True,False
1784693727.541,703.0,58.6,True,False
1784693727.700,703.1,59.3,True,False
1784693727.881,703.3,80.6,True,False
1784693728.051,703.5,69.5,True,False
1784693728.211,703.6,59.3,True,False
1784693728.370,703.8,59.1,True,False
1784693728.492,703.9,22.0,False,True
1784693728.651,704.1,59.0,True,False
1784693729.561,705.0,809.2,True,True
1784693729.720,705.2,58.8,True,False
1784693729.880,705.3,59.1,True,False
1784693730.039,705.5,58.7,True,False
1784693730.198,705.6,58.9,True,False
1784693730.357,705.8,58.5,True,False
1784693730.515,706.0,58.4,True,False
1784693730.694,706.1,78.5,True,False
1784693730.853,706.3,58.0,True,False
1784693731.012,706.5,59.1,True,False
1784693731.171,706.6,58.8,True,False
1784693731.330,706.8,58.5,True,False
1784693731.500,706.9,69.5,True,False
1784693731.614,707.1,14.6,False,True
1784693731.773,707.2,58.3,True,False
1784693731.931,707.4,58.2,True,False
1784693732.090,707.5,58.4,True,False
1784693732.248,707.7,58.3,True,False
1784693732.408,707.8,58.9,True,False
1784693733.317,708.8,809.0,True,True
1784693733.476,708.9,59.1,True,False
1784693734.400,709.8,823.5,True,True
1784693734.558,710.0,57.8,True,False
1784693734.717,710.2,59.0,True,False
1784693734.877,710.3,59.2,True,False
1784693735.036,710.5,58.5,True,False
1784693735.141,710.6,5.1,False,True
1784693736.050,711.5,808.9,True,True
1784693736.209,711.6,58.7,True,False
1784693736.369,711.8,58.9,True,False
1784693736.527,712.0,58.7,True,False
1784693736.686,712.1,58.8,True,False
1784693736.845,712.3,58.5,True,False
1784693737.004,712.4,58.6,True,False
1784693737.109,712.5,5.3,False,True
1784693738.018,713.5,808.5,True,True
1784693738.177,713.6,58.9,True,False
1784693739.086,714.5,808.9,True,True
1784693739.245,714.7,58.7,True,False
1784693739.404,714.8,58.6,True,False
1784693739.563,715.0,58.6,True,False
1784693740.472,715.9,809.1,True,True
1784693740.631,716.1,58.9,True,False
1784693740.791,716.2,58.7,True,False
1784693741.700,717.1,808.9,True,True
1784693741.859,717.3,58.8,True,False
1784693742.028,717.5,68.9,True,False
1784693742.187,717.6,58.7,True,False
1784693742.345,717.8,58.6,True,False
1784693742.504,717.9,58.6,True,False
1784693742.663,718.1,58.4,True,False
1784693742.822,718.3,59.1,True,False
1784693743.731,719.2,809.0,True,True
1784693743.890,719.3,58.4,True,False
1784693744.799,720.2,808.8,True,True
1784693744.958,720.4,58.3,True,False
1784693745.117,720.6,59.0,True,False
1784693745.277,720.7,59.8,True,False
1784693745.437,720.9,59.3,True,False
1784693745.596,721.0,58.9,True,False
1784693745.756,721.2,59.2,True,False
1784693745.914,721.4,58.1,True,False
1784693746.073,721.5,58.6,True,False
1784693746.234,721.7,59.8,True,False
1784693746.393,721.8,58.6,True,False
1784693746.575,722.0,82.4,True,False
1784693746.734,722.2,58.3,True,False
1784693746.893,722.3,58.6,True,False
1784693747.052,722.5,59.2,True,False
1784693747.211,722.6,58.7,True,False
1784693747.370,722.8,58.3,True,False
1784693747.528,723.0,58.7,True,False
1784693747.688,723.1,59.1,True,False
1784693747.794,723.2,5.5,False,True
1784693747.952,723.4,58.2,True,False
1784693748.111,723.6,59.0,True,False
1784693748.270,723.7,58.9,True,False
1784693748.429,723.9,58.5,True,False
1784693748.588,724.0,59.0,True,False
1784693748.748,724.2,58.9,True,False
1784693748.906,724.3,58.7,True,False
1784693749.065,724.5,58.3,True,False
1784693749.232,724.7,67.6,True,False
1784693750.141,725.6,808.6,True,True
1784693750.300,725.7,58.7,True,False
1784693750.460,725.9,59.0,True,False
1784693750.619,726.1,59.2,True,False
1784693750.725,726.2,5.7,False,True
1784693750.884,726.3,58.9,True,False
1784693751.042,726.5,58.4,True,False
1784693751.951,727.4,808.7,True,True
1784693752.131,727.6,79.0,True,False
1784693752.236,727.7,5.5,False,True
1784693753.145,728.6,808.4,True,True
1784693753.303,728.7,58.5,True,False
1784693754.212,729.7,808.6,True,True
1784693754.371,729.8,58.7,True,False
1784693754.531,730.0,59.0,True,False
1784693754.690,730.1,59.2,True,False
1784693754.850,730.3,59.4,True,False
1784693755.008,730.4,58.3,True,False
1784693755.168,730.6,58.8,True,False
1784693755.326,730.8,58.3,True,False
1784693755.485,730.9,58.6,True,False
1784693755.644,731.1,59.0,True,False
1784693755.804,731.2,59.3,True,False
1784693755.964,731.4,59.5,True,False
1784693756.123,731.6,58.4,True,False
1784693756.281,731.7,58.3,True,False
1784693756.441,731.9,59.1,True,False
1784693756.611,732.0,69.5,True,False
1784693756.770,732.2,59.3,True,False
1784693756.929,732.4,58.9,True,False
1784693757.034,732.5,4.4,False,True
1784693757.192,732.6,58.2,True,False
1784693757.352,732.8,59.0,True,False
1784693757.510,732.9,58.5,True,False
1784693757.670,733.1,59.0,True,False
1784693757.828,733.3,58.3,True,False
1784693757.986,733.4,57.9,True,False
1784693758.145,733.6,58.3,True,False
1784693758.304,733.7,58.4,True,False
1784693758.463,733.9,58.6,True,False
1784693759.372,734.8,809.1,True,True
1784693759.531,735.0,58.7,True,False
1784693760.440,735.9,808.5,True,True
1784693760.600,736.0,59.2,True,False
1784693760.773,736.2,73.8,True,False
1784693760.945,736.4,71.9,True,False
1784693761.117,736.6,70.8,True,False
1784693761.223,736.7,5.9,False,True
1784693761.382,736.8,58.7,True,False
1784693761.540,737.0,58.5,True,False
1784693761.700,737.1,59.0,True,False
1784693761.858,737.3,58.3,True,False
1784693762.017,737.5,58.6,True,False
1784693762.177,737.6,58.9,True,False
1784693762.335,737.8,58.1,True,False
1784693763.245,738.7,809.2,True,True
1784693763.405,738.8,59.7,True,False
1784693763.511,738.9,5.4,False,True
1784693763.670,739.1,59.6,True,False
1784693763.829,739.3,58.9,True,False
1784693763.989,739.4,59.0,True,False
1784693764.148,739.6,58.6,True,False
1784693764.306,739.7,58.4,True,False
1784693764.466,739.9,59.1,True,False
1784693765.375,740.8,809.0,True,True
1784693765.534,741.0,58.7,True,False
1784693766.443,741.9,809.2,True,True
1784693766.602,742.0,58.8,True,False
1784693766.762,742.2,58.9,True,False
1784693766.868,742.3,5.8,False,True
1784693766.973,742.4,5.3,False,True
1784693769.132,744.6,2058.1,False,True
1784693771.291,746.7,2058.1,False,True
1784693773.449,748.9,2058.4,False,True
1784693775.609,751.0,2059.5,False,True
1784693777.785,753.2,2075.9,False,True
1784693780.695,756.1,2810.0,False,True
1784693780.800,756.2,5.2,False,True
1784693782.961,758.4,2060.0,False,True
1784693783.066,758.5,5.2,False,True
1784693783.224,758.7,57.7,False,True
1784693783.383,758.8,58.1,False,True
1784693783.541,759.0,58.1,False,True
1784693784.450,759.9,808.4,False,True
1784693785.358,760.8,808.4,False,True
1784693786.529,762.0,1069.7,False,True
1784693787.713,763.2,1083.7,False,True
1784693788.900,764.3,1087.2,False,True
1784693790.084,765.5,1083.5,False,True
1784693790.242,765.7,57.3,False,True
1784693793.152,768.6,2810.2,False,True
1784693794.336,769.8,1083.6,False,True
1784693796.497,771.9,2059.9,False,True
1784693796.655,772.1,58.2,False,True
1784693797.563,773.0,808.1,False,True
1784693797.669,773.1,5.5,False,True
1784693798.578,774.0,809.4,False,True
1784693799.744,775.2,1065.4,False,True
1784693801.905,777.3,2060.4,False,True
1784693803.072,778.5,1067.0,False,True
1784693803.230,778.7,57.8,False,True
1784693804.420,779.9,1089.0,False,True
1784693805.338,780.8,818.0,False,True
1784693806.528,782.0,1089.4,False,True
1784693807.712,783.2,1084.0,False,True
1784693808.634,784.1,822.2,False,True
1784693809.824,785.3,1089.2,False,True
1784693811.995,787.4,2070.7,False,True
1784693814.156,789.6,2060.9,False,True
1784693814.314,789.8,57.9,False,True
1784693815.222,790.7,807.5,False,True
1784693817.151,792.6,1829.5,False,True
1784693817.274,792.7,22.1,False,True
1784693817.432,792.9,57.9,False,True
1784693818.623,794.1,1090.4,False,True
1784693819.531,795.0,807.8,False,True
1784693820.703,796.1,1071.5,False,True
1784693822.864,798.3,2060.5,False,True
1784693824.031,799.5,1067.0,False,True
1784693825.219,800.7,1087.3,False,True
1784693825.324,800.8,5.4,False,True
1784693826.233,801.7,807.8,False,True
1784693828.393,803.8,2060.5,False,True
1784693828.553,804.0,58.7,True,False
1784693828.712,804.2,59.3,True,False
1784693828.871,804.3,58.4,True,False
1784693829.030,804.5,58.4,True,False
1784693829.189,804.6,58.7,True,False
1784693829.348,804.8,58.9,True,False
1784693829.707,805.1,258.8,True,True
1784693829.887,805.3,79.8,True,False
1784693830.047,805.5,59.0,True,False
1784693830.207,805.6,60.0,True,False
1784693830.367,805.8,59.6,True,False
1784693832.526,808.0,2058.5,False,True
1784693832.887,808.3,260.1,True,True
1784693833.046,808.5,58.8,True,False
1784693833.205,808.6,58.6,True,False
1784693833.364,808.8,58.8,True,False
1784693833.523,809.0,58.7,True,False
1784693834.087,809.5,463.9,True,True
1784693834.260,809.7,73.0,True,False
1784693834.420,809.9,59.0,True,False
1784693835.583,811.0,1063.2,True,True
1784693835.689,811.1,5.2,False,True
1784693837.631,813.1,1842.5,True,True
1784693838.199,813.6,467.0,True,True
1784693839.107,814.5,808.3,True,True
1784693840.495,815.9,1287.4,True,True
1784693841.810,817.2,1214.4,True,True
1784693841.979,817.4,68.9,True,False
1784693842.138,817.6,58.6,True,False
1784693842.243,817.7,5.0,False,True
1784693844.402,819.8,2058.2,False,True
1784693844.561,820.0,59.0,True,False
1784693845.484,820.9,822.7,True,True
1784693847.643,823.1,2058.3,False,True
1784693847.802,823.2,58.7,True,False
1784693847.960,823.4,58.1,True,False
1784693850.120,825.6,2059.7,False,True
1784693851.029,826.5,808.8,True,True
1784693851.189,826.6,60.0,True,False
1784693851.349,826.8,59.3,True,False
1784693852.510,827.9,1060.9,True,True
1784693852.670,828.1,59.1,True,False
1784693853.579,829.0,809.0,True,True
1784693853.738,829.2,58.8,True,False
1784693854.098,829.5,259.8,True,True
1784693855.209,830.6,1011.0,True,True
1784693855.368,830.8,58.6,True,False
1784693856.277,831.7,808.9,True,True
1784693857.438,832.9,1060.9,True,True
1784693857.544,833.0,5.2,False,True
1784693857.712,833.2,67.7,True,False
1784693857.818,833.3,5.5,False,True
1784693857.978,833.4,59.9,True,False
1784693858.137,833.6,58.5,True,False
1784693858.257,833.7,19.9,False,True
1784693858.416,833.9,59.0,True,False
1784693858.522,834.0,5.6,False,True
1784693858.680,834.1,58.5,True,False
1784693858.848,834.3,67.5,True,False
1784693859.007,834.4,58.7,True,False
1784693859.167,834.6,59.2,True,False
1784693859.272,834.7,5.2,False,True
1784693859.431,834.9,58.9,True,False
1784693860.341,835.8,809.0,True,True
1784693860.498,835.9,57.0,True,False
1784693861.406,836.8,808.5,True,True
1784693861.566,837.0,59.4,True,False
1784693861.673,837.1,5.9,False,True
1784693861.778,837.2,5.1,False,True
1784693862.687,838.1,809.1,True,True
1784693862.846,838.3,58.8,True,False
1784693863.005,838.4,58.5,True,False
1784693863.165,838.6,59.6,True,False
1784693864.074,839.5,808.7,True,True
1784693864.233,839.7,58.7,True,False
1784693864.338,839.8,5.2,False,True
1784693864.466,839.9,27.9,False,True
1784693864.572,840.0,5.4,False,True
1784693864.731,840.2,59.1,True,False
1784693864.890,840.3,58.7,True,False
1784693865.049,840.5,58.9,True,False
1784693865.209,840.6,58.7,True,False
1784693865.368,840.8,58.9,True,False
1784693865.527,841.0,58.4,True,False
1784693865.686,841.1,58.5,True,False
1784693865.845,841.3,59.2,True,False
1784693866.004,841.4,59.0,True,False
1784693866.163,841.6,58.6,True,False
1784693866.331,841.8,67.4,True,False
1784693866.489,841.9,58.4,True,False
1784693866.670,842.1,80.4,True,False
1784693866.830,842.3,59.2,True,False
1784693867.011,842.4,81.1,True,False
1784693867.170,842.6,58.9,True,False
1784693867.329,842.8,58.5,True,False
1784693867.488,842.9,58.6,True,False
1784693867.647,843.1,59.4,True,False
1784693867.819,843.3,71.4,True,False
1784693867.978,843.4,59.2,True,False
1784693868.138,843.6,59.1,True,False
1784693868.308,843.7,70.4,True,False
1784693868.477,843.9,69.0,True,False
1784693868.639,844.1,61.4,True,False
1784693869.549,845.0,809.4,True,True
1784693869.709,845.1,59.6,True,False
1784693870.618,846.1,808.9,True,True
1784693870.777,846.2,59.3,True,False
1784693870.883,846.3,6.0,False,True
1784693870.989,846.4,5.2,False,True
1784693871.148,846.6,59.4,True,False
1784693871.307,846.7,58.9,True,False
1784693871.467,846.9,59.0,True,False
1784693871.627,847.1,59.8,True,False
1784693872.537,848.0,809.5,True,True
1784693872.696,848.1,58.8,True,False
1784693872.855,848.3,59.0,True,False
1784693873.764,849.2,808.7,True,True
1784693873.924,849.4,59.3,True,False
1784693874.083,849.5,58.7,True,False
1784693874.244,849.7,60.0,True,False
1784693874.404,849.8,59.8,True,False
1784693874.563,850.0,59.0,True,False
1784693874.722,850.2,58.9,True,False
1784693874.881,850.3,58.5,True,False
1784693875.040,850.5,58.6,True,False
1784693875.146,850.6,5.8,False,True
1784693875.251,850.7,4.8,False,True
1784693875.409,850.8,58.9,True,False
1784693875.569,851.0,58.8,True,False
1784693875.675,851.1,5.7,False,True
1784693875.833,851.3,58.7,True,False
1784693875.993,851.4,58.6,True,False
1784693876.901,852.3,808.5,True,True
1784693877.060,852.5,58.5,True,False
1784693877.220,852.7,59.4,True,False
1784693877.326,852.8,5.9,False,True
1784693877.494,852.9,67.8,True,False
1784693877.654,853.1,59.2,True,False
1784693878.563,854.0,808.9,True,True
1784693878.732,854.2,68.1,True,False
1784693878.837,854.3,4.9,False,True
1784693878.996,854.4,58.8,True,False
1784693879.155,854.6,58.9,True,False
1784693879.314,854.8,58.6,True,False
1784693879.474,854.9,59.7,True,False
1784693879.632,855.1,58.3,True,False
1784693879.791,855.2,58.7,True,False
1784693879.897,855.3,6.1,False,True
1784693880.074,855.5,76.0,True,False
1784693880.233,855.7,59.1,True,False
1784693880.392,855.8,58.7,True,False
1784693880.552,856.0,59.3,True,False
1784693880.711,856.1,58.7,True,False
1784693880.870,856.3,58.5,True,False
1784693881.028,856.5,58.6,True,False
1784693881.188,856.6,58.7,True,False
1784693881.360,856.8,72.0,True,False
1784693881.520,857.0,59.8,True,False
1784693881.679,857.1,58.5,True,False
1784693881.838,857.3,58.8,True,False
1784693881.998,857.4,59.1,True,False
1784693882.156,857.6,58.6,True,False
1784693882.316,857.8,58.9,True,False
1784693882.487,857.9,71.0,True,False
1784693882.647,858.1,59.4,True,False
1784693882.753,858.2,5.7,False,True
1784693882.859,858.3,5.7,False,True
1784693883.769,859.2,809.2,True,True
1784693883.928,859.4,59.3,True,False
1784693884.034,859.5,5.1,False,True
1784693884.193,859.6,58.7,True,False
1784693884.352,859.8,58.5,True,False
1784693884.511,860.0,59.1,True,False
1784693884.670,860.1,58.5,True,False
1784693884.830,860.3,58.9,True,False
1784693884.989,860.4,58.5,True,False
1784693885.148,860.6,58.9,True,False
1784693886.057,861.5,808.5,True,True
1784693886.229,861.7,72.3,True,False
1784693887.138,862.6,808.9,True,True
1784693887.297,862.7,58.9,True,False
1784693887.456,862.9,58.7,True,False
1784693887.561,863.0,5.4,False,True
1784693887.721,863.2,59.3,True,False
1784693887.881,863.3,59.6,True,False
1784693888.041,863.5,59.5,True,False
1784693888.220,863.7,78.6,True,False
1784693889.129,864.6,808.7,True,True
1784693889.288,864.7,58.8,True,False
1784693889.447,864.9,59.0,True,False
1784693889.606,865.0,58.7,True,False
1784693889.765,865.2,59.0,True,False
1784693889.934,865.4,68.7,True,False
1784693890.094,865.5,58.8,True,False
1784693890.253,865.7,58.8,True,False
1784693890.412,865.9,58.8,True,False
1784693890.571,866.0,58.8,True,False
1784693890.730,866.2,58.7,True,False
1784693890.889,866.3,58.7,True,False
1784693891.048,866.5,58.7,True,False
1784693891.207,866.6,58.9,True,False
1784693891.366,866.8,58.7,True,False
1784693891.525,867.0,58.7,True,False
1784693891.699,867.1,73.0,True,False
1784693891.858,867.3,58.7,True,False
1784693892.017,867.5,59.2,True,False
1784693892.177,867.6,59.2,True,False
1784693893.086,868.5,808.9,True,True
1784693893.245,868.7,59.1,True,False
1784693893.352,868.8,5.9,False,True
1784693893.512,869.0,60.6,True,False
1784693893.672,869.1,58.9,True,False
1784693893.831,869.3,58.8,True,False
1784693893.989,869.4,58.5,True,False
1784693894.148,869.6,58.4,True,False
1784693894.307,869.7,58.8,True,False
1784693894.466,869.9,59.0,True,False
1784693894.638,870.1,71.3,True,False
1784693894.797,870.2,58.8,True,False
1784693894.956,870.4,59.0,True,False
1784693895.062,870.5,6.0,False,True
1784693895.971,871.4,808.4,True,True
1784693896.130,871.6,58.6,True,False
1784693896.236,871.7,5.6,False,True
1784693896.395,871.8,59.3,True,False
1784693896.554,872.0,58.7,True,False
1784693896.713,872.2,58.6,True,False
1784693897.622,873.1,809.0,True,True
1784693897.782,873.2,59.6,True,False
1784693897.941,873.4,58.6,True,False
1784693898.850,874.3,808.2,True,True
1784693899.009,874.4,58.5,True,False
1784693899.918,875.4,809.1,True,True
1784693900.077,875.5,58.4,True,False
1784693900.182,875.6,5.3,False,True
1784693901.091,876.5,808.5,True,True
1784693901.250,876.7,58.7,True,False
1784693901.378,876.8,27.5,False,True
1784693901.537,877.0,58.7,True,False
1784693901.696,877.1,58.8,True,False
1784693901.855,877.3,58.7,True,False
1784693902.786,878.2,831.0,True,True
1784693902.965,878.4,78.1,True,False
1784693903.874,879.3,809.2,True,True
1784693904.047,879.5,72.9,True,False
1784693904.208,879.6,60.4,True,False
1784693904.367,879.8,58.8,True,False
1784693904.526,880.0,58.5,True,False
1784693904.632,880.1,5.5,False,True
1784693904.738,880.2,5.6,False,True
1784693904.897,880.3,58.6,True,False
1784693905.829,881.3,831.3,True,True
1784693905.988,881.4,58.8,True,False
1784693906.094,881.5,5.3,False,True
1784693906.253,881.7,58.6,True,False
1784693906.425,881.9,72.5,True,False
1784693906.585,882.0,59.0,True,False
1784693906.744,882.2,59.4,True,False
1784693906.921,882.4,76.3,True,False
1784693907.079,882.5,58.3,True,False
1784693907.239,882.7,59.3,True,False
1784693907.398,882.8,59.1,True,False
1784693907.558,883.0,58.9,True,False
1784693907.716,883.2,58.4,True,False
1784693907.842,883.3,25.5,False,True
1784693908.001,883.4,58.8,True,False
1784693908.160,883.6,58.7,True,False
1784693908.319,883.8,58.7,True,False
1784693908.477,883.9,58.2,True,False
1784693908.637,884.1,59.3,True,False
1784693908.796,884.2,58.6,True,False
1784693908.955,884.4,58.7,True,False
1784693909.114,884.6,59.0,True,False
1784693909.275,884.7,60.4,True,False
1784693909.380,884.8,5.3,False,True
1784693909.539,885.0,58.5,True,False
1784693909.698,885.1,59.3,True,False
1784693909.858,885.3,59.2,True,False
1784693910.017,885.5,59.2,True,False
1784693910.177,885.6,58.8,True,False
1784693910.349,885.8,72.4,True,False
1784693910.508,885.9,58.7,True,False
1784693910.668,886.1,59.0,True,False
1784693910.827,886.3,58.6,True,False
1784693910.986,886.4,59.1,True,False
1784693911.147,886.6,60.2,True,False
1784693911.306,886.7,58.8,True,False
1784693911.465,886.9,58.3,True,False
1784693911.623,887.1,58.7,True,False
1784693911.782,887.2,58.8,True,False
1784693911.941,887.4,58.7,True,False
1784693912.100,887.5,58.5,True,False
1784693912.259,887.7,58.7,True,False
1784693912.419,887.9,58.9,True,False
1784693912.578,888.0,58.6,True,False
1784693912.737,888.2,59.1,True,False
1784693912.895,888.3,58.0,True,False
1784693913.055,888.5,59.2,True,False
1784693913.227,888.7,72.3,True,False
1784693913.386,888.8,58.6,True,False
1784693913.545,889.0,58.7,True,False
1784693913.704,889.1,58.8,True,False
1784693913.863,889.3,59.1,True,False
1784693914.772,890.2,808.6,True,True
1784693914.932,890.4,59.0,True,False
1784693915.037,890.5,5.1,False,True
1784693915.946,891.4,808.7,True,True
1784693916.105,891.5,58.9,True,False
1784693916.210,891.6,5.1,False,True
1784693916.369,891.8,58.8,True,False
1784693916.529,892.0,58.9,True,False
1784693916.688,892.1,59.7,True,False
1784693916.847,892.3,58.9,True,False
1784693917.757,893.2,809.1,True,True
1784693917.916,893.4,58.9,True,False
1784693918.075,893.5,58.7,True,False
1784693918.235,893.7,59.6,True,False
1784693918.395,893.8,59.4,True,False
1784693918.568,894.0,73.0,True,False
1784693918.729,894.2,60.6,True,False
1784693918.905,894.3,76.2,True,False
1784693919.064,894.5,58.6,True,False
1784693919.224,894.7,59.2,True,False
1784693919.382,894.8,58.7,True,False
1784693919.542,895.0,59.1,True,False
1784693919.702,895.1,59.6,True,False
1784693919.862,895.3,59.6,True,False
1784693920.021,895.5,58.9,True,False
1784693920.180,895.6,58.7,True,False
1784693920.339,895.8,59.2,True,False
1784693920.498,895.9,58.7,True,False
1784693921.407,896.8,808.8,True,True
1784693921.566,897.0,58.8,True,False
1784693921.727,897.2,59.9,True,False
1784693922.636,898.1,809.3,True,True
1784693922.796,898.2,59.5,True,False
1784693922.955,898.4,58.9,True,False
1784693923.864,899.3,808.6,True,True
1784693924.023,899.5,58.7,True,False
1784693924.182,899.6,58.7,True,False
1784693925.106,900.5,823.9,True,True
1784693925.265,900.7,58.5,True,False
1784693926.174,901.6,809.0,True,True
1784693926.333,901.8,58.2,True,False
1784693927.242,902.7,808.7,True,True
1784693927.401,902.8,59.1,True,False
1784693928.310,903.7,808.5,True,True
1784693928.470,903.9,59.3,True,False
1784693928.629,904.1,58.7,True,False
1784693929.538,905.0,808.6,True,True
1784693929.696,905.1,58.5,True,False
1784693929.856,905.3,58.8,True,False
1784693929.962,905.4,6.0,False,True
1784693930.122,905.6,59.8,True,False
1784693930.282,905.7,59.7,True,False
1784693930.462,905.9,80.7,True,False
1784693930.632,906.1,69.2,True,False
1784693930.791,906.2,58.8,True,False
1784693930.896,906.3,4.8,False,True
1784693931.055,906.5,59.0,True,False
1784693931.964,907.4,808.2,True,True
1784693932.123,907.6,58.4,True,False
1784693932.282,907.7,59.0,True,False
1784693932.441,907.9,58.7,True,False
1784693932.600,908.0,59.0,True,False
1784693932.759,908.2,58.5,True,False
1784693932.919,908.4,58.8,True,False
1784693933.078,908.5,58.8,True,False
1784693933.237,908.7,58.8,True,False
1784693933.395,908.8,58.5,True,False
1784693934.305,909.7,808.7,True,True
1784693934.463,909.9,58.4,True,False
1784693935.373,910.8,809.2,True,True
1784693935.533,911.0,59.7,True,False
1784693935.693,911.1,59.2,True,False
1784693936.602,912.0,808.7,True,True
1784693936.761,912.2,58.9,True,False
1784693937.670,913.1,809.0,True,True
1784693937.830,913.3,59.5,True,False
1784693937.989,913.4,58.5,True,False
1784693938.148,913.6,59.2,True,False
1784693938.308,913.7,59.4,True,False
1784693938.467,913.9,58.2,True,False
1784693938.572,914.0,5.3,False,True
1784693939.481,914.9,808.2,True,True
1784693939.640,915.1,58.9,True,False
1784693939.799,915.2,59.1,True,False
1784693939.959,915.4,59.6,True,False
1784693940.119,915.6,59.0,True,False
1784693940.277,915.7,58.6,True,False
1784693941.200,916.6,822.6,True,True
1784693941.360,916.8,59.1,True,False
1784693941.484,916.9,23.7,False,True
1784693941.643,917.1,58.8,True,False
1784693941.802,917.2,58.5,True,False
1784693941.961,917.4,59.0,True,False
1784693942.120,917.6,58.8,True,False
1784693942.279,917.7,58.7,True,False
1784693942.438,917.9,58.5,True,False
1784693942.620,918.1,82.0,True,False
1784693942.779,918.2,58.7,True,False
1784693942.938,918.4,58.9,True,False
1784693943.097,918.5,58.9,True,False
1784693943.271,918.7,74.0,True,False
1784693943.430,918.9,58.5,True,False
1784693943.589,919.0,58.9,True,False
1784693943.749,919.2,59.0,True,False
1784693943.908,919.3,58.5,True,False
1784693944.067,919.5,59.1,True,False
1784693944.226,919.7,58.9,True,False
1784693944.385,919.8,58.5,True,False
1784693945.294,920.7,808.7,True,True
1784693945.453,920.9,58.8,True,False
1784693945.560,921.0,5.9,False,True
1784693945.665,921.1,5.6,False,True
1784693946.574,922.0,808.4,True,True
1784693946.733,922.2,58.1,True,False
1784693947.641,923.1,808.5,True,True
1784693947.801,923.2,59.7,True,False
1784693947.960,923.4,58.6,True,False
1784693948.118,923.6,58.3,True,False
1784693948.277,923.7,58.9,True,False
1784693948.436,923.9,58.3,True,False
1784693948.595,924.0,58.8,True,False
1784693949.504,924.9,808.7,True,True
1784693949.676,925.1,71.5,True,False
1784693949.835,925.3,58.7,True,False
1784693950.745,926.2,809.6,True,True
1784693950.904,926.3,59.2,True,False
1784693951.064,926.5,59.3,True,False
1784693951.224,926.7,60.1,True,False
1784693952.133,927.6,808.3,True,True
1784693952.302,927.7,69.3,True,False
1784693952.407,927.8,4.9,False,True
1784693952.513,928.0,5.0,False,True
1784693953.422,928.9,808.8,True,True
1784693953.581,929.0,58.6,True,False
1784693954.490,929.9,808.6,True,True
1784693954.649,930.1,58.6,True,False
1784693954.754,930.2,5.6,False,True
1784693954.914,930.4,59.0,True,False
1784693955.091,930.5,76.9,True,False
1784693955.251,930.7,58.9,True,False
1784693955.432,930.9,80.9,True,False
1784693955.591,931.0,58.6,True,False
1784693955.751,931.2,59.5,True,False
1784693955.910,931.3,58.9,True,False
1784693956.069,931.5,58.6,True,False
1784693956.977,932.4,808.7,True,True
1784693957.137,932.6,58.7,True,False
1784693957.295,932.7,58.3,True,False
1784693957.454,932.9,59.0,True,False
1784693957.614,933.1,59.0,True,False
1784693957.773,933.2,59.4,True,False
1784693957.943,933.4,68.6,True,False
1784693958.102,933.5,58.7,True,False
1784693958.260,933.7,58.7,True,False
1784693958.420,933.9,58.8,True,False
1784693958.579,934.0,58.9,True,False
1784693958.738,934.2,58.9,True,False
1784693958.897,934.3,58.4,True,False
1784693959.821,935.3,823.9,True,True
1784693959.981,935.4,59.6,True,False
1784693960.140,935.6,58.6,True,False
1784693960.298,935.7,58.5,True,False
1784693960.404,935.8,5.6,False,True
1784693960.563,936.0,59.0,True,False
1784693960.722,936.2,58.7,True,False
1784693960.900,936.3,78.1,True,False
1784693961.069,936.5,68.5,True,False
1784693961.979,937.4,809.5,True,True
1784693962.138,937.6,58.9,True,False
1784693963.047,938.5,808.7,True,True
1784693963.207,938.6,59.2,True,False
1784693963.312,938.8,5.3,False,True
1784693963.418,938.9,5.4,False,True
1784693963.523,939.0,5.5,False,True
1784693963.682,939.1,58.6,True,False
1784693963.842,939.3,59.2,True,False
1784693964.001,939.4,59.5,True,False
1784693964.911,940.3,808.6,True,True
1784693965.070,940.5,58.6,True,False
1784693965.979,941.4,809.0,True,True
1784693966.139,941.6,59.4,True,False
1784693966.298,941.7,58.7,True,False
1784693966.424,941.9,25.9,False,True
1784693967.333,942.8,809.2,True,True
1784693967.511,943.0,77.9,True,False
1784693967.670,943.1,58.4,True,False
1784693967.830,943.3,59.4,True,False
1784693968.005,943.4,74.6,True,False
1784693968.165,943.6,59.6,True,False
1784693968.323,943.8,58.4,True,False
1784693969.233,944.7,809.2,True,True
1784693969.391,944.8,58.7,True,False
1784693969.550,945.0,58.7,True,False
1784693969.709,945.1,58.7,True,False
1784693969.868,945.3,58.6,True,False
1784693970.028,945.5,59.4,True,False
1784693970.188,945.6,59.3,True,False
1784693970.346,945.8,58.2,True,False
1784693971.255,946.7,809.1,True,True
1784693971.414,946.9,58.7,True,False
1784693971.573,947.0,58.8,True,False
1784693971.732,947.2,58.6,True,False
1784693971.901,947.3,69.0,True,False
1784693972.060,947.5,59.1,True,False
1784693972.220,947.7,59.4,True,False
1784693972.379,947.8,59.1,True,False
1784693972.554,948.0,73.9,True,False
1784693972.724,948.2,69.9,True,False
1784693972.883,948.3,58.4,True,False
1784693973.042,948.5,58.9,True,False
1784693973.147,948.6,5.2,False,True
1784693973.306,948.7,58.5,True,False
1784693974.215,949.7,808.9,True,True
1784693974.374,949.8,58.5,True,False
1784693974.534,950.0,59.2,True,False
