ts,elapsed_s,latency_ms,ok,sla_violated
1784598240.002,0.1,99.0,True,False
1784598240.164,0.3,61.4,True,False
1784598240.323,0.4,58.9,True,False
1784598240.492,0.6,69.0,True,False
1784598240.661,0.8,68.6,True,False
1784598240.833,0.9,71.1,True,False
1784598241.004,1.1,70.7,True,False
1784598241.163,1.3,59.4,True,False
1784598241.332,1.4,68.8,True,False
1784598241.491,1.6,59.2,True,False
1784598241.672,1.8,80.4,True,False
1784598241.841,1.9,68.3,True,False
1784598242.010,2.1,68.8,True,False
1784598242.170,2.3,59.4,True,False
1784598242.329,2.4,59.0,True,False
1784598242.489,2.6,59.5,True,False
1784598242.648,2.7,59.5,True,False
1784598242.808,2.9,59.5,True,False
1784598242.967,3.1,59.2,True,False
1784598243.127,3.2,59.5,True,False
1784598243.286,3.4,59.1,True,False
1784598243.469,3.6,82.3,True,False
1784598243.628,3.7,59.7,True,False
1784598243.788,3.9,59.5,True,False
1784598243.949,4.0,59.7,True,False
1784598244.108,4.2,59.2,True,False
1784598244.268,4.4,59.4,True,False
1784598244.440,4.5,72.5,True,False
1784598244.600,4.7,59.2,True,False
1784598244.784,4.9,83.5,True,False
1784598244.943,5.0,59.3,True,False
1784598245.103,5.2,59.4,True,False
1784598245.263,5.4,59.5,True,False
1784598245.421,5.5,58.5,True,False
1784598245.581,5.7,59.3,True,False
1784598245.740,5.8,59.3,True,False
1784598245.900,6.0,59.5,True,False
1784598246.079,6.2,78.0,True,False
1784598246.238,6.3,58.6,True,False
1784598246.397,6.5,59.6,True,False
1784598246.557,6.7,59.6,True,False
1784598246.717,6.8,59.7,True,False
1784598246.877,7.0,59.3,True,False
1784598247.036,7.1,59.2,True,False
1784598247.196,7.3,59.2,True,False
1784598247.365,7.5,68.6,True,False
1784598247.524,7.6,59.2,True,False
1784598247.683,7.8,59.1,True,False
1784598247.843,7.9,59.4,True,False
1784598248.003,8.1,59.3,True,False
1784598248.162,8.3,59.3,True,False
1784598248.322,8.4,59.2,True,False
1784598248.482,8.6,59.7,True,False
1784598248.641,8.7,59.1,True,False
1784598248.815,8.9,74.1,True,False
1784598248.974,9.1,58.8,True,False
1784598249.154,9.3,78.9,True,False
1784598249.314,9.4,59.4,True,False
1784598249.473,9.6,59.3,True,False
1784598249.633,9.7,59.7,True,False
1784598249.793,9.9,59.1,True,False
1784598249.953,10.0,59.4,True,False
1784598250.128,10.2,75.7,True,False
1784598250.288,10.4,59.2,True,False
1784598250.447,10.5,59.2,True,False
1784598250.607,10.7,60.0,True,False
1784598250.766,10.9,57.9,True,False
1784598250.925,11.0,59.1,True,False
1784598251.085,11.2,59.5,True,False
1784598251.245,11.3,59.3,True,False
1784598251.404,11.5,59.3,True,False
1784598251.564,11.7,59.2,True,False
1784598251.724,11.8,59.3,True,False
1784598251.893,12.0,69.5,True,False
1784598252.053,12.1,59.1,True,False
1784598252.213,12.3,59.5,True,False
1784598252.389,12.5,76.1,True,False
1784598252.549,12.6,59.6,True,False
1784598252.708,12.8,59.6,True,False
1784598252.868,13.0,59.1,True,False
1784598253.027,13.1,59.5,True,False
1784598253.186,13.3,58.9,True,False
1784598253.346,13.4,59.2,True,False
1784598253.506,13.6,59.8,True,False
1784598253.665,13.8,59.6,True,False
1784598253.824,13.9,58.7,True,False
1784598253.984,14.1,59.6,True,False
1784598254.155,14.3,70.6,True,False
1784598254.314,14.4,59.0,True,False
1784598254.473,14.6,59.1,True,False
1784598254.633,14.7,59.6,True,False
1784598254.793,14.9,59.2,True,False
1784598254.952,15.0,59.3,True,False
1784598255.112,15.2,59.6,True,False
1784598255.272,15.4,59.1,True,False
1784598255.431,15.5,59.3,True,False
1784598255.590,15.7,59.0,True,False
1784598255.750,15.8,59.6,True,False
1784598255.910,16.0,59.2,True,False
1784598256.068,16.2,58.2,True,False
1784598256.228,16.3,59.4,True,False
1784598256.388,16.5,59.6,True,False
1784598256.566,16.7,77.9,True,False
1784598256.726,16.8,59.1,True,False
1784598256.886,17.0,59.4,True,False
1784598257.060,17.2,73.4,True,False
1784598257.219,17.3,59.4,True,False
1784598257.378,17.5,58.9,True,False
1784598257.538,17.6,59.1,True,False
1784598257.697,17.8,59.3,True,False
1784598257.857,18.0,58.9,True,False
1784598258.039,18.1,82.9,True,False
1784598258.208,18.3,68.1,True,False
1784598258.367,18.5,59.3,True,False
1784598258.527,18.6,59.2,True,False
1784598258.687,18.8,59.3,True,False
1784598258.850,18.9,62.4,True,False
1784598259.009,19.1,59.1,True,False
1784598259.168,19.3,59.1,True,False
1784598259.351,19.4,82.2,True,False
1784598259.510,19.6,59.1,True,False
1784598259.670,19.8,59.1,True,False
1784598259.829,19.9,59.3,True,False
1784598259.989,20.1,59.1,True,False
1784598260.171,20.3,82.6,True,False
1784598260.331,20.4,59.1,True,False
1784598260.490,20.6,58.9,True,False
1784598260.666,20.8,75.1,True,False
1784598260.836,20.9,70.0,True,False
1784598260.995,21.1,59.1,True,False
1784598261.155,21.3,59.2,True,False
1784598261.315,21.4,59.7,True,False
1784598261.487,21.6,71.7,True,False
1784598261.646,21.7,59.2,True,False
1784598261.806,21.9,59.2,True,False
1784598261.965,22.1,58.6,True,False
1784598262.124,22.2,58.8,True,False
1784598262.283,22.4,59.3,True,False
1784598262.443,22.5,59.2,True,False
1784598262.602,22.7,59.1,True,False
1784598262.762,22.9,59.4,True,False
1784598262.922,23.0,59.8,True,False
1784598263.082,23.2,59.1,True,False
1784598263.241,23.3,59.2,True,False
1784598263.402,23.5,59.8,True,False
1784598263.562,23.7,59.7,True,False
1784598263.721,23.8,59.3,True,False
1784598263.881,24.0,59.2,True,False
1784598264.040,24.1,58.7,True,False
1784598264.199,24.3,59.2,True,False
1784598264.359,24.5,59.5,True,False
1784598264.540,24.6,80.0,True,False
1784598264.699,24.8,58.9,True,False
1784598264.858,25.0,59.3,True,False
1784598265.017,25.1,59.1,True,False
1784598265.191,25.3,72.7,True,False
1784598265.350,25.4,59.2,True,False
1784598265.509,25.6,59.2,True,False
1784598265.669,25.8,59.2,True,False
1784598265.837,25.9,67.7,True,False
1784598265.997,26.1,59.2,True,False
1784598266.164,26.3,67.6,True,False
1784598266.324,26.4,59.7,True,False
1784598266.505,26.6,79.8,True,False
1784598266.664,26.8,58.9,True,False
1784598266.822,26.9,58.3,True,False
1784598266.981,27.1,59.3,True,False
1784598267.141,27.2,59.3,True,False
1784598267.301,27.4,59.1,True,False
1784598267.460,27.6,59.6,True,False
1784598267.621,27.7,60.8,True,False
1784598267.792,27.9,70.0,True,False
1784598267.951,28.0,58.9,True,False
1784598268.133,28.2,81.4,True,False
1784598268.292,28.4,59.3,True,False
1784598268.452,28.5,59.0,True,False
1784598268.611,28.7,59.2,True,False
1784598268.783,28.9,71.3,True,False
1784598268.943,29.0,59.2,True,False
1784598269.102,29.2,59.2,True,False
1784598269.262,29.4,59.5,True,False
1784598269.433,29.5,70.5,True,False
1784598269.602,29.7,69.0,True,False
1784598269.774,29.9,71.8,True,False
1784598269.934,30.0,59.6,True,False
1784598270.114,30.2,79.4,True,False
1784598270.273,30.4,58.7,True,False
1784598270.432,30.5,59.3,True,False
1784598270.592,30.7,59.4,True,False
1784598270.751,30.8,58.8,True,False
1784598270.911,31.0,59.5,True,False
1784598271.091,31.2,80.3,True,False
1784598271.251,31.3,58.8,True,False
1784598271.432,31.5,81.8,True,False
1784598271.592,31.7,59.1,True,False
1784598271.760,31.9,67.5,True,False
1784598271.919,32.0,59.3,True,False
1784598272.079,32.2,59.3,True,False
1784598272.238,32.3,58.4,True,False
1784598272.397,32.5,58.8,True,False
1784598272.556,32.7,59.0,True,False
1784598272.716,32.8,59.8,True,False
1784598272.876,33.0,59.5,True,False
1784598273.036,33.1,59.3,True,False
1784598273.195,33.3,59.2,True,False
1784598273.371,33.5,75.4,True,False
1784598273.531,33.6,59.5,True,False
1784598273.690,33.8,59.2,True,False
1784598273.866,34.0,74.9,True,False
1784598274.036,34.1,69.7,True,False
1784598274.195,34.3,59.4,True,False
1784598274.355,34.5,59.5,True,False
1784598274.515,34.6,59.6,True,False
1784598274.675,34.8,59.2,True,False
1784598274.854,35.0,78.9,True,False
1784598275.014,35.1,59.7,True,False
1784598275.173,35.3,59.1,True,False
1784598275.332,35.4,58.6,True,False
1784598275.492,35.6,59.4,True,False
1784598275.652,35.7,59.3,True,False
1784598275.811,35.9,59.0,True,False
1784598275.971,36.1,59.4,True,False
1784598276.131,36.2,59.8,True,False
1784598276.291,36.4,59.2,True,False
1784598276.451,36.5,60.3,True,False
1784598276.621,36.7,69.5,True,False
1784598276.781,36.9,59.4,True,False
1784598276.940,37.0,59.1,True,False
1784598277.119,37.2,78.7,True,False
1784598277.279,37.4,59.2,True,False
1784598277.460,37.6,81.2,True,False
1784598277.620,37.7,59.0,True,False
1784598277.780,37.9,59.8,True,False
1784598277.940,38.0,59.4,True,False
1784598278.099,38.2,59.4,True,False
1784598278.260,38.4,60.3,True,False
1784598278.419,38.5,59.3,True,False
1784598278.579,38.7,59.2,True,False
1784598278.738,38.8,59.3,True,False
1784598278.898,39.0,59.4,True,False
1784598279.058,39.2,59.4,True,False
1784598279.217,39.3,59.5,True,False
1784598279.376,39.5,58.7,True,False
1784598279.535,39.6,59.2,True,False
1784598279.695,39.8,59.2,True,False
1784598279.854,40.0,59.1,True,False
1784598280.014,40.1,59.4,True,False
1784598280.174,40.3,59.2,True,False
1784598280.334,40.4,59.6,True,False
1784598280.493,40.6,59.3,True,False
1784598280.652,40.7,59.3,True,False
1784598280.812,40.9,59.3,True,False
1784598280.981,41.1,68.6,True,False
1784598281.141,41.2,59.4,True,False
1784598281.300,41.4,59.2,True,False
1784598281.459,41.6,59.1,True,False
1784598281.618,41.7,58.8,True,False
1784598281.778,41.9,59.2,True,False
1784598281.938,42.0,59.2,True,False
1784598282.098,42.2,59.8,True,False
1784598282.257,42.4,58.8,True,False
1784598282.417,42.5,59.9,True,False
1784598282.577,42.7,59.4,True,False
1784598282.735,42.8,58.1,True,False
1784598282.895,43.0,59.3,True,False
1784598283.055,43.2,59.4,True,False
1784598283.215,43.3,59.8,True,False
1784598283.395,43.5,78.8,True,False
1784598283.554,43.7,59.1,True,False
1784598283.714,43.8,59.6,True,False
1784598283.874,44.0,59.1,True,False
1784598284.033,44.1,59.6,True,False
1784598284.193,44.3,59.8,True,False
1784598284.371,44.5,77.1,True,False
1784598284.530,44.6,59.4,True,False
1784598284.690,44.8,58.9,True,False
1784598284.850,44.9,59.5,True,False
1784598285.009,45.1,59.2,True,False
1784598285.169,45.3,59.2,True,False
1784598285.329,45.4,59.7,True,False
1784598285.488,45.6,59.1,True,False
1784598285.647,45.7,59.0,True,False
1784598285.807,45.9,58.9,True,False
1784598285.966,46.1,59.3,True,False
1784598286.126,46.2,59.5,True,False
1784598286.285,46.4,59.1,True,False
1784598286.444,46.5,59.1,True,False
1784598286.614,46.7,69.0,True,False
1784598286.773,46.9,59.4,True,False
1784598286.933,47.0,59.6,True,False
1784598287.109,47.2,75.5,True,False
1784598287.268,47.4,59.3,True,False
1784598287.428,47.5,59.2,True,False
1784598287.605,47.7,76.8,True,False
1784598287.765,47.9,59.4,True,False
1784598287.925,48.0,59.7,True,False
1784598288.083,48.2,58.1,True,False
1784598288.242,48.3,58.8,True,False
1784598288.402,48.5,59.2,True,False
1784598288.562,48.7,59.5,True,False
1784598288.721,48.8,59.5,True,False
1784598288.882,49.0,60.2,True,False
1784598289.064,49.2,82.1,True,False
1784598289.235,49.3,70.8,True,False
1784598289.395,49.5,59.5,True,False
1784598289.579,49.7,83.9,True,False
1784598289.738,49.8,58.9,True,False
1784598289.898,50.0,59.4,True,False
1784598290.058,50.2,59.9,True,False
1784598290.217,50.3,59.4,True,False
1784598290.376,50.5,58.4,True,False
1784598290.535,50.6,59.1,True,False
1784598290.695,50.8,59.3,True,False
1784598290.854,51.0,59.5,True,False
1784598291.014,51.1,59.4,True,False
1784598291.188,51.3,73.5,True,False
1784598291.358,51.5,69.6,True,False
1784598291.517,51.6,58.9,True,False
1784598291.677,51.8,59.2,True,False
1784598291.836,51.9,59.2,True,False
1784598291.996,52.1,59.1,True,False
1784598292.155,52.3,59.0,True,False
1784598292.337,52.4,82.0,True,False
1784598292.508,52.6,70.2,True,False
1784598292.667,52.8,59.1,True,False
1784598292.835,52.9,67.6,True,False
1784598292.995,53.1,59.3,True,False
1784598293.154,53.3,59.0,True,False
1784598293.329,53.4,74.6,True,False
1784598293.488,53.6,58.5,True,False
1784598293.647,53.7,59.0,True,False
1784598293.808,53.9,59.8,True,False
1784598293.967,54.1,59.3,True,False
1784598294.127,54.2,59.4,True,False
1784598294.302,54.4,73.9,True,False
1784598294.461,54.6,59.0,True,False
1784598294.621,54.7,59.1,True,False
1784598294.792,54.9,70.2,True,False
1784598294.951,55.0,59.0,True,False
1784598295.133,55.2,82.5,True,False
1784598295.293,55.4,59.3,True,False
1784598295.452,55.5,59.3,True,False
1784598295.628,55.7,75.0,True,False
1784598295.787,55.9,59.2,True,False
1784598295.947,56.0,59.3,True,False
1784598296.106,56.2,59.2,True,False
1784598296.266,56.4,59.8,True,False
1784598296.425,56.5,58.9,True,False
1784598296.601,56.7,75.6,True,False
1784598296.761,56.9,59.3,True,False
1784598296.920,57.0,59.3,True,False
1784598297.080,57.2,59.5,True,False
1784598297.239,57.3,59.2,True,False
1784598297.399,57.5,59.2,True,False
1784598297.578,57.7,78.8,True,False
1784598297.748,57.8,69.6,True,False
1784598297.907,58.0,59.2,True,False
1784598298.067,58.2,59.2,True,False
1784598298.227,58.3,59.7,True,False
1784598298.386,58.5,59.0,True,False
1784598298.545,58.6,58.9,True,False
1784598298.705,58.8,59.1,True,False
1784598298.864,59.0,59.2,True,False
1784598299.045,59.1,80.6,True,False
1784598299.205,59.3,59.6,True,False
1784598299.364,59.5,59.8,True,False
1784598299.524,59.6,59.2,True,False
1784598299.684,59.8,59.7,True,False
1784598299.843,59.9,59.1,True,False
1784598300.002,60.1,58.8,True,False
1784598300.162,60.3,59.6,True,False
1784598300.340,60.4,77.8,True,False
1784598300.500,60.6,59.6,True,False
1784598300.660,60.8,59.3,True,False
1784598300.819,60.9,59.3,True,False
1784598300.979,61.1,59.0,True,False
1784598301.138,61.2,59.2,True,False
1784598301.298,61.4,59.4,True,False
1784598301.458,61.6,59.6,True,False
1784598301.617,61.7,59.1,True,False
1784598301.777,61.9,59.5,True,False
1784598301.936,62.0,58.9,True,False
1784598302.096,62.2,59.6,True,False
1784598302.255,62.4,59.2,True,False
1784598302.415,62.5,59.6,True,False
1784598302.574,62.7,59.1,True,False
1784598302.734,62.8,59.2,True,False
1784598302.894,63.0,59.7,True,False
1784598303.053,63.2,59.2,True,False
1784598303.213,63.3,59.6,True,False
1784598303.373,63.5,59.2,True,False
1784598303.983,64.1,509.7,True,True
1784598304.153,64.3,70.0,True,False
1784598304.312,64.4,59.1,True,False
1784598304.940,65.0,527.4,True,True
1784598305.100,65.2,59.3,True,False
1784598305.718,65.8,518.2,True,True
1784598305.877,66.0,58.6,True,False
1784598306.036,66.1,59.0,True,False
1784598306.645,66.7,509.2,True,True
1784598306.805,66.9,59.3,True,False
1784598307.425,67.5,519.8,True,True
1784598307.584,67.7,59.3,True,False
1784598308.194,68.3,509.5,True,True
1784598308.354,68.5,59.5,True,False
1784598308.513,68.6,59.7,True,False
1784598308.686,68.8,72.5,True,False
1784598308.846,68.9,59.3,True,False
1784598309.025,69.1,78.8,True,False
1784598309.184,69.3,58.8,True,False
1784598309.344,69.4,59.1,True,False
1784598309.503,69.6,59.1,True,False
1784598309.663,69.8,59.5,True,False
1784598309.822,69.9,58.8,True,False
1784598310.002,70.1,79.9,True,False
1784598310.162,70.3,59.0,True,False
1784598310.321,70.4,58.9,True,False
1784598310.481,70.6,58.8,True,False
1784598310.640,70.7,59.1,True,False
1784598310.822,70.9,81.7,True,False
1784598311.432,71.5,509.6,True,True
1784598311.592,71.7,59.4,True,False
1784598312.201,72.3,509.2,True,True
1784598312.372,72.5,70.4,True,False
1784598312.532,72.6,59.4,True,False
1784598313.165,73.3,532.7,True,True
1784598313.324,73.4,59.4,True,False
1784598313.934,74.0,509.6,True,True
1784598314.093,74.2,59.3,True,False
1784598314.253,74.3,59.5,True,False
1784598314.413,74.5,59.5,True,False
1784598314.573,74.7,59.1,True,False
1784598315.183,75.3,509.8,True,True
1784598315.343,75.4,59.5,True,False
1784598315.502,75.6,59.2,True,False
1784598315.662,75.8,59.2,True,False
1784598315.821,75.9,58.6,True,False
1784598316.002,76.1,81.6,True,False
1784598316.162,76.3,59.1,True,False
1784598316.321,76.4,59.3,True,False
1784598316.482,76.6,59.9,True,False
1784598316.640,76.7,58.4,True,False
1784598316.800,76.9,59.0,True,False
1784598316.959,77.1,59.3,True,False
1784598317.119,77.2,59.3,True,False
1784598317.278,77.4,59.2,True,False
1784598317.438,77.5,59.7,True,False
1784598317.598,77.7,58.9,True,False
1784598317.758,77.9,59.8,True,False
1784598317.917,78.0,59.2,True,False
1784598318.077,78.2,59.5,True,False
1784598318.237,78.3,59.1,True,False
1784598318.396,78.5,59.0,True,False
1784598318.556,78.7,59.4,True,False
1784598318.716,78.8,59.4,True,False
1784598318.876,79.0,59.7,True,False
1784598319.485,79.6,509.4,True,True
1784598319.645,79.7,59.8,True,False
1784598319.805,79.9,59.2,True,False
1784598319.964,80.1,59.3,True,False
1784598320.124,80.2,59.5,True,False
1784598320.284,80.4,59.6,True,False
1784598320.444,80.5,60.0,True,False
1784598320.604,80.7,59.4,True,False
1784598320.764,80.9,59.3,True,False
1784598320.923,81.0,59.4,True,False
1784598321.083,81.2,59.5,True,False
1784598321.693,81.8,509.4,True,True
1784598321.876,82.0,82.6,True,False
1784598322.046,82.1,69.6,True,False
1784598322.205,82.3,59.0,True,False
1784598322.364,82.5,58.9,True,False
1784598322.524,82.6,59.5,True,False
1784598322.684,82.8,59.1,True,False
1784598322.843,82.9,59.4,True,False
1784598323.003,83.1,59.7,True,False
1784598323.163,83.3,59.4,True,False
1784598323.322,83.4,58.3,True,False
1784598323.482,83.6,59.6,True,False
1784598323.641,83.7,59.5,True,False
1784598323.801,83.9,59.3,True,False
1784598323.961,84.1,59.5,True,False
1784598324.120,84.2,59.2,True,False
1784598324.280,84.4,59.1,True,False
1784598324.439,84.5,59.0,True,False
1784598324.599,84.7,59.4,True,False
1784598324.758,84.9,58.9,True,False
1784598324.918,85.0,59.8,True,False
1784598325.078,85.2,59.6,True,False
1784598325.238,85.3,59.9,True,False
1784598325.848,85.9,509.4,True,True
1784598326.008,86.1,59.3,True,False
1784598326.617,86.7,509.3,True,True
1784598326.777,86.9,59.4,True,False
1784598326.936,87.0,58.9,True,False
1784598327.096,87.2,59.8,True,False
1784598327.255,87.4,59.0,True,False
1784598327.415,87.5,59.3,True,False
1784598327.574,87.7,59.3,True,False
1784598327.734,87.8,59.4,True,False
1784598328.343,88.4,509.0,True,True
1784598328.503,88.6,59.2,True,False
1784598328.662,88.8,59.5,True,False
1784598328.822,88.9,59.3,True,False
1784598328.981,89.1,59.2,True,False
1784598329.141,89.2,58.9,True,False
1784598329.300,89.4,59.1,True,False
1784598329.472,89.6,71.4,True,False
1784598329.632,89.7,59.5,True,False
1784598329.792,89.9,59.7,True,False
1784598329.972,90.1,79.5,True,False
1784598330.131,90.2,59.5,True,False
1784598330.740,90.8,509.0,True,True
1784598330.900,91.0,59.9,True,False
1784598331.510,91.6,509.6,True,True
1784598331.692,91.8,81.5,True,False
1784598331.852,91.9,59.1,True,False
1784598332.012,92.1,59.5,True,False
1784598332.171,92.3,59.4,True,False
1784598332.354,92.5,82.0,True,False
1784598332.513,92.6,59.4,True,False
1784598332.673,92.8,59.3,True,False
1784598332.833,92.9,59.7,True,False
1784598332.993,93.1,59.0,True,False
1784598333.601,93.7,508.7,True,True
1784598333.761,93.9,59.7,True,False
1784598334.370,94.5,509.1,True,True
1784598334.530,94.6,59.3,True,False
1784598334.690,94.8,59.4,True,False
1784598334.850,94.9,59.1,True,False
1784598335.009,95.1,59.3,True,False
1784598335.619,95.7,508.9,True,True
1784598335.779,95.9,59.9,True,False
1784598336.388,96.5,508.7,True,True
1784598336.548,96.6,59.6,True,False
1784598336.731,96.8,82.4,True,False
1784598336.890,97.0,59.7,True,False
1784598337.050,97.1,59.1,True,False
1784598337.210,97.3,59.2,True,False
1784598337.369,97.5,59.0,True,False
1784598337.528,97.6,59.0,True,False
1784598337.708,97.8,80.0,True,False
1784598337.879,98.0,69.7,True,False
1784598338.038,98.1,59.0,True,False
1784598338.197,98.3,59.2,True,False
1784598338.357,98.5,59.2,True,False
1784598338.967,99.1,509.5,True,True
1784598339.126,99.2,59.4,True,False
1784598339.304,99.4,77.1,True,False
1784598339.475,99.6,71.1,True,False
1784598339.635,99.7,59.2,True,False
1784598339.794,99.9,59.4,True,False
1784598339.954,100.1,59.2,True,False
1784598340.564,100.7,509.6,True,True
1784598340.745,100.8,80.2,True,False
1784598341.355,101.5,509.5,True,True
1784598341.514,101.6,59.7,True,False
1784598342.125,102.2,510.6,True,True
1784598342.285,102.4,59.3,True,False
1784598342.895,103.0,509.6,True,True
1784598343.055,103.2,59.7,True,False
1784598343.214,103.3,59.1,True,False
1784598343.373,103.5,58.9,True,False
1784598343.983,104.1,509.6,True,True
1784598344.143,104.2,59.3,True,False
1784598344.752,104.8,509.2,True,True
1784598344.911,105.0,59.1,True,False
1784598345.071,105.2,59.7,True,False
1784598345.681,105.8,509.7,True,True
1784598345.840,105.9,57.9,True,False
1784598346.449,106.5,509.6,True,True
1784598346.609,106.7,59.3,True,False
1784598347.219,107.3,509.8,True,True
1784598347.378,107.5,58.9,True,False
1784598347.538,107.6,59.4,True,False
1784598347.698,107.8,59.7,True,False
1784598347.872,108.0,73.5,True,False
1784598348.032,108.1,59.5,True,False
1784598348.191,108.3,58.7,True,False
1784598348.350,108.4,58.8,True,False
1784598348.509,108.6,59.4,True,False
1784598349.119,109.2,509.5,True,True
1784598349.279,109.4,59.5,True,False
1784598349.438,109.5,59.1,True,False
1784598350.048,110.1,509.4,True,True
1784598350.208,110.3,59.5,True,False
1784598350.368,110.5,59.4,True,False
1784598350.538,110.6,70.3,True,False
1784598350.698,110.8,59.6,True,False
1784598350.858,111.0,59.4,True,False
1784598351.017,111.1,58.9,True,False
1784598351.176,111.3,59.0,True,False
1784598351.335,111.4,59.2,True,False
1784598351.495,111.6,59.5,True,False
1784598351.654,111.8,58.8,True,False
1784598351.823,111.9,68.6,True,False
1784598351.983,112.1,59.2,True,False
1784598352.143,112.2,60.1,True,False
1784598352.322,112.4,78.5,True,False
1784598352.482,112.6,59.3,True,False
1784598352.642,112.7,59.4,True,False
1784598352.817,112.9,75.0,True,False
1784598352.976,113.1,58.9,True,False
1784598353.158,113.3,81.5,True,False
1784598353.329,113.4,70.9,True,False
1784598353.489,113.6,59.0,True,False
1784598353.648,113.7,59.3,True,False
1784598354.258,114.4,509.7,True,True
1784598354.418,114.5,59.6,True,False
1784598354.578,114.7,59.6,True,False
1784598355.187,115.3,509.0,True,True
1784598355.347,115.4,59.5,True,False
1784598355.957,116.1,509.7,True,True
1784598356.116,116.2,59.1,True,False
1784598356.276,116.4,59.7,True,False
1784598356.886,117.0,509.4,True,True
1784598357.065,117.2,78.1,True,False
1784598357.674,117.8,509.1,True,True
1784598357.833,117.9,58.9,True,False
1784598358.442,118.5,509.1,True,True
1784598358.603,118.7,59.8,True,False
1784598359.213,119.3,510.0,True,True
1784598359.373,119.5,59.8,True,False
1784598359.984,120.1,511.0,True,True
1784598360.144,120.2,59.8,True,False
1784598360.754,120.9,509.7,True,True
1784598360.936,121.0,81.6,True,False
1784598361.546,121.6,509.4,True,True
1784598361.706,121.8,59.6,True,False
1784598361.866,122.0,60.3,True,False
1784598362.026,122.1,59.5,True,False
1784598362.185,122.3,59.1,True,False
1784598362.344,122.4,59.0,True,False
1784598362.516,122.6,71.6,True,False
1784598362.676,122.8,59.5,True,False
1784598362.836,122.9,59.3,True,False
1784598362.996,123.1,59.3,True,False
1784598363.155,123.3,58.7,True,False
1784598363.315,123.4,59.9,True,False
1784598363.474,123.6,59.2,True,False
1784598363.634,123.7,59.1,True,False
1784598363.794,123.9,59.4,True,False
1784598363.954,124.1,59.1,True,False
1784598364.114,124.2,59.5,True,False
1784598364.296,124.4,82.3,True,False
1784598364.456,124.6,59.2,True,False
1784598364.615,124.7,59.4,True,False
1784598364.775,124.9,59.5,True,False
1784598364.935,125.0,60.1,True,False
1784598365.095,125.2,59.4,True,False
1784598365.255,125.4,59.6,True,False
1784598365.414,125.5,59.3,True,False
1784598365.574,125.7,59.3,True,False
1784598365.733,125.8,59.6,True,False
1784598365.893,126.0,59.3,True,False
1784598366.053,126.2,59.6,True,False
1784598366.214,126.3,59.8,True,False
1784598366.373,126.5,59.3,True,False
1784598366.533,126.6,59.8,True,False
1784598366.693,126.8,59.3,True,False
1784598366.853,126.9,59.8,True,False
1784598367.013,127.1,59.4,True,False
1784598367.172,127.3,59.2,True,False
1784598367.332,127.4,59.2,True,False
1784598367.492,127.6,59.4,True,False
1784598367.652,127.7,59.7,True,False
1784598367.812,127.9,59.6,True,False
1784598367.971,128.1,59.3,True,False
1784598368.131,128.2,59.5,True,False
1784598368.291,128.4,59.4,True,False
1784598368.449,128.5,58.2,True,False
1784598368.609,128.7,59.2,True,False
1784598368.768,128.9,59.1,True,False
1784598368.928,129.0,59.3,True,False
1784598369.101,129.2,72.9,True,False
1784598369.261,129.4,59.4,True,False
1784598369.421,129.5,59.5,True,False
1784598369.580,129.7,59.0,True,False
1784598369.740,129.8,59.5,True,False
1784598369.900,130.0,59.5,True,False
1784598370.059,130.2,59.1,True,False
1784598370.219,130.3,59.1,True,False
1784598370.378,130.5,58.9,True,False
1784598370.538,130.6,59.3,True,False
1784598370.697,130.8,58.8,True,False
1784598370.873,131.0,75.3,True,False
1784598371.034,131.1,61.1,True,False
1784598371.194,131.3,59.0,True,False
1784598371.353,131.4,58.9,True,False
1784598371.513,131.6,59.7,True,False
1784598371.673,131.8,59.7,True,False
1784598371.832,131.9,59.0,True,False
1784598371.991,132.1,59.1,True,False
1784598372.151,132.2,59.5,True,False
1784598372.330,132.4,79.4,True,False
1784598372.490,132.6,59.2,True,False
1784598372.649,132.7,59.3,True,False
1784598372.809,132.9,59.1,True,False
1784598372.968,133.1,59.6,True,False
1784598373.148,133.2,79.8,True,False
1784598373.319,133.4,70.2,True,False
1784598373.479,133.6,59.3,True,False
1784598373.638,133.7,59.4,True,False
1784598373.797,133.9,58.7,True,False
1784598373.967,134.1,69.8,True,False
1784598374.127,134.2,59.5,True,False
1784598374.287,134.4,59.5,True,False
1784598374.447,134.5,59.4,True,False
1784598374.607,134.7,59.6,True,False
1784598374.767,134.9,59.5,True,False
1784598374.926,135.0,59.3,True,False
1784598375.086,135.2,59.4,True,False
1784598375.245,135.3,59.2,True,False
1784598375.405,135.5,59.4,True,False
1784598375.565,135.7,59.5,True,False
1784598375.724,135.8,59.5,True,False
1784598375.884,136.0,59.2,True,False
1784598376.044,136.1,59.3,True,False
1784598376.204,136.3,59.8,True,False
1784598376.363,136.5,59.4,True,False
1784598376.535,136.6,71.3,True,False
1784598376.695,136.8,59.5,True,False
1784598376.854,137.0,59.3,True,False
1784598377.014,137.1,59.5,True,False
1784598377.173,137.3,59.4,True,False
1784598377.333,137.4,59.6,True,False
1784598377.493,137.6,59.4,True,False
1784598377.663,137.8,70.1,True,False
1784598377.833,137.9,69.1,True,False
1784598377.993,138.1,59.5,True,False
1784598378.153,138.3,59.8,True,False
1784598378.313,138.4,59.2,True,False
1784598378.472,138.6,59.1,True,False
1784598378.632,138.7,60.0,True,False
1784598378.811,138.9,77.8,True,False
1784598378.970,139.1,59.5,True,False
1784598379.128,139.2,57.7,True,False
1784598379.288,139.4,59.6,True,False
1784598379.448,139.5,59.6,True,False
1784598379.608,139.7,59.6,True,False
1784598379.768,139.9,59.6,True,False
1784598379.941,140.0,72.7,True,False
1784598380.101,140.2,59.4,True,False
1784598380.260,140.4,59.4,True,False
1784598380.420,140.5,59.0,True,False
1784598380.603,140.7,82.7,True,False
1784598380.762,140.9,59.1,True,False
1784598380.922,141.0,59.5,True,False
1784598381.082,141.2,59.4,True,False
1784598381.242,141.3,59.2,True,False
1784598381.401,141.5,59.6,True,False
1784598381.561,141.7,59.3,True,False
1784598381.721,141.8,59.3,True,False
1784598381.881,142.0,59.6,True,False
1784598382.041,142.1,59.5,True,False
1784598382.200,142.3,59.3,True,False
1784598382.360,142.5,59.2,True,False
1784598382.519,142.6,59.5,True,False
1784598382.679,142.8,59.0,True,False
1784598382.838,142.9,59.3,True,False
1784598382.998,143.1,59.6,True,False
1784598383.173,143.3,74.5,True,False
1784598383.332,143.4,59.4,True,False
1784598383.492,143.6,59.1,True,False
1784598383.652,143.7,59.7,True,False
1784598383.811,143.9,59.1,True,False
1784598383.972,144.1,59.8,True,False
1784598384.147,144.2,74.9,True,False
1784598384.307,144.4,59.7,True,False
1784598384.467,144.6,59.8,True,False
1784598384.625,144.7,58.4,True,False
1784598384.785,144.9,59.3,True,False
1784598384.945,145.0,59.1,True,False
1784598385.104,145.2,59.4,True,False
1784598385.263,145.4,58.8,True,False
1784598385.423,145.5,59.3,True,False
1784598385.603,145.7,79.6,True,False
1784598385.763,145.9,59.4,True,False
1784598385.922,146.0,59.5,True,False
1784598386.102,146.2,79.0,True,False
1784598386.261,146.4,59.3,True,False
1784598386.421,146.5,59.9,True,False
1784598386.581,146.7,59.9,True,False
1784598386.741,146.8,59.0,True,False
1784598386.901,147.0,59.6,True,False
1784598387.061,147.2,59.7,True,False
1784598387.220,147.3,59.2,True,False
1784598387.381,147.5,60.3,True,False
1784598387.541,147.6,59.7,True,False
1784598387.701,147.8,59.7,True,False
1784598387.860,148.0,59.3,True,False
1784598388.020,148.1,59.2,True,False
1784598388.180,148.3,60.7,True,False
1784598388.340,148.4,59.2,True,False
1784598388.520,148.6,79.6,True,False
1784598388.680,148.8,59.7,True,False
1784598388.840,148.9,59.4,True,False
1784598389.017,149.1,76.2,True,False
1784598389.176,149.3,59.4,True,False
1784598389.336,149.4,59.5,True,False
1784598389.496,149.6,59.6,True,False
1784598389.655,149.8,59.1,True,False
1784598389.815,149.9,59.5,True,False
1784598389.974,150.1,59.4,True,False
1784598390.134,150.2,59.4,True,False
1784598390.294,150.4,59.6,True,False
1784598390.467,150.6,72.5,True,False
1784598390.626,150.7,59.5,True,False
1784598390.786,150.9,59.3,True,False
1784598390.946,151.0,59.7,True,False
1784598391.107,151.2,60.1,True,False
1784598391.266,151.4,59.2,True,False
1784598391.426,151.5,59.4,True,False
1784598391.586,151.7,59.3,True,False
1784598391.745,151.8,59.2,True,False
1784598391.905,152.0,59.2,True,False
1784598392.065,152.2,59.7,True,False
1784598392.243,152.3,76.9,True,False
1784598392.403,152.5,59.6,True,False
1784598392.563,152.7,60.5,True,False
1784598392.723,152.8,59.2,True,False
1784598392.882,153.0,59.5,True,False
1784598393.042,153.1,59.4,True,False
1784598393.148,153.2,5.6,False,True
1784598393.253,153.4,5.3,False,True
1784598393.413,153.5,59.0,True,False
1784598393.595,153.7,81.4,True,False
1784598393.754,153.9,59.3,True,False
1784598393.914,154.0,59.3,True,False
1784598394.074,154.2,59.5,True,False
1784598394.233,154.3,59.2,True,False
1784598394.393,154.5,59.3,True,False
1784598394.499,154.6,5.9,False,True
1784598394.605,154.7,5.7,False,True
1784598394.711,154.8,5.7,False,True
1784598394.871,155.0,59.2,True,False
1784598394.976,155.1,5.1,False,True
1784598395.136,155.2,59.3,True,False
1784598395.242,155.3,5.7,False,True
1784598395.402,155.5,59.3,True,False
1784598395.562,155.7,59.4,True,False
1784598395.668,155.8,5.7,False,True
1784598395.774,155.9,5.7,False,True
1784598395.880,156.0,5.5,False,True
1784598396.040,156.1,59.9,True,False
1784598396.146,156.2,5.8,False,True
1784598396.305,156.4,59.3,True,False
1784598396.411,156.5,5.5,False,True
1784598396.571,156.7,59.2,True,False
1784598396.677,156.8,5.8,False,True
1784598396.836,156.9,59.3,True,False
1784598396.996,157.1,59.6,True,False
1784598397.156,157.3,59.1,True,False
1784598397.315,157.4,59.0,True,False
1784598397.476,157.6,59.7,True,False
1784598397.582,157.7,6.0,False,True
1784598397.741,157.8,59.4,True,False
1784598397.901,158.0,59.3,True,False
1784598398.061,158.2,59.9,True,False
1784598398.221,158.3,59.4,True,False
1784598398.380,158.5,59.3,True,False
1784598398.540,158.6,59.4,True,False
1784598398.646,158.7,5.7,False,True
1784598398.760,158.9,13.8,False,True
1784598398.867,159.0,6.3,False,True
1784598398.974,159.1,5.9,False,True
1784598399.153,159.2,78.7,True,False
1784598399.312,159.4,59.2,True,False
1784598399.472,159.6,59.1,True,False
1784598399.631,159.7,59.1,True,False
1784598399.791,159.9,59.8,True,False
1784598399.963,160.1,71.7,True,False
1784598400.122,160.2,59.3,True,False
1784598400.251,160.3,27.9,False,True
1784598400.410,160.5,59.1,True,False
1784598400.570,160.7,59.0,True,False
1784598400.729,160.8,59.6,True,False
1784598400.889,161.0,59.4,True,False
1784598401.049,161.1,59.5,True,False
1784598401.209,161.3,59.6,True,False
1784598401.368,161.5,59.1,True,False
1784598401.474,161.6,5.8,False,True
1784598401.634,161.7,59.2,True,False
1784598401.794,161.9,59.5,True,False
1784598401.899,162.0,5.5,False,True
1784598402.059,162.2,59.3,True,False
1784598402.165,162.3,5.5,False,True
1784598402.270,162.4,5.8,False,True
1784598402.431,162.5,60.0,True,False
1784598402.591,162.7,59.6,True,False
1784598402.750,162.8,59.2,True,False
1784598402.910,163.0,59.3,True,False
1784598403.070,163.2,59.2,True,False
1784598403.242,163.3,72.6,True,False
1784598403.402,163.5,58.8,True,False
1784598403.561,163.7,59.5,True,False
1784598403.720,163.8,58.9,True,False
1784598403.895,164.0,74.2,True,False
1784598404.067,164.2,71.3,True,False
1784598404.227,164.3,59.5,True,False
1784598404.409,164.5,81.9,True,False
1784598404.515,164.6,5.7,False,True
1784598404.674,164.8,58.9,True,False
1784598404.834,164.9,59.8,True,False
1784598404.940,165.0,5.6,False,True
1784598405.100,165.2,59.5,True,False
1784598405.206,165.3,5.8,False,True
1784598405.365,165.5,59.3,True,False
1784598405.471,165.6,5.5,False,True
1784598405.631,165.7,58.7,True,False
1784598405.790,165.9,59.2,True,False
1784598405.950,166.0,59.5,True,False
1784598406.109,166.2,58.9,True,False
1784598406.215,166.3,5.4,False,True
1784598406.375,166.5,59.6,True,False
1784598406.534,166.6,59.5,True,False
1784598406.694,166.8,59.4,True,False
1784598406.854,167.0,59.1,True,False
1784598407.014,167.1,59.5,True,False
1784598407.174,167.3,59.6,True,False
1784598407.333,167.4,58.9,True,False
1784598407.438,167.5,5.3,False,True
1784598407.597,167.7,59.1,True,False
1784598407.772,167.9,74.3,True,False
1784598407.942,168.0,69.7,True,False
1784598408.102,168.2,59.1,True,False
1784598408.261,168.4,59.4,True,False
1784598408.420,168.5,58.9,True,False
1784598408.580,168.7,59.3,True,False
1784598408.739,168.8,58.9,True,False
1784598408.899,169.0,59.2,True,False
1784598409.005,169.1,5.7,False,True
1784598409.164,169.3,59.4,True,False
1784598409.324,169.4,59.1,True,False
1784598409.429,169.5,5.6,False,True
1784598409.536,169.6,5.7,False,True
1784598409.695,169.8,59.2,True,False
1784598409.854,170.0,58.9,True,False
1784598410.014,170.1,59.2,True,False
1784598410.187,170.3,72.7,True,False
1784598410.348,170.4,60.2,True,False
1784598410.507,170.6,59.3,True,False
1784598410.667,170.8,59.2,True,False
1784598410.827,170.9,59.4,True,False
1784598410.932,171.0,5.5,False,True
1784598411.092,171.2,59.5,True,False
1784598411.252,171.3,59.5,True,False
1784598411.428,171.5,75.8,True,False
1784598411.534,171.6,5.4,False,True
1784598411.707,171.8,73.1,True,False
1784598411.866,172.0,59.0,True,False
1784598412.026,172.1,59.5,True,False
1784598412.132,172.2,5.6,False,True
1784598412.292,172.4,59.7,True,False
1784598412.464,172.6,71.8,True,False
1784598412.623,172.7,59.3,True,False
1784598412.729,172.8,5.3,False,True
1784598412.897,173.0,67.9,True,False
1784598413.067,173.2,69.8,True,False
1784598413.227,173.3,59.2,True,False
1784598413.386,173.5,59.4,True,False
1784598413.509,173.6,21.9,False,True
1784598413.615,173.7,5.6,False,True
1784598413.720,173.8,5.2,False,True
1784598413.826,173.9,5.2,False,True
1784598413.932,174.0,5.5,False,True
1784598414.038,174.1,5.7,False,True
1784598414.198,174.3,59.4,True,False
1784598414.357,174.5,59.3,True,False
1784598414.463,174.6,5.5,False,True
1784598414.623,174.7,59.0,True,False
1784598414.782,174.9,59.6,True,False
1784598414.942,175.0,59.1,True,False
1784598415.069,175.2,27.2,False,True
1784598415.229,175.3,59.1,True,False
1784598415.334,175.4,5.0,False,True
1784598415.493,175.6,59.0,True,False
1784598415.664,175.8,70.9,True,False
1784598415.836,175.9,71.8,True,False
1784598416.007,176.1,71.0,True,False
1784598416.167,176.3,59.0,True,False
1784598416.273,176.4,5.6,False,True
1784598416.378,176.5,5.4,False,True
1784598416.538,176.6,59.0,True,False
1784598416.698,176.8,59.7,True,False
1784598416.804,176.9,5.9,False,True
1784598416.964,177.1,59.3,True,False
1784598417.123,177.2,59.3,True,False
1784598417.283,177.4,59.4,True,False
1784598417.389,177.5,5.5,False,True
1784598417.495,177.6,5.5,False,True
1784598417.654,177.8,59.3,True,False
1784598417.761,177.9,5.7,False,True
1784598417.921,178.0,59.5,True,False
1784598418.027,178.1,5.5,False,True
1784598418.186,178.3,59.2,True,False
1784598418.346,178.4,58.9,True,False
1784598418.506,178.6,59.5,True,False
1784598418.665,178.8,59.1,True,False
1784598418.824,178.9,59.3,True,False
1784598418.990,179.1,65.4,True,False
1784598419.149,179.2,59.1,True,False
1784598419.318,179.4,68.2,True,False
1784598419.424,179.5,6.2,False,True
1784598419.584,179.7,59.1,True,False
1784598419.744,179.8,60.0,True,False
1784598419.904,180.0,59.2,True,False
1784598420.064,180.2,59.8,True,False
1784598420.224,180.3,59.6,True,False
1784598420.383,180.5,58.9,True,False
1784598420.543,180.6,59.5,True,False
1784598420.703,180.8,59.1,True,False
1784598420.862,181.0,59.1,True,False
1784598420.968,181.1,5.9,False,True
1784598421.128,181.2,59.0,True,False
1784598421.287,181.4,59.0,True,False
1784598421.468,181.6,80.8,True,False
1784598421.574,181.7,5.4,False,True
1784598421.680,181.8,5.7,False,True
1784598421.856,182.0,75.4,True,False
1784598422.015,182.1,59.2,True,False
1784598422.175,182.3,59.5,True,False
1784598422.335,182.4,59.5,True,False
1784598422.441,182.5,5.4,False,True
1784598422.601,182.7,59.5,True,False
1784598422.760,182.9,59.4,True,False
1784598422.920,183.0,59.2,True,False
1784598423.080,183.2,59.6,True,False
1784598423.240,183.3,59.1,True,False
1784598423.346,183.4,5.8,False,True
1784598423.506,183.6,59.6,True,False
1784598423.612,183.7,5.5,False,True
1784598423.771,183.9,59.1,True,False
1784598423.931,184.0,59.3,True,False
1784598424.057,184.2,25.2,False,True
1784598424.216,184.3,58.9,True,False
1784598424.321,184.4,5.2,False,True
1784598424.481,184.6,59.1,True,False
1784598424.586,184.7,5.4,False,True
1784598424.747,184.8,60.3,True,False
1784598424.907,185.0,60.0,True,False
1784598425.066,185.2,59.3,True,False
1784598425.226,185.3,59.8,True,False
1784598425.385,185.5,59.0,True,False
1784598425.545,185.6,59.3,True,False
1784598425.705,185.8,59.0,True,False
1784598425.810,185.9,5.6,False,True
1784598425.970,186.1,59.2,True,False
1784598426.153,186.2,82.4,True,False
1784598426.312,186.4,59.6,True,False
1784598426.472,186.6,59.1,True,False
1784598426.648,186.7,76.5,True,False
1784598426.754,186.9,5.1,False,True
1784598426.860,187.0,5.7,False,True
1784598427.019,187.1,59.5,True,False
1784598427.179,187.3,59.2,True,False
1784598427.338,187.4,59.2,True,False
1784598427.498,187.6,59.3,True,False
1784598427.657,187.8,59.1,True,False
1784598427.816,187.9,59.2,True,False
1784598427.976,188.1,59.1,True,False
1784598428.135,188.2,59.4,True,False
1784598428.295,188.4,59.4,True,False
1784598428.454,188.6,59.0,True,False
1784598428.633,188.7,78.2,True,False
1784598428.792,188.9,59.3,True,False
1784598428.951,189.0,59.1,True,False
1784598429.072,189.2,20.4,False,True
1784598429.232,189.3,59.1,True,False
1784598429.392,189.5,59.5,True,False
1784598429.551,189.6,59.1,True,False
1784598429.711,189.8,59.7,True,False
1784598429.883,190.0,72.2,True,False
1784598429.989,190.1,5.2,False,True
1784598430.095,190.2,5.3,False,True
1784598430.218,190.3,22.8,False,True
1784598430.342,190.4,24.5,False,True
1784598430.502,190.6,58.9,True,False
1784598430.661,190.8,59.1,True,False
1784598430.821,190.9,59.4,True,False
1784598430.980,191.1,59.1,True,False
1784598431.140,191.2,59.3,True,False
1784598431.299,191.4,59.3,True,False
1784598431.459,191.6,59.9,True,False
1784598431.619,191.7,59.6,True,False
1784598431.793,191.9,73.9,True,False
1784598431.953,192.1,59.4,True,False
1784598432.113,192.2,59.2,True,False
1784598432.218,192.3,5.1,False,True
1784598432.378,192.5,59.5,True,False
1784598432.484,192.6,5.5,False,True
1784598432.643,192.7,59.3,True,False
1784598432.803,192.9,59.4,True,False
1784598432.909,193.0,5.7,False,True
1784598433.068,193.2,59.5,True,False
1784598433.227,193.3,58.8,True,False
1784598433.387,193.5,59.4,True,False
1784598433.547,193.6,59.5,True,False
1784598433.653,193.8,6.0,False,True
1784598433.759,193.9,5.8,False,True
1784598433.919,194.0,59.2,True,False
1784598434.078,194.2,59.3,True,False
1784598434.197,194.3,18.6,False,True
1784598434.357,194.5,59.6,True,False
1784598434.516,194.6,59.4,True,False
1784598434.676,194.8,59.4,True,False
1784598434.837,194.9,61.2,True,False
1784598434.944,195.0,5.8,False,True
1784598435.065,195.2,20.8,False,True
1784598435.224,195.3,59.4,True,False
1784598435.396,195.5,71.2,True,False
1784598435.502,195.6,5.6,False,True
1784598435.662,195.8,59.3,True,False
1784598435.821,195.9,59.3,True,False
1784598435.927,196.0,5.6,False,True
1784598436.087,196.2,59.6,True,False
1784598436.247,196.3,59.4,True,False
1784598436.367,196.5,19.3,False,True
1784598436.526,196.6,59.7,True,False
1784598436.633,196.7,6.1,False,True
1784598436.739,196.8,5.7,False,True
1784598436.899,197.0,59.5,True,False
1784598437.059,197.2,59.7,True,False
1784598437.165,197.3,5.7,False,True
1784598437.326,197.4,60.4,True,False
1784598437.501,197.6,75.0,True,False
1784598437.660,197.8,59.1,True,False
1784598437.820,197.9,59.3,True,False
1784598437.926,198.0,6.0,False,True
1784598438.086,198.2,59.4,True,False
1784598438.246,198.3,59.2,True,False
1784598438.405,198.5,59.1,True,False
1784598438.564,198.7,58.6,True,False
1784598438.724,198.8,59.5,True,False
1784598438.830,198.9,5.7,False,True
1784598439.006,199.1,76.4,True,False
1784598439.167,199.3,59.6,True,False
1784598439.326,199.4,59.3,True,False
1784598439.486,199.6,59.3,True,False
1784598439.645,199.7,59.5,True,False
1784598439.751,199.8,5.6,False,True
1784598439.911,200.0,59.6,True,False
1784598440.071,200.2,59.4,True,False
1784598440.231,200.3,59.3,True,False
1784598440.390,200.5,59.0,True,False
1784598440.549,200.6,59.4,True,False
1784598440.709,200.8,59.2,True,False
1784598440.868,201.0,58.9,True,False
1784598441.028,201.1,59.4,True,False
1784598441.187,201.3,59.5,True,False
1784598441.347,201.4,59.4,True,False
1784598441.506,201.6,59.1,True,False
1784598441.666,201.8,59.2,True,False
1784598441.826,201.9,59.7,True,False
1784598441.985,202.1,59.3,True,False
1784598442.107,202.2,21.9,False,True
1784598442.214,202.3,5.9,False,True
1784598442.373,202.5,59.0,True,False
1784598442.532,202.6,58.9,True,False
1784598442.692,202.8,59.0,True,False
1784598442.850,202.9,58.0,True,False
1784598443.010,203.1,59.2,True,False
1784598443.169,203.3,59.2,True,False
1784598443.275,203.4,5.3,False,True
1784598443.435,203.5,59.4,True,False
1784598443.541,203.6,5.7,False,True
1784598443.700,203.8,59.2,True,False
1784598443.860,204.0,59.6,True,False
1784598444.019,204.1,59.2,True,False
1784598444.179,204.3,59.6,True,False
1784598444.338,204.4,59.1,True,False
1784598444.498,204.6,59.1,True,False
1784598444.657,204.8,59.2,True,False
1784598444.817,204.9,59.7,True,False
1784598444.994,205.1,76.4,True,False
1784598445.154,205.3,59.5,True,False
1784598445.314,205.4,59.7,True,False
1784598445.473,205.6,59.0,True,False
1784598445.633,205.7,59.0,True,False
1784598445.794,205.9,60.7,True,False
1784598445.953,206.1,59.2,True,False
1784598446.113,206.2,59.5,True,False
1784598446.272,206.4,59.4,True,False
1784598446.432,206.5,59.4,True,False
1784598446.592,206.7,59.2,True,False
1784598446.698,206.8,5.8,False,True
1784598446.857,207.0,59.4,True,False
1784598447.016,207.1,58.6,True,False
1784598447.176,207.3,59.4,True,False
1784598447.353,207.5,77.7,True,False
1784598447.469,207.6,15.4,False,True
1784598447.629,207.7,59.6,True,False
1784598447.788,207.9,59.1,True,False
1784598447.894,208.0,5.3,False,True
1784598448.054,208.2,59.2,True,False
1784598448.213,208.3,59.3,True,False
1784598448.373,208.5,59.6,True,False
1784598448.532,208.6,59.4,True,False
1784598448.714,208.8,81.4,True,False
1784598448.873,209.0,59.1,True,False
1784598448.979,209.1,5.7,False,True
1784598449.139,209.2,59.7,True,False
1784598449.299,209.4,59.5,True,False
1784598449.459,209.6,59.8,True,False
1784598449.628,209.7,68.7,True,False
1784598449.788,209.9,59.5,True,False
1784598449.948,210.0,59.7,True,False
1784598450.125,210.2,77.0,True,False
1784598450.285,210.4,59.4,True,False
1784598450.391,210.5,5.6,False,True
1784598450.550,210.6,59.2,True,False
1784598450.733,210.8,82.0,True,False
1784598450.892,211.0,59.3,True,False
1784598450.998,211.1,5.6,False,True
1784598451.158,211.3,59.6,True,False
1784598451.318,211.4,59.3,True,False
1784598451.477,211.6,59.5,True,False
1784598451.637,211.7,59.0,True,False
1784598451.796,211.9,59.4,True,False
1784598451.971,212.1,74.5,True,False
1784598452.131,212.2,59.6,True,False
1784598452.291,212.4,59.4,True,False
1784598452.451,212.5,59.2,True,False
1784598452.621,212.7,70.0,True,False
1784598452.781,212.9,60.0,True,False
1784598452.941,213.0,59.6,True,False
1784598453.100,213.2,58.6,True,False
1784598453.259,213.4,59.6,True,False
1784598453.419,213.5,58.8,True,False
1784598453.578,213.7,59.3,True,False
1784598453.738,213.8,58.9,True,False
1784598453.898,214.0,59.3,True,False
1784598454.057,214.2,58.8,True,False
1784598454.228,214.3,71.1,True,False
1784598454.403,214.5,74.9,True,False
1784598454.563,214.7,59.2,True,False
1784598454.722,214.8,59.1,True,False
1784598454.882,215.0,59.5,True,False
1784598455.041,215.1,59.2,True,False
1784598455.201,215.3,59.4,True,False
1784598455.360,215.5,59.1,True,False
1784598455.520,215.6,59.2,True,False
1784598455.679,215.8,59.4,True,False
1784598455.839,215.9,59.5,True,False
1784598455.999,216.1,59.2,True,False
1784598456.171,216.3,72.1,True,False
1784598456.331,216.4,59.3,True,False
1784598456.513,216.6,82.0,True,False
1784598456.672,216.8,59.2,True,False
1784598456.832,216.9,59.5,True,False
1784598456.992,217.1,59.1,True,False
1784598457.151,217.2,59.3,True,False
1784598457.257,217.4,5.7,False,True
1784598457.440,217.5,82.4,True,False
1784598457.599,217.7,59.0,True,False
1784598457.759,217.9,59.4,True,False
1784598457.919,218.0,59.7,True,False
1784598458.079,218.2,59.4,True,False
1784598458.238,218.3,59.2,True,False
1784598458.398,218.5,59.1,True,False
1784598458.557,218.7,58.3,True,False
1784598458.716,218.8,59.1,True,False
1784598458.876,219.0,59.6,True,False
1784598459.036,219.1,59.4,True,False
1784598459.195,219.3,59.3,True,False
1784598459.355,219.5,59.5,True,False
1784598459.514,219.6,59.1,True,False
1784598459.674,219.8,59.1,True,False
1784598459.833,219.9,59.2,True,False
1784598459.993,220.1,59.6,True,False
1784598460.170,220.3,76.8,True,False
1784598460.330,220.4,59.7,True,False
1784598460.489,220.6,59.0,True,False
1784598460.650,220.7,59.8,True,False
1784598460.810,220.9,59.8,True,False
1784598460.979,221.1,68.4,True,False
1784598461.138,221.2,59.1,True,False
1784598461.244,221.3,6.1,False,True
1784598461.404,221.5,59.3,True,False
1784598461.564,221.7,59.5,True,False
1784598461.724,221.8,59.3,True,False
1784598461.830,221.9,5.8,False,True
1784598461.990,222.1,59.4,True,False
1784598462.149,222.2,59.1,True,False
1784598462.255,222.4,5.8,False,True
1784598462.415,222.5,59.4,True,False
1784598462.574,222.7,59.2,True,False
1784598462.734,222.8,59.1,True,False
1784598462.915,223.0,80.3,True,False
1784598463.074,223.2,59.2,True,False
1784598463.234,223.3,59.9,True,False
1784598463.394,223.5,59.8,True,False
1784598463.554,223.7,59.2,True,False
1784598463.713,223.8,58.8,True,False
1784598463.818,223.9,5.0,False,True
1784598463.978,224.1,59.7,True,False
1784598464.156,224.3,77.5,True,False
1784598464.315,224.4,59.3,True,False
1784598464.475,224.6,59.8,True,False
1784598464.635,224.7,59.1,True,False
1784598464.794,224.9,59.2,True,False
1784598464.954,225.1,59.2,True,False
1784598465.129,225.2,75.0,True,False
1784598465.289,225.4,59.5,True,False
1784598465.395,225.5,5.8,False,True
1784598465.555,225.7,59.6,True,False
1784598465.715,225.8,59.2,True,False
1784598465.875,226.0,59.5,True,False
1784598466.034,226.1,59.6,True,False
1784598466.194,226.3,59.4,True,False
1784598466.353,226.5,59.3,True,False
1784598466.513,226.6,59.5,True,False
1784598466.672,226.8,59.0,True,False
1784598466.832,226.9,59.4,True,False
1784598466.992,227.1,59.7,True,False
1784598467.098,227.2,5.6,False,True
1784598467.204,227.3,5.8,False,True
1784598467.364,227.5,59.6,True,False
1784598467.524,227.6,59.3,True,False
1784598467.683,227.8,59.7,True,False
1784598467.844,227.9,59.9,True,False
1784598468.004,228.1,59.5,True,False
1784598468.164,228.3,59.2,True,False
1784598468.270,228.4,6.1,False,True
1784598468.377,228.5,6.2,False,True
1784598468.536,228.6,59.1,True,False
1784598468.642,228.7,5.5,False,True
1784598468.801,228.9,59.4,True,False
1784598468.907,229.0,5.4,False,True
1784598469.067,229.2,59.2,True,False
1784598469.225,229.3,58.4,True,False
1784598469.332,229.4,5.8,False,True
1784598469.461,229.6,29.4,False,True
1784598469.567,229.7,5.5,False,True
1784598469.674,229.8,5.8,False,True
1784598469.780,229.9,5.6,False,True
1784598469.939,230.0,59.2,True,False
1784598470.099,230.2,59.8,True,False
1784598470.259,230.4,59.2,True,False
1784598470.418,230.5,59.1,True,False
1784598470.578,230.7,59.2,True,False
1784598470.737,230.8,59.2,True,False
1784598470.897,231.0,60.5,True,False
1784598471.003,231.1,5.4,False,True
1784598471.109,231.2,5.3,False,True
1784598471.231,231.3,21.8,False,True
1784598471.336,231.4,5.3,False,True
1784598471.496,231.6,59.2,True,False
1784598471.656,231.8,59.4,True,False
1784598471.816,231.9,59.4,True,False
1784598471.976,232.1,59.2,True,False
1784598472.082,232.2,5.7,False,True
1784598472.241,232.3,58.9,True,False
1784598472.347,232.4,5.8,False,True
1784598472.506,232.6,58.7,True,False
1784598472.665,232.8,59.1,True,False
1784598472.771,232.9,5.3,False,True
1784598472.931,233.0,59.4,True,False
1784598473.090,233.2,59.3,True,False
1784598473.249,233.3,59.0,True,False
1784598473.409,233.5,59.6,True,False
1784598473.583,233.7,73.0,True,False
1784598473.754,233.9,70.7,True,False
1784598473.913,234.0,59.5,True,False
1784598474.073,234.2,59.1,True,False
1784598474.232,234.3,59.1,True,False
1784598474.392,234.5,59.4,True,False
1784598474.551,234.6,58.9,True,False
1784598474.711,234.8,59.7,True,False
1784598474.871,235.0,59.1,True,False
1784598475.030,235.1,59.5,True,False
1784598475.190,235.3,59.1,True,False
1784598475.349,235.4,59.1,True,False
1784598475.519,235.6,69.4,True,False
1784598475.625,235.7,5.5,False,True
1784598475.785,235.9,59.6,True,False
1784598475.944,236.0,59.7,True,False
1784598476.104,236.2,59.0,True,False
1784598476.263,236.4,59.7,True,False
1784598476.370,236.5,6.0,False,True
1784598476.543,236.6,73.1,True,False
1784598476.713,236.8,70.0,True,False
1784598476.819,236.9,5.1,False,True
1784598476.979,237.1,59.6,True,False
1784598477.138,237.2,58.8,True,False
1784598477.298,237.4,59.4,True,False
1784598477.457,237.6,59.4,True,False
1784598477.617,237.7,59.1,True,False
1784598477.776,237.9,59.1,True,False
1784598477.935,238.0,59.1,True,False
1784598478.095,238.2,59.3,True,False
1784598478.254,238.4,59.2,True,False
1784598478.414,238.5,59.4,True,False
1784598478.574,238.7,59.2,True,False
1784598478.733,238.8,58.9,True,False
1784598478.909,239.0,75.7,True,False
1784598479.081,239.2,71.4,True,False
1784598479.241,239.3,59.5,True,False
1784598479.401,239.5,59.4,True,False
1784598479.526,239.6,24.6,False,True
1784598479.700,239.8,73.9,True,False
1784598479.860,240.0,59.6,True,False
1784598480.019,240.1,59.5,True,False
1784598480.179,240.3,59.4,True,False
1784598480.339,240.4,59.3,True,False
1784598480.498,240.6,59.2,True,False
1784598480.657,240.8,58.8,True,False
1784598480.764,240.9,5.9,False,True
1784598480.923,241.0,59.3,True,False
1784598481.083,241.2,59.5,True,False
1784598481.243,241.3,59.7,True,False
1784598481.402,241.5,59.0,True,False
1784598481.562,241.7,59.5,True,False
1784598481.721,241.8,59.0,True,False
1784598481.881,242.0,59.3,True,False
1784598482.807,242.9,826.1,True,True
1784598482.913,243.0,5.6,False,True
1784598483.073,243.2,59.5,True,False
1784598483.233,243.3,59.1,True,False
1784598483.393,243.5,59.9,True,False
1784598484.302,244.4,809.3,True,True
1784598484.464,244.6,60.9,True,False
1784598485.373,245.5,809.0,True,True
1784598485.479,245.6,5.6,False,True
1784598485.584,245.7,4.7,False,True
1784598485.690,245.8,5.5,False,True
1784598485.850,245.9,59.6,True,False
1784598486.759,246.9,809.0,True,True
1784598486.864,247.0,5.5,False,True
1784598486.971,247.1,6.0,False,True
1784598487.077,247.2,5.6,False,True
1784598487.236,247.3,59.2,True,False
1784598487.396,247.5,59.5,True,False
1784598487.501,247.6,5.4,False,True
1784598487.607,247.7,5.6,False,True
1784598487.714,247.8,5.6,False,True
1784598487.891,248.0,76.9,True,False
1784598488.051,248.1,59.2,True,False
1784598488.230,248.3,79.2,True,False
1784598489.140,249.2,809.5,True,True
1784598489.315,249.4,74.2,True,False
1784598490.224,250.3,809.5,True,True
1784598490.384,250.5,59.4,True,False
1784598491.294,251.4,809.4,True,True
1784598491.454,251.6,59.5,True,False
1784598492.363,252.5,809.3,True,True
1784598492.523,252.6,58.8,True,False
1784598492.682,252.8,59.4,True,False
1784598492.842,252.9,59.5,True,False
1784598493.760,253.9,816.8,True,True
1784598493.919,254.0,59.0,True,False
1784598494.079,254.2,59.4,True,False
1784598494.238,254.3,59.3,True,False
1784598494.398,254.5,59.5,True,False
1784598494.558,254.7,59.3,True,False
1784598494.717,254.8,59.3,True,False
1784598494.877,255.0,59.4,True,False
1784598495.037,255.1,59.3,True,False
1784598495.207,255.3,70.3,True,False
1784598495.313,255.4,5.5,False,True
1784598495.472,255.6,59.1,True,False
1784598495.640,255.7,66.7,True,False
1784598496.549,256.6,809.2,True,True
1784598496.728,256.8,79.3,True,False
1784598496.834,256.9,5.4,False,True
1784598496.939,257.0,5.3,False,True
1784598497.099,257.2,59.5,True,False
1784598497.259,257.4,59.7,True,False
1784598497.365,257.5,5.6,False,True
1784598498.274,258.4,808.9,True,True
1784598499.184,259.3,809.6,True,True
1784598500.094,260.2,809.1,True,True
1784598500.264,260.4,70.2,True,False
1784598501.173,261.3,809.2,True,True
1784598501.333,261.4,59.4,True,False
1784598502.242,262.3,809.1,True,True
1784598502.401,262.5,58.6,True,False
1784598503.312,263.4,809.6,True,True
1784598504.221,264.3,809.2,True,True
1784598504.395,264.5,73.2,True,False
1784598504.554,264.7,59.1,True,False
1784598505.464,265.6,809.4,True,True
1784598505.624,265.7,59.4,True,False
1784598506.533,266.6,809.0,True,True
1784598506.693,266.8,59.7,True,False
1784598507.602,267.7,809.0,True,True
1784598507.762,267.9,59.4,True,False
1784598508.674,268.8,810.9,True,True
1784598508.833,268.9,59.5,True,False
1784598509.743,269.8,809.4,True,True
1784598509.903,270.0,59.4,True,False
1784598510.062,270.2,59.2,True,False
1784598510.972,271.1,809.1,True,True
1784598511.882,272.0,809.7,True,True
1784598512.041,272.1,59.4,True,False
1784598512.201,272.3,59.2,True,False
1784598512.360,272.5,59.3,True,False
1784598512.520,272.6,59.5,True,False
1784598513.430,273.5,809.9,True,True
1784598513.590,273.7,59.1,True,False
1784598514.500,274.6,809.4,True,True
1784598514.659,274.8,59.4,True,False
1784598514.819,274.9,59.6,True,False
1784598515.729,275.8,809.7,True,True
1784598515.890,276.0,59.8,True,False
1784598516.800,276.9,809.8,True,True
1784598516.959,277.1,59.4,True,False
1784598517.119,277.2,59.4,True,False
1784598518.028,278.1,809.1,True,True
1784598518.188,278.3,59.5,True,False
1784598518.348,278.4,59.5,True,False
1784598518.508,278.6,59.5,True,False
1784598518.668,278.8,59.7,True,False
1784598518.828,278.9,59.2,True,False
1784598518.987,279.1,59.3,True,False
1784598519.156,279.3,68.9,True,False
1784598519.261,279.4,4.9,False,True
1784598520.185,280.3,823.9,True,True
1784598520.345,280.4,59.0,True,False
1784598521.255,281.4,810.6,True,True
1784598521.416,281.5,60.1,True,False
1784598522.326,282.4,809.6,True,True
1784598522.486,282.6,59.3,True,False
1784598522.646,282.7,59.7,True,False
1784598522.806,282.9,59.5,True,False
1784598523.715,283.8,809.2,True,True
1784598523.843,283.9,27.7,False,True
1784598523.949,284.0,6.0,False,True
1784598524.109,284.2,59.8,True,False
1784598525.019,285.1,809.4,True,True
1784598525.178,285.3,59.1,True,False
1784598525.338,285.4,59.6,True,False
1784598525.498,285.6,59.2,True,False
1784598525.657,285.8,58.4,True,False
1784598525.783,285.9,25.4,False,True
1784598525.888,286.0,5.3,False,True
1784598526.048,286.1,59.3,True,False
1784598526.207,286.3,59.0,True,False
1784598526.313,286.4,5.8,False,True
1784598526.472,286.6,58.2,True,False
1784598526.632,286.7,60.0,True,False
1784598526.792,286.9,59.2,True,False
1784598526.951,287.0,59.0,True,False
1784598527.111,287.2,59.4,True,False
1784598527.270,287.4,59.3,True,False
1784598527.376,287.5,5.5,False,True
1784598527.536,287.6,59.2,True,False
1784598527.696,287.8,59.4,True,False
1784598527.802,287.9,5.9,False,True
1784598527.962,288.1,59.6,True,False
1784598528.122,288.2,59.5,True,False
1784598528.281,288.4,59.2,True,False
1784598528.441,288.5,59.2,True,False
1784598528.600,288.7,59.2,True,False
1784598528.760,288.9,59.5,True,False
1784598528.919,289.0,59.2,True,False
1784598529.080,289.2,60.1,True,False
1784598529.240,289.3,59.5,True,False
1784598529.399,289.5,59.2,True,False
1784598529.559,289.7,59.2,True,False
1784598529.737,289.8,77.5,True,False
1784598530.646,290.7,809.3,True,True
1784598530.806,290.9,59.7,True,False
1784598531.716,291.8,809.5,True,True
1784598531.876,292.0,59.6,True,False
1784598532.786,292.9,809.7,True,True
1784598532.945,293.0,59.5,True,False
1784598533.869,294.0,823.2,True,True
1784598534.029,294.1,59.4,True,False
1784598534.938,295.0,809.1,True,True
1784598535.044,295.1,5.8,False,True
1784598535.204,295.3,58.8,True,False
1784598535.372,295.5,67.9,True,False
1784598535.531,295.6,59.4,True,False
1784598535.691,295.8,59.2,True,False
1784598535.850,295.9,59.3,True,False
1784598535.956,296.1,5.5,False,True
1784598536.865,297.0,809.1,True,True
1784598537.025,297.1,59.1,True,False
1784598537.205,297.3,80.1,True,False
1784598537.365,297.5,59.3,True,False
1784598537.524,297.6,59.3,True,False
1784598537.683,297.8,58.9,True,False
1784598537.843,297.9,59.5,True,False
1784598538.003,298.1,59.2,True,False
1784598538.108,298.2,5.7,False,True
1784598538.215,298.3,6.0,False,True
1784598538.321,298.4,5.6,False,True
1784598538.481,298.6,59.7,True,False
1784598538.640,298.7,59.2,True,False
1784598538.746,298.8,5.7,False,True
1784598538.853,298.9,5.7,False,True
1784598538.959,299.1,6.2,False,True
1784598539.119,299.2,59.1,True,False
1784598539.279,299.4,59.8,True,False
1784598539.438,299.5,59.1,True,False
1784598539.598,299.7,59.5,True,False
1784598539.704,299.8,5.7,False,True
1784598539.864,300.0,59.5,True,False
1784598540.774,300.9,809.5,True,True
1784598540.880,301.0,5.7,False,True
1784598541.039,301.1,58.7,True,False
1784598541.948,302.0,809.0,True,True
1784598542.107,302.2,59.1,True,False
1784598542.267,302.4,59.6,True,False
1784598542.373,302.5,5.6,False,True
1784598542.494,302.6,20.8,False,True
1784598542.601,302.7,5.8,False,True
1784598542.760,302.9,59.5,True,False
1784598543.670,303.8,809.4,True,True
1784598543.830,303.9,59.4,True,False
1784598543.990,304.1,59.7,True,False
1784598544.149,304.2,59.2,True,False
1784598544.309,304.4,59.7,True,False
1784598544.484,304.6,74.9,True,False
1784598544.643,304.7,58.8,True,False
1784598544.803,304.9,60.2,True,False
1784598544.963,305.1,59.5,True,False
1784598545.123,305.2,59.4,True,False
1784598545.228,305.3,5.2,False,True
1784598545.334,305.4,5.5,False,True
1784598545.440,305.5,5.4,False,True
1784598545.599,305.7,59.2,True,False
1784598545.760,305.9,60.3,True,False
1784598545.866,306.0,5.7,False,True
1784598546.025,306.1,59.4,True,False
1784598546.184,306.3,59.0,True,False
1784598546.344,306.4,59.1,True,False
1784598546.503,306.6,59.2,True,False
1784598546.662,306.8,58.9,True,False
1784598546.822,306.9,58.9,True,False
1784598546.982,307.1,59.8,True,False
1784598547.142,307.2,59.6,True,False
1784598547.248,307.3,5.5,False,True
1784598547.407,307.5,59.1,True,False
1784598547.580,307.7,72.8,True,False
1784598547.686,307.8,5.6,False,True
1784598547.846,307.9,59.8,True,False
1784598548.755,308.9,809.0,True,True
1784598548.915,309.0,59.3,True,False
1784598549.074,309.2,59.2,True,False
1784598549.234,309.3,59.6,True,False
1784598549.393,309.5,59.4,True,False
1784598549.554,309.7,59.9,True,False
1784598549.714,309.8,59.3,True,False
1784598550.633,310.7,818.6,True,True
1784598550.738,310.8,5.6,False,True
1784598550.898,311.0,59.4,True,False
1784598551.058,311.2,59.5,True,False
1784598551.218,311.3,59.6,True,False
1784598552.127,312.2,809.0,True,True
1784598552.285,312.4,57.9,True,False
1784598553.195,313.3,810.0,True,True
1784598553.355,313.5,59.7,True,False
1784598553.516,313.6,60.3,True,False
1784598553.676,313.8,60.2,True,False
1784598554.588,314.7,811.6,True,True
1784598554.749,314.8,60.8,True,False
1784598554.910,315.0,59.6,True,False
1784598555.819,315.9,809.5,True,True
1784598555.980,316.1,60.6,True,False
1784598556.905,317.0,824.7,True,True
1784598557.066,317.2,59.9,True,False
1784598557.225,317.3,59.2,True,False
1784598558.134,318.2,809.4,True,True
1784598558.294,318.4,59.3,True,False
1784598559.204,319.3,809.6,True,True
1784598559.363,319.5,59.4,True,False
1784598559.523,319.6,59.0,True,False
1784598559.683,319.8,59.8,True,False
1784598560.593,320.7,809.2,True,True
1784598560.752,320.8,59.4,True,False
1784598560.934,321.0,81.8,True,False
1784598561.094,321.2,59.7,True,False
1784598562.004,322.1,809.2,True,True
1784598562.110,322.2,6.0,False,True
1784598562.269,322.4,59.1,True,False
1784598562.375,322.5,5.6,False,True
1784598563.285,323.4,809.0,True,True
1784598563.444,323.5,59.3,True,False
1784598564.354,324.5,810.1,True,True
1784598564.514,324.6,59.5,True,False
1784598564.674,324.8,59.3,True,False
1784598564.834,324.9,59.3,True,False
1784598564.993,325.1,59.4,True,False
1784598565.153,325.2,59.1,True,False
1784598565.312,325.4,59.3,True,False
1784598566.222,326.3,809.1,True,True
1784598566.381,326.5,59.0,True,False
1784598567.304,327.4,822.7,True,True
1784598567.464,327.6,59.3,True,False
1784598568.373,328.5,809.1,True,True
1784598568.552,328.6,78.7,True,False
1784598569.462,329.6,809.4,True,True
1784598569.621,329.7,59.1,True,False
1784598570.531,330.6,809.0,True,True
1784598570.690,330.8,59.0,True,False
1784598571.600,331.7,809.5,True,True
1784598571.759,331.9,59.2,True,False
1784598571.918,332.0,59.4,True,False
1784598572.094,332.2,75.1,True,False
1784598573.349,333.4,1154.3,True,True
1784598575.570,335.7,2121.5,True,True
1784598576.904,337.0,1233.3,True,True
1784598578.365,338.5,1361.4,True,True
1784598579.910,340.0,1444.0,True,True
1784598581.285,341.4,1274.6,True,True
1784598582.654,342.8,1269.3,True,True
1784598584.055,344.2,1300.8,True,True
1784598585.404,345.5,1248.1,True,True
1784598586.821,346.9,1316.7,True,True
1784598588.243,348.3,1321.9,True,True
1784598589.676,349.8,1332.5,True,True
1784598591.167,351.3,1390.7,True,True
1784598592.624,352.7,1357.0,True,True
1784598594.691,354.8,1967.4,True,True
1784598596.207,356.3,1415.7,True,True
1784598597.560,357.7,1251.7,True,True
1784598597.688,357.8,27.9,False,True
1784598597.794,357.9,5.6,False,True
1784598599.874,360.0,1979.9,True,True
1784598601.208,361.3,1234.3,True,True
1784598602.564,362.7,1255.5,True,True
1784598603.935,364.0,1270.4,True,True
1784598605.365,365.5,1330.3,True,True
1784598607.617,367.7,2150.7,True,True
1784598609.044,369.1,1327.4,True,True
1784598610.521,370.6,1376.4,True,True
1784598611.903,372.0,1281.4,True,True
1784598612.009,372.1,5.7,False,True
1784598613.451,373.5,1341.9,True,True
1784598614.939,375.0,1387.4,True,True
1784598615.044,375.1,5.5,False,True
1784598617.157,377.3,2012.5,True,True
1784598618.695,378.8,1437.0,True,True
1784598620.118,380.2,1322.6,True,True
1784598621.464,381.6,1245.9,True,True
1784598622.993,383.1,1428.8,True,True
1784598625.170,385.3,2077.1,True,True
1784598625.275,385.4,5.3,False,True
1784598626.794,386.9,1418.4,True,True
1784598628.169,388.3,1274.9,True,True
1784598629.604,389.7,1334.8,True,True
1784598630.998,391.1,1293.8,True,True
1784598632.493,392.6,1394.9,True,True
1784598633.921,394.0,1327.0,True,True
1784598636.056,396.2,2034.7,True,True
1784598637.475,397.6,1319.5,True,True
1784598638.999,399.1,1423.8,True,True
1784598641.110,401.2,2010.2,True,True
1784598642.555,402.7,1344.8,True,True
1784598644.810,404.9,2154.6,True,True
1784598646.151,406.2,1240.8,True,True
1784598647.599,407.7,1348.0,True,True
1784598649.060,409.2,1360.2,True,True
1784598651.251,411.3,2090.1,True,True
1784598652.708,412.8,1357.1,True,True
1784598654.852,414.9,2043.6,True,True
1784598654.974,415.1,21.9,False,True
1784598656.309,416.4,1234.5,True,True
1784598657.583,417.7,1173.4,True,True
1784598659.800,419.9,2116.5,True,True
1784598659.905,420.0,5.5,False,True
1784598661.343,421.4,1336.8,True,True
1784598662.795,422.9,1352.5,True,True
1784598664.312,424.4,1416.0,True,True
1784598666.445,426.5,2033.6,True,True
1784598666.553,426.6,6.6,False,True
1784598667.868,428.0,1215.2,True,True
1784598670.103,430.2,2134.7,True,True
1784598671.457,431.6,1253.0,True,True
1784598672.833,432.9,1275.8,True,True
1784598674.279,434.4,1345.6,True,True
1784598675.692,435.8,1313.4,True,True
1784598677.153,437.2,1360.0,True,True
1784598678.523,438.6,1270.4,True,True
1784598678.629,438.7,5.5,False,True
1784598680.114,440.2,1384.3,True,True
1784598681.478,441.6,1263.7,True,True
1784598681.583,441.7,5.2,False,True
1784598683.685,443.8,2001.9,True,True
1784598683.791,443.9,5.7,False,True
1784598685.212,445.3,1320.0,True,True
1784598686.541,446.6,1229.3,True,True
1784598687.970,448.1,1328.8,True,True
1784598689.420,449.5,1349.5,True,True
1784598690.835,450.9,1315.0,True,True
1784598692.298,452.4,1363.0,True,True
1784598692.404,452.5,5.6,False,True
1784598693.753,453.9,1249.1,True,True
1784598695.961,456.1,2106.8,True,True
1784598696.083,456.2,22.5,False,True
1784598697.513,457.6,1329.3,True,True
1784598698.876,459.0,1262.9,True,True
1784598700.370,460.5,1393.4,True,True
1784598701.819,461.9,1348.9,True,True
1784598703.243,463.3,1323.2,True,True
1784598705.557,465.7,2213.9,True,True
1784598706.956,467.1,1299.0,True,True
1784598708.352,468.4,1295.4,True,True
1784598709.871,470.0,1418.9,True,True
1784598711.352,471.4,1380.7,True,True
1784598712.761,472.9,1309.4,True,True
1784598714.126,474.2,1264.0,True,True
1784598715.600,475.7,1374.7,True,True
1784598715.706,475.8,5.3,False,True
1784598717.203,477.3,1396.7,True,True
1784598718.622,478.7,1319.0,True,True
1784598720.758,480.9,2036.1,True,True
1784598722.215,482.3,1356.2,True,True
1784598723.602,483.7,1286.4,True,True
1784598723.707,483.8,5.2,False,True
1784598725.145,485.2,1337.5,True,True
1784598726.630,486.7,1384.7,True,True
1784598728.073,488.2,1341.9,True,True
1784598729.524,489.6,1351.1,True,True
1784598730.973,491.1,1348.9,True,True
1784598732.425,492.5,1352.2,True,True
1784598732.531,492.6,5.7,False,True
1784598733.953,494.0,1321.0,True,True
1784598735.397,495.5,1344.6,True,True
1784598737.599,497.7,2101.4,True,True
1784598739.101,499.2,1401.1,True,True
1784598741.284,501.4,2083.8,True,True
1784598746.386,506.5,5001.3,False,True
1784598747.296,507.4,809.4,True,True
1784598747.466,507.6,70.1,True,False
1784598748.390,508.5,822.9,True,True
1784598748.570,508.7,80.6,True,False
1784598748.729,508.8,58.5,True,False
1784598749.639,509.7,809.1,True,True
1784598749.799,509.9,59.5,True,False
1784598750.708,510.8,809.4,True,True
1784598750.868,511.0,59.0,True,False
1784598751.027,511.1,59.0,True,False
1784598751.186,511.3,58.9,True,False
1784598752.096,512.2,809.1,True,True
1784598752.255,512.4,59.5,True,False
1784598753.164,513.3,808.5,True,True
1784598753.324,513.4,59.1,True,False
1784598754.234,514.3,809.5,True,True
1784598754.407,514.5,73.4,True,False
1784598755.317,515.4,809.0,True,True
1784598755.476,515.6,59.1,True,False
1784598756.386,516.5,809.6,True,True
1784598756.565,516.7,79.4,True,False
1784598756.725,516.8,59.0,True,False
1784598756.884,517.0,58.7,True,False
1784598756.989,517.1,5.4,False,True
1784598757.898,518.0,808.9,True,True
1784598758.004,518.1,5.7,False,True
1784598758.164,518.3,59.0,True,False
1784598758.323,518.4,59.2,True,False
1784598758.483,518.6,59.3,True,False
1784598758.642,518.7,59.3,True,False
1784598758.810,518.9,67.9,True,False
1784598758.970,519.1,59.0,True,False
1784598759.130,519.2,58.9,True,False
1784598759.289,519.4,59.2,True,False
1784598759.449,519.5,59.4,True,False
1784598759.609,519.7,59.7,True,False
1784598760.519,520.6,809.6,True,True
1784598760.678,520.8,58.7,True,False
1784598760.838,520.9,59.2,True,False
1784598761.010,521.1,72.1,True,False
1784598761.182,521.3,71.5,True,False
1784598761.342,521.4,59.4,True,False
1784598761.501,521.6,59.2,True,False
1784598761.661,521.8,59.2,True,False
1784598761.833,521.9,71.6,True,False
1784598761.992,522.1,59.4,True,False
1784598762.902,523.0,809.2,True,True
1784598763.019,523.1,16.7,False,True
1784598763.179,523.3,60.0,True,False
1784598764.089,524.2,809.0,True,True
1784598764.265,524.4,76.2,True,False
1784598765.175,525.3,809.7,True,True
1784598765.335,525.4,59.4,True,False
1784598766.245,526.3,809.9,True,True
1784598766.350,526.4,5.6,False,True
1784598766.510,526.6,59.3,True,False
1784598767.435,527.5,824.2,True,True
1784598767.594,527.7,59.4,True,False
1784598767.773,527.9,78.3,True,False
1784598768.682,528.8,809.4,True,True
1784598768.842,528.9,59.3,True,False
1784598769.752,529.8,809.4,True,True
1784598769.912,530.0,59.4,True,False
1784598770.071,530.2,59.2,True,False
1784598770.980,531.1,809.1,True,True
1784598771.139,531.2,58.8,True,False
1784598771.320,531.4,80.1,True,False
1784598771.480,531.6,58.9,True,False
1784598771.640,531.7,59.4,True,False
1784598771.799,531.9,59.6,True,False
1784598771.959,532.1,59.6,True,False
1784598772.119,532.2,59.1,True,False
1784598773.028,533.1,809.2,True,True
1784598773.188,533.3,59.3,True,False
1784598774.114,534.2,826.3,True,True
1784598774.274,534.4,59.7,True,False
1784598774.380,534.5,5.3,False,True
1784598774.539,534.6,59.4,True,False
1784598774.699,534.8,59.3,True,False
1784598774.859,535.0,59.7,True,False
1784598775.019,535.1,59.8,True,False
1784598775.179,535.3,59.2,True,False
1784598776.088,536.2,809.3,True,True
1784598776.248,536.3,59.6,True,False
1784598776.408,536.5,60.1,True,False
1784598776.568,536.7,59.7,True,False
1784598776.728,536.8,59.8,True,False
1784598776.905,537.0,77.0,True,False
1784598777.065,537.2,59.1,True,False
1784598777.225,537.3,59.5,True,False
1784598777.385,537.5,59.5,True,False
1784598777.545,537.6,59.5,True,False
1784598777.705,537.8,59.2,True,False
1784598778.616,538.7,810.6,True,True
1784598778.777,538.9,60.7,True,False
1784598778.938,539.0,61.7,True,False
1784598779.849,539.9,810.1,True,True
1784598779.956,540.1,6.2,False,True
1784598780.062,540.2,6.1,False,True
1784598780.222,540.3,59.9,True,False
1784598780.383,540.5,60.0,True,False
1784598780.542,540.6,59.3,True,False
1784598781.452,541.5,809.1,True,True
1784598781.624,541.7,71.7,True,False
1784598781.783,541.9,59.2,True,False
1784598781.942,542.0,58.9,True,False
1784598782.102,542.2,59.1,True,False
1784598782.261,542.4,58.9,True,False
1784598782.431,542.5,70.3,True,False
1784598782.605,542.7,72.9,True,False
1784598783.515,543.6,810.4,True,True
1784598783.674,543.8,59.0,True,False
1784598783.834,543.9,59.1,True,False
1784598783.994,544.1,59.6,True,False
1784598784.153,544.2,58.9,True,False
1784598784.259,544.4,5.2,False,True
1784598784.418,544.5,59.1,True,False
1784598784.578,544.7,59.3,True,False
1784598785.489,545.6,810.5,True,True
1784598785.595,545.7,6.7,False,True
1784598785.755,545.9,60.0,True,False
1784598786.667,546.8,811.2,True,True
1784598786.828,546.9,60.6,True,False
1784598787.738,547.8,810.3,True,True
1784598787.899,548.0,60.0,True,False
1784598788.059,548.2,60.2,True,False
1784598788.234,548.3,73.9,True,False
1784598788.394,548.5,60.5,True,False
1784598788.555,548.7,60.3,True,False
1784598789.466,549.6,811.0,True,True
1784598789.627,549.7,60.6,True,False
1784598790.537,550.6,810.1,True,True
1784598790.698,550.8,60.6,True,False
1784598791.609,551.7,810.6,True,True
1784598791.770,551.9,60.6,True,False
1784598791.931,552.0,60.4,True,False
1784598792.091,552.2,60.0,True,False
1784598792.251,552.3,60.3,True,False
1784598793.161,553.3,809.7,True,True
1784598793.322,553.4,60.9,True,False
1784598793.484,553.6,61.0,True,False
1784598793.643,553.7,59.8,True,False
1784598794.554,554.7,810.7,True,True
1784598794.715,554.8,60.4,True,False
1784598794.876,555.0,60.2,True,False
1784598794.982,555.1,6.0,False,True
1784598795.142,555.2,60.1,True,False
1784598795.303,555.4,60.7,True,False
1784598795.465,555.6,60.9,True,False
1784598795.625,555.7,59.7,True,False
1784598795.786,555.9,60.7,True,False
1784598795.946,556.0,60.1,True,False
1784598796.107,556.2,60.3,True,False
1784598796.267,556.4,60.4,True,False
1784598796.428,556.5,60.7,True,False
1784598796.589,556.7,60.3,True,False
1784598796.749,556.8,59.8,True,False
1784598797.661,557.8,811.0,True,True
1784598797.820,557.9,59.2,True,False
1784598798.733,558.8,812.3,True,True
1784598798.893,559.0,60.1,True,False
1784598799.804,559.9,810.5,True,True
1784598799.965,560.1,60.7,True,False
1784598800.875,561.0,810.4,True,True
1784598801.036,561.1,60.5,True,False
1784598801.956,562.1,819.4,True,True
1784598802.117,562.2,60.8,True,False
1784598802.311,562.4,92.8,True,False
1784598802.491,562.6,80.6,True,False
1784598802.652,562.7,60.2,True,False
1784598803.561,563.7,809.2,False,True
1784598804.471,564.6,809.3,False,True
1784598804.578,564.7,6.1,False,True
1784598804.685,564.8,6.7,False,True
1784598804.844,564.9,59.0,False,True
1784598805.754,565.9,810.0,False,True
1784598806.664,566.8,809.2,False,True
1784598806.771,566.9,6.2,False,True
1784598807.680,567.8,809.3,False,True
1784598808.609,568.7,828.8,False,True
1784598809.520,569.6,810.2,False,True
1784598809.680,569.8,59.3,False,True
1784598810.844,570.9,1063.9,False,True
1784598812.028,572.1,1083.5,False,True
1784598813.216,573.3,1087.5,False,True
1784598814.400,574.5,1084.1,False,True
1784598814.560,574.7,59.8,False,True
1784598815.740,575.8,1079.3,False,True
1784598816.924,577.0,1083.7,False,True
1784598818.140,578.2,1115.6,False,True
1784598819.324,579.4,1083.8,False,True
1784598819.509,579.6,85.1,False,True
1784598820.700,580.8,1090.1,False,True
1784598822.860,583.0,2059.5,False,True
1784598824.027,584.1,1067.4,False,True
1784598825.211,585.3,1083.8,False,True
1784598826.395,586.5,1083.8,False,True
1784598827.310,587.4,814.1,False,True
1784598827.470,587.6,59.1,False,True
1784598828.635,588.7,1065.6,False,True
1784598830.819,590.9,2082.9,False,True
1784598831.999,592.1,1080.2,False,True
1784598832.105,592.2,5.7,False,True
1784598833.275,593.4,1069.3,False,True
1784598834.209,594.3,833.9,False,True
1784598835.395,595.5,1085.9,False,True
1784598835.571,595.7,75.8,False,True
1784598836.731,596.8,1059.5,False,True
1784598836.838,596.9,6.9,False,True
1784598838.010,598.1,1072.1,False,True
1784598840.170,600.3,2059.7,False,True
1784598842.331,602.4,2060.3,False,True
1784598842.436,602.5,5.3,False,True
1784598842.542,602.6,5.9,False,True
1784598842.649,602.7,6.2,False,True
1784598842.808,602.9,58.6,False,True
1784598843.998,604.1,1090.4,False,True
1784598845.178,605.3,1079.9,False,True
1784598846.362,606.5,1083.8,False,True
1784598846.520,606.6,58.4,False,True
1784598847.738,607.8,1117.5,False,True
1784598847.858,608.0,19.5,False,True
1784598849.018,609.1,1059.5,False,True
1784598849.124,609.2,5.5,False,True
1784598851.309,611.4,2084.5,False,True
1784598851.424,611.5,14.9,False,True
1784598851.583,611.7,58.2,False,True
1784598852.515,612.6,831.9,False,True
1784598855.426,615.5,2810.6,False,True
1784598856.335,616.4,808.9,False,True
1784598856.493,616.6,58.3,False,True
1784598856.599,616.7,5.8,False,True
1784598857.508,617.6,808.4,False,True
1784598859.417,619.5,1809.5,False,True
1784598861.341,621.4,1823.7,False,True
1784598861.446,621.5,5.2,False,True
1784598861.606,621.7,59.3,False,True
1784598862.777,622.9,1070.8,False,True
1784598863.961,624.1,1083.5,False,True
1784598864.068,624.2,6.4,False,True
1784598864.192,624.3,24.0,False,True
1784598865.369,625.5,1076.7,False,True
1784598865.528,625.6,58.8,False,True
1784598866.713,626.8,1084.7,False,True
1784598867.897,628.0,1083.5,False,True
1784598869.082,629.2,1084.7,True,True
1784598869.242,629.3,59.5,True,False
1784598869.406,629.5,64.1,True,False
1784598869.566,629.7,59.3,True,False
1784598869.672,629.8,5.4,False,True
1784598869.832,629.9,59.5,True,False
1784598869.991,630.1,59.2,True,False
1784598870.152,630.2,60.0,True,False
1784598870.315,630.4,62.7,True,False
1784598871.242,631.3,827.2,True,True
1784598871.402,631.5,59.1,True,False
1784598871.561,631.7,59.2,True,False
1784598871.721,631.8,59.2,True,False
1784598871.881,632.0,59.1,True,False
1784598872.807,632.9,826.0,True,True
1784598872.978,633.1,70.8,True,False
1784598873.138,633.2,59.6,True,False
1784598873.297,633.4,59.0,True,False
1784598873.457,633.6,59.2,True,False
1784598873.616,633.7,59.0,True,False
1784598873.776,633.9,59.3,True,False
1784598873.881,634.0,5.5,False,True
1784598874.041,634.1,59.8,True,False
1784598874.207,634.3,64.4,True,False
1784598874.333,634.4,25.8,False,True
1784598875.243,635.3,809.3,True,True
1784598875.402,635.5,59.3,True,False
1784598875.509,635.6,6.1,False,True
1784598875.668,635.8,58.9,True,False
1784598875.827,635.9,58.9,True,False
1784598876.737,636.8,809.6,True,True
1784598876.897,637.0,59.4,True,False
1784598877.070,637.2,73.0,True,False
1784598877.229,637.3,58.9,True,False
1784598877.389,637.5,59.2,True,False
1784598877.548,637.6,59.3,True,False
1784598877.719,637.8,70.3,True,False
1784598877.879,638.0,59.7,True,False
1784598878.039,638.1,59.7,True,False
1784598878.198,638.3,59.4,True,False
1784598879.117,639.2,818.2,True,True
1784598879.277,639.4,59.1,True,False
1784598879.382,639.5,5.2,False,True
1784598879.542,639.6,59.2,True,False
1784598879.701,639.8,58.8,True,False
1784598879.876,640.0,74.9,True,False
1784598880.047,640.1,70.6,True,False
1784598880.206,640.3,59.3,True,False
1784598880.407,640.5,99.9,True,False
1784598880.566,640.7,59.0,True,False
1784598880.726,640.8,59.3,True,False
1784598880.831,640.9,5.8,False,True
1784598881.007,641.1,75.1,True,False
1784598881.166,641.3,59.3,True,False
1784598881.326,641.4,59.2,True,False
1784598881.484,641.6,58.8,True,False
1784598881.603,641.7,17.7,False,True
1784598881.709,641.8,5.8,False,True
1784598881.868,642.0,59.5,True,False
1784598882.028,642.1,59.1,True,False
1784598882.133,642.2,5.2,False,True
1784598882.306,642.4,72.4,True,False
1784598882.465,642.6,59.2,True,False
1784598882.625,642.7,59.0,True,False
1784598882.807,642.9,81.5,True,False
1784598882.966,643.1,59.2,True,False
1784598883.148,643.2,82.3,True,False
1784598883.317,643.4,67.7,True,False
1784598883.489,643.6,72.0,True,False
1784598883.648,643.7,59.3,True,False
1784598884.558,644.7,809.5,True,True
1784598884.718,644.8,59.0,True,False
1784598885.627,645.7,809.2,True,True
1784598885.787,645.9,59.5,True,False
1784598885.947,646.0,59.5,True,False
1784598886.053,646.1,5.7,False,True
1784598886.159,646.3,5.6,False,True
1784598886.319,646.4,59.3,True,False
1784598886.505,646.6,85.3,True,False
1784598886.664,646.8,59.5,True,False
1784598886.824,646.9,59.6,True,False
1784598887.734,647.8,809.6,True,True
1784598887.906,648.0,71.9,True,False
1784598888.816,648.9,809.1,True,True
1784598888.922,649.0,5.5,False,True
1784598889.090,649.2,68.5,True,False
1784598890.006,650.1,815.6,True,True
1784598890.166,650.3,59.2,True,False
1784598891.075,651.2,809.2,True,True
1784598891.235,651.3,59.4,True,False
1784598892.154,652.3,818.8,True,True
1784598892.336,652.4,82.0,True,False
1784598892.496,652.6,59.3,True,False
1784598892.655,652.8,59.2,True,False
1784598892.814,652.9,58.9,True,False
1784598892.973,653.1,59.0,True,False
1784598893.133,653.2,59.0,True,False
1784598893.238,653.3,5.5,False,True
1784598893.398,653.5,59.0,True,False
1784598893.558,653.7,59.8,True,False
1784598893.717,653.8,59.2,True,False
1784598893.877,654.0,59.3,True,False
1784598894.037,654.1,59.6,True,False
1784598894.196,654.3,59.0,True,False
1784598894.356,654.5,59.0,True,False
1784598894.515,654.6,59.0,True,False
1784598894.675,654.8,59.4,True,False
1784598894.835,654.9,59.5,True,False
1784598894.994,655.1,59.3,True,False
1784598895.176,655.3,81.1,True,False
1784598895.336,655.4,59.6,True,False
1784598895.506,655.6,69.7,True,False
1784598895.665,655.8,59.2,True,False
1784598895.825,655.9,59.7,True,False
1784598895.984,656.1,58.8,True,False
1784598896.147,656.2,62.4,True,False
1784598897.056,657.2,809.0,True,True
1784598897.161,657.3,5.5,False,True
1784598897.321,657.4,59.7,True,False
1784598897.481,657.6,59.1,True,False
1784598897.641,657.7,59.7,True,False
1784598897.806,657.9,64.7,True,False
1784598898.735,658.8,829.5,True,True
1784598898.905,659.0,70.0,True,False
1784598899.815,659.9,809.5,True,True
1784598899.975,660.1,59.4,True,False
1784598900.905,661.0,830.5,True,True
1784598901.078,661.2,72.2,True,False
1784598901.184,661.3,5.1,False,True
1784598902.105,662.2,821.1,True,True
1784598902.264,662.4,58.8,True,False
1784598903.174,663.3,809.5,True,True
1784598903.334,663.4,59.5,True,False
1784598903.494,663.6,59.1,True,False
1784598903.657,663.8,62.6,True,False
1784598903.816,663.9,59.2,True,False
1784598904.727,664.8,810.5,True,True
1784598904.888,665.0,61.1,True,False
1784598905.813,665.9,824.2,True,True
1784598905.972,666.1,59.5,True,False
1784598906.882,667.0,809.4,True,True
1784598907.042,667.1,59.8,True,False
1784598907.973,668.1,830.4,True,True
1784598908.132,668.2,59.1,True,False
1784598908.292,668.4,59.8,True,False
1784598908.452,668.5,59.5,True,False
1784598908.611,668.7,58.8,True,False
1784598908.779,668.9,68.1,True,False
1784598908.938,669.0,58.7,True,False
1784598909.098,669.2,59.3,True,False
1784598909.257,669.4,59.1,True,False
1784598909.416,669.5,59.1,True,False
1784598909.575,669.7,58.9,True,False
1784598910.505,670.6,829.6,True,True
1784598910.665,670.8,59.5,True,False
1784598911.574,671.7,809.0,True,True
1784598911.734,671.8,59.9,True,False
1784598911.894,672.0,59.3,True,False
1784598912.805,672.9,811.0,True,True
1784598912.965,673.1,59.8,True,False
1784598913.875,674.0,809.3,True,True
1784598914.034,674.1,59.1,True,False
1784598914.205,674.3,71.0,True,False
1784598914.364,674.5,58.6,True,False
1784598915.305,675.4,840.6,True,True
1784598915.464,675.6,59.2,True,False
1784598915.570,675.7,5.6,False,True
1784598915.730,675.8,59.4,True,False
1784598915.905,676.0,75.0,True,False
1784598916.815,676.9,809.6,True,True
1784598916.975,677.1,59.6,True,False
1784598917.134,677.2,59.2,True,False
1784598918.044,678.1,809.7,True,True
1784598918.213,678.3,68.4,True,False
1784598919.123,679.2,809.5,True,True
1784598919.228,679.3,5.6,False,True
1784598919.406,679.5,76.6,True,False
1784598919.565,679.7,59.0,True,False
1784598919.725,679.8,59.4,True,False
1784598919.905,680.0,80.1,True,False
1784598920.065,680.2,59.4,True,False
1784598920.225,680.3,59.3,True,False
1784598920.384,680.5,59.5,True,False
1784598920.554,680.7,69.7,True,False
1784598920.660,680.8,5.3,False,True
1784598920.819,680.9,58.9,True,False
1784598920.979,681.1,59.5,True,False
1784598921.138,681.2,58.9,True,False
1784598922.048,682.1,809.3,True,True
1784598922.208,682.3,59.4,True,False
1784598923.127,683.2,819.6,True,True
1784598923.233,683.3,5.5,False,True
1784598923.393,683.5,59.4,True,False
1784598924.302,684.4,808.6,True,True
1784598924.477,684.6,74.7,True,False
1784598925.386,685.5,808.9,True,True
1784598925.545,685.6,58.7,True,False
1784598925.728,685.8,82.5,True,False
1784598925.899,686.0,70.6,True,False
1784598926.059,686.2,59.6,True,False
1784598926.219,686.3,59.3,True,False
1784598927.129,687.2,809.6,True,True
1784598927.309,687.4,80.3,True,False
1784598928.219,688.3,809.5,True,True
1784598928.327,688.4,7.4,False,True
1784598928.486,688.6,59.1,True,False
1784598928.646,688.7,59.4,True,False
1784598928.805,688.9,59.2,True,False
1784598928.910,689.0,5.2,False,True
1784598929.070,689.2,59.1,True,False
1784598929.228,689.3,58.5,True,False
1784598929.389,689.5,60.1,True,False
1784598929.549,689.6,59.3,True,False
1784598929.708,689.8,59.6,True,False
1784598930.635,690.7,826.2,True,True
1784598930.804,690.9,69.2,True,False
1784598930.920,691.0,15.1,False,True
1784598931.079,691.2,59.4,True,False
1784598931.239,691.3,59.1,True,False
1784598931.398,691.5,58.8,True,False
1784598931.558,691.7,59.2,True,False
1784598931.717,691.8,59.5,True,False
1784598932.627,692.7,809.3,True,True
1784598932.787,692.9,59.5,True,False
1784598932.947,693.0,60.3,True,False
1784598933.857,694.0,809.3,True,True
1784598934.016,694.1,59.1,True,False
1784598934.925,695.0,808.7,True,True
1784598935.085,695.2,59.2,True,False
1784598935.995,696.1,809.3,True,True
1784598936.155,696.3,59.3,True,False
1784598937.064,697.2,808.9,True,True
1784598937.224,697.3,59.5,True,False
1784598938.142,698.2,818.0,True,True
1784598938.302,698.4,59.5,True,False
1784598939.212,699.3,809.2,True,True
1784598939.371,699.5,59.3,True,False
1784598939.477,699.6,5.6,False,True
1784598939.637,699.7,59.2,True,False
1784598939.797,699.9,59.5,True,False
1784598939.956,700.1,59.2,True,False
1784598940.866,701.0,809.4,True,True
1784598941.025,701.1,59.1,True,False
1784598941.198,701.3,73.2,True,False
1784598941.369,701.5,69.8,True,False
1784598942.278,702.4,809.0,True,True
1784598942.394,702.5,15.7,False,True
1784598942.553,702.7,59.3,True,False
1784598942.712,702.8,58.1,True,False
1784598942.871,703.0,59.2,True,False
1784598943.031,703.1,59.2,True,False
1784598943.190,703.3,59.1,True,False
1784598943.349,703.4,59.1,True,False
1784598943.509,703.6,59.0,True,False
1784598943.668,703.8,59.2,True,False
1784598943.828,703.9,59.2,True,False
1784598943.988,704.1,59.7,True,False
1784598944.147,704.2,59.1,True,False
1784598944.307,704.4,59.3,True,False
1784598944.413,704.5,5.3,False,True
1784598944.519,704.6,5.4,False,True
1784598944.679,704.8,59.7,True,False
1784598944.839,704.9,59.7,True,False
1784598945.021,705.1,82.2,True,False
1784598945.180,705.3,59.1,True,False
1784598945.340,705.4,59.2,True,False
1784598945.500,705.6,59.7,True,False
1784598945.660,705.8,59.7,True,False
1784598945.841,705.9,81.4,True,False
1784598946.001,706.1,59.3,True,False
1784598946.169,706.3,68.0,True,False
1784598946.329,706.4,59.5,True,False
1784598947.260,707.4,831.2,True,True
1784598947.431,707.5,70.3,True,False
1784598947.591,707.7,59.8,True,False
1784598947.750,707.8,58.8,True,False
1784598948.660,708.8,809.5,True,True
1784598948.819,708.9,59.3,True,False
1784598948.979,709.1,59.0,True,False
1784598949.085,709.2,5.8,False,True
1784598949.995,710.1,809.5,True,True
1784598950.155,710.3,59.4,True,False
1784598950.314,710.4,59.2,True,False
1784598950.474,710.6,59.3,True,False
1784598950.633,710.7,59.3,True,False
1784598950.793,710.9,59.8,True,False
1784598950.900,711.0,6.3,False,True
1784598951.060,711.2,59.2,True,False
1784598951.219,711.3,59.4,True,False
1784598951.325,711.4,5.7,False,True
1784598951.485,711.6,59.5,True,False
1784598951.644,711.7,59.2,True,False
1784598951.804,711.9,59.3,True,False
1784598951.963,712.1,59.2,True,False
1784598952.069,712.2,5.4,False,True
1784598952.229,712.3,59.6,True,False
1784598952.389,712.5,59.9,True,False
1784598952.513,712.6,23.8,False,True
1784598952.619,712.7,5.3,False,True
1784598952.779,712.9,59.3,True,False
1784598952.938,713.0,59.3,True,False
1784598953.044,713.1,5.6,False,True
1784598953.160,713.3,16.0,False,True
1784598953.266,713.4,5.5,False,True
1784598953.372,713.5,5.8,False,True
1784598953.531,713.6,58.8,True,False
1784598953.691,713.8,59.4,True,False
1784598953.862,714.0,70.6,True,False
1784598954.772,714.9,809.6,True,True
1784598954.933,715.0,60.5,True,False
1784598955.092,715.2,59.5,True,False
1784598955.252,715.3,58.8,True,False
1784598955.411,715.5,59.1,True,False
1784598955.571,715.7,59.4,True,False
1784598956.480,716.6,809.0,True,True
1784598956.640,716.7,59.4,True,False
1784598956.799,716.9,59.0,True,False
1784598957.722,717.8,823.2,True,True
1784598957.891,718.0,68.3,True,False
1784598958.061,718.2,69.7,True,False
1784598958.221,718.3,59.4,True,False
1784598958.326,718.4,5.3,False,True
1784598958.486,718.6,59.5,True,False
1784598958.645,718.7,59.2,True,False
1784598958.804,718.9,58.2,True,False
1784598958.974,719.1,70.3,True,False
1784598959.134,719.2,59.2,True,False
1784598959.294,719.4,59.8,True,False
1784598959.453,719.6,59.4,True,False
1784598959.613,719.7,58.7,True,False
1784598960.523,720.6,809.6,True,True
1784598960.682,720.8,59.3,True,False
1784598961.592,721.7,809.5,True,True
1784598961.752,721.8,59.9,True,False
1784598961.859,722.0,5.6,False,True
1784598962.018,722.1,58.8,True,False
1784598962.177,722.3,59.3,True,False
1784598962.337,722.4,59.1,True,False
1784598962.506,722.6,68.5,True,False
1784598963.415,723.5,809.2,True,True
1784598963.575,723.7,59.5,True,False
1784598964.484,724.6,809.1,True,True
1784598964.643,724.7,58.9,True,False
1784598965.552,725.6,808.3,True,True
1784598965.712,725.8,59.3,True,False
1784598966.621,726.7,808.9,True,True
1784598966.781,726.9,59.6,True,False
1784598966.941,727.0,59.7,True,False
1784598967.100,727.2,59.4,True,False
1784598968.010,728.1,809.3,True,True
1784598968.169,728.3,59.0,True,False
1784598968.328,728.4,58.9,True,False
1784598968.457,728.6,28.5,False,True
1784598968.617,728.7,59.3,True,False
1784598968.776,728.9,59.4,True,False
1784598968.936,729.0,59.3,True,False
1784598969.061,729.2,25.0,False,True
1784598969.970,730.1,809.1,True,True
1784598970.129,730.2,58.6,True,False
1784598970.289,730.4,59.1,True,False
1784598970.449,730.5,60.1,True,False
1784598970.555,730.7,5.4,False,True
1784598970.716,730.8,61.0,True,False
1784598971.626,731.7,810.0,True,True
1784598971.786,731.9,59.5,True,False
1784598972.696,732.8,809.5,True,True
1784598972.856,733.0,59.5,True,False
1784598973.015,733.1,59.1,True,False
1784598973.175,733.3,59.2,True,False
1784598973.334,733.4,59.0,True,False
1784598973.494,733.6,59.6,True,False
1784598973.654,733.8,59.2,True,False
1784598973.813,733.9,59.2,True,False
1784598973.973,734.1,59.6,True,False
1784598974.884,735.0,810.4,True,True
1784598975.044,735.1,59.9,True,False
1784598975.954,736.1,809.6,True,True
1784598976.127,736.2,73.0,True,False
1784598977.038,737.1,810.6,True,True
1784598977.198,737.3,59.4,True,False
1784598977.358,737.5,59.1,True,False
1784598977.527,737.6,69.4,True,False
1784598977.687,737.8,59.7,True,False
1784598977.847,737.9,59.2,True,False
1784598978.006,738.1,59.0,True,False
1784598978.165,738.3,59.2,True,False
1784598978.325,738.4,59.3,True,False
1784598979.234,739.3,809.1,True,True
1784598979.340,739.4,5.6,False,True
1784598979.500,739.6,59.7,True,False
1784598979.660,739.8,59.2,True,False
1784598980.588,740.7,828.2,True,True
1784598980.715,740.8,26.9,False,True
1784598980.874,741.0,58.4,True,False
1784598981.784,741.9,809.2,True,True
1784598981.962,742.1,77.9,True,False
1784598984.880,745.0,2817.9,False,True
1784598987.060,747.2,2079.8,False,True
1784598989.221,749.3,2060.5,False,True
1784598989.327,749.4,5.9,False,True
1784598991.488,751.6,2060.4,False,True
1784598991.593,751.7,5.6,False,True
1784598993.777,753.9,2083.5,False,True
1784598995.953,756.1,2075.6,False,True
1784598996.862,757.0,808.5,False,True
1784598996.968,757.1,5.8,False,True
1784598997.127,757.2,58.4,False,True
1784598997.285,757.4,58.2,False,True
1784598997.444,757.5,58.3,False,True
1784598998.610,758.7,1066.2,False,True
1784598999.794,759.9,1083.5,False,True
1784599001.954,762.1,2059.5,False,True
1784599003.890,764.0,1835.2,False,True
1784599003.996,764.1,5.7,False,True
1784599004.907,765.0,810.1,False,True
1784599005.065,765.2,58.1,False,True
1784599006.994,767.1,1828.4,False,True
1784599009.916,770.0,2821.6,False,True
1784599011.858,772.0,1841.6,False,True
1784599012.767,772.9,808.6,False,True
1784599013.938,774.0,1070.3,False,True
1784599014.110,774.2,72.0,False,True
1784599015.281,775.4,1071.3,False,True
1784599016.465,776.6,1083.5,False,True
1784599017.650,777.7,1084.1,False,True
1784599018.833,778.9,1083.7,False,True
1784599020.021,780.1,1087.6,False,True
1784599022.181,782.3,2059.8,False,True
1784599024.342,784.4,2060.1,False,True
1784599024.501,784.6,58.3,False,True
1784599025.681,785.8,1080.1,False,True
1784599026.865,787.0,1083.7,False,True
1784599028.049,788.1,1083.2,False,True
1784599028.174,788.3,24.6,False,True
1784599028.350,788.4,76.1,False,True
1784599030.511,790.6,2060.6,False,True
1784599030.683,790.8,71.8,False,True
1784599031.857,792.0,1073.1,False,True
1784599033.041,793.1,1084.0,False,True
1784599034.225,794.3,1083.2,False,True
1784599035.409,795.5,1083.6,False,True
1784599037.569,797.7,2060.1,False,True
1784599037.728,797.8,58.6,False,True
1784599038.897,799.0,1068.6,False,True
1784599039.056,799.2,58.7,False,True
1784599040.240,800.3,1084.0,False,True
1784599041.424,801.5,1083.4,False,True
1784599043.585,803.7,2060.8,False,True
1784599044.964,805.1,1278.6,True,True
1784599045.124,805.2,59.5,True,False
1784599047.284,807.4,2060.3,False,True
1784599047.390,807.5,5.3,False,True
1784599047.549,807.6,58.8,True,False
1784599049.489,809.6,1840.0,True,True
1784599050.677,810.8,1087.0,True,True
1784599050.836,810.9,59.4,True,False
1784599051.746,811.8,808.8,True,True
1784599052.913,813.0,1066.5,True,True
1784599053.072,813.2,59.1,True,False
1784599053.232,813.3,59.2,True,False
1784599055.152,815.2,1820.7,True,True
1784599055.312,815.4,59.6,True,False
1784599055.418,815.5,5.3,False,True
1784599055.523,815.6,5.4,False,True
1784599057.456,817.6,1832.5,True,True
1784599057.820,817.9,263.0,True,True
1784599059.760,819.9,1840.4,True,True
1784599059.866,820.0,6.0,False,True
1784599059.973,820.1,5.6,False,True
1784599062.146,822.2,2072.9,False,True
1784599062.306,822.4,60.5,True,False
1784599063.232,823.3,825.3,True,True
1784599063.392,823.5,59.8,True,False
1784599064.515,824.6,1023.3,True,True
1784599064.675,824.8,59.6,True,False
1784599064.781,824.9,5.6,False,True
1784599066.911,827.0,2029.6,True,True
1784599067.071,827.2,59.6,True,False
1784599067.991,828.1,819.0,True,True
1784599068.151,828.2,59.4,True,False
1784599069.279,829.4,1028.2,True,True
1784599070.448,830.5,1068.1,True,True
1784599071.379,831.5,830.9,True,True
1784599071.538,831.6,59.1,True,False
1784599072.447,832.5,808.7,True,True
1784599072.606,832.7,59.4,True,False
1784599073.539,833.6,832.0,True,True
1784599073.698,833.8,59.4,True,False
1784599074.608,834.7,809.4,True,True
1784599074.768,834.9,59.4,True,False
1784599074.928,835.0,59.8,True,False
1784599075.088,835.2,59.8,True,False
1784599075.248,835.3,59.3,True,False
1784599075.407,835.5,59.4,True,False
1784599075.567,835.7,59.3,True,False
1784599075.673,835.8,5.7,False,True
1784599075.834,835.9,60.2,True,False
1784599076.002,836.1,68.4,True,False
1784599076.162,836.3,58.9,True,False
1784599076.344,836.4,82.0,True,False
1784599076.513,836.6,69.1,True,False
1784599077.432,837.5,818.4,True,True
1784599077.601,837.7,68.3,True,False
1784599078.511,838.6,809.7,True,True
1784599078.670,838.8,59.4,True,False
1784599078.849,838.9,77.8,True,False
1784599079.008,839.1,59.5,True,False
1784599079.168,839.3,59.3,True,False
1784599079.328,839.4,59.7,True,False
1784599079.434,839.5,5.4,False,True
1784599079.594,839.7,59.8,True,False
1784599080.515,840.6,820.9,True,True
1784599080.682,840.8,67.2,True,False
1784599081.592,841.7,809.3,True,True
1784599081.752,841.8,59.7,True,False
1784599082.671,842.8,818.6,True,True
1784599082.837,842.9,66.0,True,False
1784599083.747,843.8,809.5,True,True
1784599083.853,843.9,5.7,False,True
1784599084.036,844.1,82.6,True,False
1784599084.957,845.1,820.9,True,True
1784599085.063,845.2,5.5,False,True
1784599085.222,845.3,59.2,True,False
1784599086.154,846.3,831.4,True,True
1784599086.314,846.4,60.1,True,False
1784599086.474,846.6,59.5,True,False
1784599086.634,846.7,59.2,True,False
1784599086.806,846.9,72.0,True,False
1784599086.978,847.1,71.6,True,False
1784599087.138,847.2,59.4,True,False
1784599088.048,848.1,809.6,True,True
1784599088.207,848.3,59.0,True,False
1784599088.337,848.4,29.9,False,True
1784599089.264,849.4,826.6,True,True
1784599089.371,849.5,5.6,False,True
1784599089.477,849.6,6.0,False,True
1784599089.636,849.7,59.1,True,False
1784599089.820,849.9,83.0,True,False
1784599089.937,850.0,17.3,False,True
1784599090.866,851.0,828.0,True,True
1784599091.025,851.1,59.3,True,False
1784599091.184,851.3,58.7,True,False
1784599091.344,851.4,59.4,True,False
1784599091.504,851.6,59.6,True,False
1784599091.664,851.8,59.6,True,False
1784599091.770,851.9,5.5,False,True
1784599091.929,852.0,59.3,True,False
1784599092.103,852.2,73.7,True,False
1784599092.263,852.4,59.5,True,False
1784599092.446,852.5,82.4,True,False
1784599093.355,853.5,809.3,True,True
1784599093.515,853.6,58.9,True,False
1784599093.686,853.8,70.9,True,False
1784599094.609,854.7,822.9,True,True
1784599094.769,854.9,59.4,True,False
1784599094.929,855.0,59.3,True,False
1784599095.035,855.1,5.5,False,True
1784599095.210,855.3,75.4,True,False
1784599096.120,856.2,809.5,True,True
1784599096.280,856.4,59.4,True,False
1784599097.203,857.3,822.6,True,True
1784599097.363,857.5,59.6,True,False
1784599098.290,858.4,827.8,True,True
1784599098.473,858.6,82.6,True,False
1784599098.633,858.7,59.3,True,False
1784599098.792,858.9,59.3,True,False
1784599098.952,859.0,59.4,True,False
1784599099.112,859.2,59.9,True,False
1784599099.294,859.4,81.7,True,False
1784599099.462,859.6,67.9,True,False
1784599099.632,859.7,69.4,True,False
1784599099.792,859.9,59.7,True,False
1784599099.972,860.1,79.6,True,False
1784599100.132,860.2,59.4,True,False
1784599100.292,860.4,59.7,True,False
1784599100.451,860.5,59.1,True,False
1784599100.611,860.7,59.3,True,False
1784599100.771,860.9,59.7,True,False
1784599100.931,861.0,59.6,True,False
1784599101.048,861.1,16.4,False,True
1784599101.207,861.3,58.6,True,False
1784599101.367,861.5,59.7,True,False
1784599101.473,861.6,5.4,False,True
1784599101.579,861.7,6.2,False,True
1784599101.750,861.8,70.0,True,False
1784599101.921,862.0,70.7,True,False
1784599102.081,862.2,60.0,True,False
1784599102.991,863.1,809.7,True,True
1784599103.113,863.2,21.3,False,True
1784599103.218,863.3,5.5,False,True
1784599103.378,863.5,59.4,True,False
1784599104.303,864.4,824.8,True,True
1784599104.431,864.5,28.2,False,True
1784599104.591,864.7,59.6,True,False
1784599105.501,865.6,809.2,True,True
1784599105.661,865.8,59.6,True,False
1784599106.570,866.7,809.3,True,True
1784599106.739,866.8,68.9,True,False
1784599107.649,867.7,809.3,True,True
1784599107.829,867.9,80.2,True,False
1784599108.741,868.8,811.8,True,True
1784599108.901,869.0,59.6,True,False
1784599109.835,869.9,833.6,True,True
1784599110.018,870.1,82.4,True,False
1784599110.927,871.0,809.1,True,True
1784599111.049,871.1,21.5,False,True
1784599111.209,871.3,59.6,True,False
1784599112.119,872.2,809.3,True,True
1784599112.297,872.4,78.4,True,False
1784599113.207,873.3,809.4,True,True
1784599113.366,873.5,59.3,True,False
1784599114.287,874.4,819.7,True,True
1784599114.447,874.5,59.5,True,False
1784599115.356,875.5,809.0,True,True
1784599115.516,875.6,59.5,True,False
1784599116.437,876.5,821.4,True,True
1784599116.597,876.7,59.6,True,False
1784599116.757,876.9,59.6,True,False
1784599116.928,877.0,70.9,True,False
1784599117.088,877.2,59.1,True,False
1784599117.215,877.3,26.7,False,True
1784599117.374,877.5,59.2,True,False
1784599117.534,877.6,59.4,True,False
1784599117.717,877.8,82.6,True,False
1784599117.901,878.0,83.3,True,False
1784599118.061,878.2,60.4,True,False
1784599118.221,878.3,59.2,True,False
1784599118.397,878.5,76.4,True,False
1784599118.556,878.7,58.6,True,False
1784599118.715,878.8,59.1,True,False
1784599118.875,879.0,59.6,True,False
1784599118.993,879.1,16.9,False,True
1784599119.099,879.2,5.9,False,True
1784599119.258,879.4,59.2,True,False
1784599119.432,879.5,74.2,True,False
1784599119.592,879.7,59.4,True,False
1784599119.772,879.9,79.9,True,False
1784599120.682,880.8,809.3,True,True
1784599120.842,880.9,59.7,True,False
1784599121.012,881.1,70.4,True,False
1784599121.182,881.3,69.7,True,False
1784599121.342,881.4,59.5,True,False
1784599121.448,881.5,5.6,False,True
1784599122.367,882.5,819.0,True,True
1784599122.543,882.6,75.5,True,False
1784599123.452,883.5,809.2,True,True
1784599123.611,883.7,58.9,True,False
1784599123.772,883.9,59.8,True,False
1784599123.877,884.0,5.6,False,True
1784599124.037,884.1,59.5,True,False
1784599124.197,884.3,59.2,True,False
1784599124.356,884.5,59.3,True,False
1784599124.516,884.6,59.5,True,False
1784599124.622,884.7,5.6,False,True
1784599124.728,884.8,5.8,False,True
1784599124.888,885.0,59.4,True,False
1784599125.047,885.1,58.7,True,False
1784599125.169,885.3,21.8,False,True
1784599125.275,885.4,5.6,False,True
1784599125.434,885.5,59.1,True,False
1784599126.344,886.4,809.2,True,True
1784599126.449,886.5,5.8,False,True
1784599126.609,886.7,59.4,True,False
1784599126.769,886.9,59.4,True,False
1784599126.945,887.0,76.0,True,False
1784599127.105,887.2,59.7,True,False
1784599128.015,888.1,809.1,True,True
1784599128.175,888.3,59.7,True,False
1784599128.334,888.4,59.2,True,False
1784599128.494,888.6,59.5,True,False
1784599128.654,888.8,59.8,True,False
1784599129.564,889.7,809.5,True,True
1784599129.724,889.8,59.5,True,False
1784599130.634,890.7,809.2,True,True
1784599130.793,890.9,59.1,True,False
1784599131.703,891.8,809.5,True,True
1784599131.863,892.0,59.5,True,False
1784599132.772,892.9,808.7,True,True
1784599132.878,893.0,5.4,False,True
1784599133.037,893.1,59.4,True,False
1784599133.197,893.3,59.9,True,False
1784599133.357,893.5,60.0,True,False
1784599133.517,893.6,59.5,True,False
1784599133.688,893.8,71.2,True,False
1784599133.848,893.9,59.5,True,False
1784599134.007,894.1,59.2,True,False
1784599134.167,894.3,59.3,True,False
1784599134.327,894.4,59.8,True,False
1784599135.253,895.3,825.5,True,True
1784599135.358,895.5,5.5,False,True
1784599135.518,895.6,59.3,True,False
1784599136.428,896.5,809.4,True,True
1784599136.587,896.7,59.4,True,False
1784599137.497,897.6,809.0,True,True
1784599137.656,897.8,59.0,True,False
1784599138.566,898.7,809.1,True,True
1784599138.725,898.8,58.9,True,False
1784599138.885,899.0,59.3,True,False
1784599139.044,899.1,59.6,True,False
1784599139.204,899.3,59.2,True,False
1784599139.363,899.5,59.5,True,False
1784599139.469,899.6,5.5,False,True
1784599139.575,899.7,5.4,False,True
1784599139.735,899.8,59.2,True,False
1784599139.895,900.0,59.4,True,False
1784599140.001,900.1,5.6,False,True
1784599140.160,900.3,59.4,True,False
1784599140.333,900.4,72.7,True,False
1784599140.493,900.6,59.3,True,False
1784599140.652,900.7,59.3,True,False
1784599140.812,900.9,59.5,True,False
1784599140.972,901.1,60.0,True,False
1784599141.078,901.2,5.7,False,True
1784599141.184,901.3,5.5,False,True
1784599141.343,901.4,59.1,True,False
1784599141.503,901.6,59.0,True,False
1784599141.663,901.8,59.4,True,False
1784599141.822,901.9,58.8,True,False
1784599141.981,902.1,59.2,True,False
1784599142.141,902.2,59.4,True,False
1784599142.300,902.4,59.3,True,False
1784599142.459,902.6,59.0,True,False
1784599142.618,902.7,59.1,True,False
1784599142.778,902.9,59.1,True,False
1784599142.937,903.0,59.5,True,False
1784599143.097,903.2,59.6,True,False
1784599144.007,904.1,809.2,True,True
1784599144.175,904.3,68.5,True,False
1784599144.281,904.4,5.5,False,True
1784599145.190,905.3,809.3,True,True
1784599145.350,905.4,59.3,True,False
1784599146.260,906.4,809.3,True,True
1784599146.419,906.5,59.3,True,False
1784599147.329,907.4,809.3,True,True
1784599147.488,907.6,58.9,True,False
1784599147.648,907.7,59.4,True,False
1784599147.807,907.9,59.3,True,False
1784599147.967,908.1,59.5,True,False
1784599148.150,908.2,82.0,True,False
1784599148.309,908.4,59.2,True,False
1784599148.469,908.6,59.6,True,False
1784599148.628,908.7,58.0,True,False
1784599148.747,908.8,19.5,False,True
1784599148.853,909.0,5.3,False,True
1784599149.013,909.1,59.3,True,False
1784599149.172,909.3,59.2,True,False
1784599149.332,909.4,59.1,True,False
1784599149.499,909.6,67.1,True,False
1784599149.667,909.8,68.3,True,False
1784599149.827,909.9,59.4,True,False
1784599150.007,910.1,78.8,True,False
1784599150.167,910.3,59.7,True,False
1784599150.349,910.4,81.8,True,False
1784599151.258,911.4,809.3,True,True
1784599151.434,911.5,75.8,True,False
1784599151.606,911.7,70.9,True,False
1784599151.766,911.9,59.7,True,False
1784599151.947,912.0,81.1,True,False
1784599152.856,913.0,809.0,True,True
1784599153.031,913.1,74.3,True,False
1784599153.190,913.3,59.2,True,False
1784599154.108,914.2,818.2,True,True
1784599154.214,914.3,5.6,False,True
1784599154.374,914.5,59.0,True,False
1784599155.284,915.4,809.4,True,True
1784599155.443,915.5,59.3,True,False
1784599156.353,916.4,809.4,True,True
1784599156.513,916.6,59.6,True,False
1784599156.689,916.8,76.2,True,False
1784599156.859,917.0,69.5,True,False
1784599156.965,917.1,5.5,False,True
1784599157.125,917.2,60.2,True,False
1784599157.286,917.4,60.2,True,False
1784599157.446,917.5,59.8,True,False
1784599158.357,918.5,810.4,True,True
1784599158.518,918.6,60.6,True,False
1784599159.428,919.5,809.9,True,True
1784599159.588,919.7,59.8,True,False
1784599159.748,919.8,59.6,True,False
1784599159.908,920.0,59.5,True,False
1784599160.820,920.9,811.4,True,True
1784599160.980,921.1,60.0,True,False
1784599161.140,921.2,59.8,True,False
1784599161.314,921.4,73.5,True,False
1784599161.485,921.6,70.9,True,False
1784599161.655,921.8,70.0,True,False
1784599162.566,922.7,809.6,True,True
1784599162.743,922.8,77.1,True,False
1784599162.903,923.0,59.5,True,False
1784599163.062,923.2,59.4,True,False
1784599163.972,924.1,809.3,True,True
1784599164.132,924.2,59.9,True,False
1784599164.292,924.4,59.3,True,False
1784599164.465,924.6,73.0,True,False
1784599164.625,924.7,59.4,True,False
1784599164.785,924.9,59.4,True,False
1784599164.944,925.0,59.2,True,False
1784599165.104,925.2,59.9,True,False
1784599166.035,926.1,831.0,True,True
1784599166.195,926.3,58.9,True,False
1784599166.354,926.5,59.1,True,False
1784599166.514,926.6,59.3,True,False
1784599166.620,926.7,6.0,False,True
1784599167.529,927.6,808.8,True,True
1784599167.689,927.8,59.4,True,False
1784599167.795,927.9,5.3,False,True
1784599167.901,928.0,5.7,False,True
1784599168.061,928.2,59.2,True,False
1784599168.970,929.1,809.2,True,True
1784599169.151,929.2,80.9,True,False
1784599170.061,930.2,809.2,True,True
1784599170.185,930.3,23.7,False,True
1784599170.363,930.5,77.5,True,False
1784599170.469,930.6,5.3,False,True
1784599170.642,930.7,72.9,True,False
1784599171.562,931.7,819.6,True,True
1784599171.668,931.8,5.6,False,True
1784599171.828,931.9,59.2,True,False
1784599172.738,932.8,809.7,True,True
1784599172.898,933.0,59.6,True,False
1784599173.057,933.2,59.2,True,False
1784599173.217,933.3,59.1,True,False
1784599173.385,933.5,68.0,True,False
1784599174.295,934.4,809.1,True,True
1784599174.468,934.6,72.8,True,False
1784599174.573,934.7,5.3,False,True
1784599175.483,935.6,809.3,True,True
1784599175.642,935.7,58.8,True,False
1784599175.748,935.8,5.5,False,True
1784599175.907,936.0,59.0,True,False
1784599176.817,936.9,809.5,True,True
1784599176.976,937.1,58.9,True,False
1784599177.885,938.0,809.2,True,True
1784599177.991,938.1,5.5,False,True
1784599178.151,938.2,59.5,True,False
1784599179.061,939.2,809.6,True,True
1784599179.221,939.3,59.3,True,False
1784599180.145,940.2,824.2,True,True
1784599180.327,940.4,81.7,True,False
1784599180.498,940.6,70.4,True,False
1784599180.657,940.8,58.9,True,False
1784599181.566,941.7,809.2,True,True
1784599181.726,941.8,59.5,True,False
1784599181.886,942.0,59.1,True,False
1784599182.046,942.1,59.5,True,False
1784599182.162,942.3,15.5,False,True
1784599182.339,942.4,76.8,True,False
1784599183.248,943.3,809.3,True,True
1784599183.425,943.5,76.3,True,False
1784599183.531,943.6,5.8,False,True
1784599183.691,943.8,59.2,True,False
1784599184.600,944.7,809.4,True,True
1784599184.706,944.8,5.7,False,True
1784599184.866,945.0,59.4,True,False
1784599185.026,945.1,59.7,True,False
1784599185.936,946.0,809.5,True,True
1784599186.095,946.2,58.8,True,False
1784599187.004,947.1,809.0,True,True
1784599187.110,947.2,5.7,False,True
1784599187.269,947.4,58.4,True,False
1784599187.449,947.5,80.1,True,False
1784599187.566,947.7,16.3,False,True
1784599187.673,947.8,5.9,False,True
1784599187.778,947.9,5.7,False,True
1784599187.938,948.0,59.1,True,False
1784599188.117,948.2,79.1,True,False
1784599188.277,948.4,59.3,True,False
1784599188.457,948.6,79.7,True,False
1784599188.617,948.7,59.2,True,False
1784599188.776,948.9,59.4,True,False
1784599188.936,949.0,58.9,True,False
1784599189.095,949.2,59.4,True,False
1784599189.255,949.4,59.4,True,False
1784599190.165,950.3,810.0,True,True
