ts,elapsed_s,latency_ms,ok,sla_violated
1784601227.109,0.1,86.3,True,False
1784601227.279,0.3,69.4,True,False
1784601227.448,0.4,69.3,True,False
1784601227.618,0.6,69.2,True,False
1784601227.778,0.8,59.3,True,False
1784601227.937,0.9,59.1,True,False
1784601228.097,1.1,59.6,True,False
1784601228.255,1.2,58.5,True,False
1784601228.437,1.4,81.6,True,False
1784601228.596,1.6,58.7,True,False
1784601228.756,1.7,59.6,True,False
1784601228.915,1.9,58.7,True,False
1784601229.074,2.1,59.0,True,False
1784601229.253,2.2,77.7,True,False
1784601229.411,2.4,58.4,True,False
1784601229.571,2.5,59.1,True,False
1784601229.748,2.7,76.6,True,False
1784601229.906,2.9,58.6,True,False
1784601230.088,3.1,81.9,True,False
1784601230.247,3.2,58.5,True,False
1784601230.427,3.4,78.8,True,False
1784601230.585,3.6,58.3,True,False
1784601230.766,3.7,80.4,True,False
1784601230.934,3.9,67.7,True,False
1784601231.092,4.1,58.3,True,False
1784601231.251,4.2,58.6,True,False
1784601231.426,4.4,74.6,True,False
1784601231.585,4.6,58.9,True,False
1784601231.744,4.7,58.9,True,False
1784601231.903,4.9,59.2,True,False
1784601232.062,5.0,58.3,True,False
1784601232.220,5.2,58.2,True,False
1784601232.380,5.4,58.7,True,False
1784601232.539,5.5,58.5,True,False
1784601232.697,5.7,58.4,True,False
1784601232.876,5.9,79.1,True,False
1784601233.046,6.0,69.2,True,False
1784601233.216,6.2,70.0,True,False
1784601233.374,6.4,58.7,True,False
1784601233.533,6.5,58.2,True,False
1784601233.712,6.7,78.5,True,False
1784601233.871,6.8,58.8,True,False
1784601234.031,7.0,59.0,True,False
1784601234.190,7.2,58.8,True,False
1784601234.358,7.3,67.8,True,False
1784601234.528,7.5,69.9,True,False
1784601234.687,7.7,58.9,True,False
1784601234.846,7.8,58.6,True,False
1784601235.005,8.0,58.7,True,False
1784601235.164,8.1,58.3,True,False
1784601235.322,8.3,58.0,True,False
1784601235.503,8.5,80.9,True,False
1784601235.662,8.6,58.7,True,False
1784601235.841,8.8,78.3,True,False
1784601236.000,9.0,58.9,True,False
1784601236.181,9.2,80.1,True,False
1784601236.339,9.3,58.5,True,False
1784601236.499,9.5,59.0,True,False
1784601236.659,9.6,59.3,True,False
1784601236.841,9.8,82.1,True,False
1784601237.010,10.0,69.5,True,False
1784601237.180,10.2,68.7,True,False
1784601237.349,10.3,68.7,True,False
1784601237.519,10.5,69.8,True,False
1784601237.687,10.7,68.3,True,False
1784601237.845,10.8,57.6,True,False
1784601238.004,11.0,58.6,True,False
1784601238.185,11.2,80.5,True,False
1784601238.355,11.3,69.9,True,False
1784601238.514,11.5,58.3,True,False
1784601238.695,11.7,81.4,True,False
1784601238.868,11.8,72.2,True,False
1784601239.038,12.0,69.5,True,False
1784601239.197,12.2,58.6,True,False
1784601239.355,12.3,58.1,True,False
1784601239.529,12.5,73.5,True,False
1784601239.687,12.7,58.3,True,False
1784601239.869,12.8,81.8,True,False
1784601240.028,13.0,58.6,True,False
1784601240.187,13.2,58.5,True,False
1784601240.364,13.3,76.6,True,False
1784601240.523,13.5,58.8,True,False
1784601240.683,13.7,58.7,True,False
1784601240.842,13.8,58.8,True,False
1784601241.001,14.0,58.7,True,False
1784601241.168,14.1,66.9,True,False
1784601241.327,14.3,58.4,True,False
1784601241.485,14.5,58.3,True,False
1784601241.666,14.6,80.8,True,False
1784601241.836,14.8,69.7,True,False
1784601242.007,15.0,71.0,True,False
1784601242.167,15.1,58.9,True,False
1784601242.325,15.3,57.9,True,False
1784601242.502,15.5,77.0,True,False
1784601242.661,15.6,58.2,True,False
1784601242.819,15.8,58.4,True,False
1784601242.979,16.0,59.0,True,False
1784601243.137,16.1,58.3,True,False
1784601243.317,16.3,79.6,True,False
1784601243.475,16.5,57.5,True,False
1784601243.633,16.6,58.4,True,False
1784601243.792,16.8,58.8,True,False
1784601243.951,16.9,58.6,True,False
1784601244.120,17.1,68.2,True,False
1784601244.279,17.3,59.2,True,False
1784601244.438,17.4,58.1,True,False
1784601244.612,17.6,74.6,True,False
1784601244.772,17.7,59.0,True,False
1784601244.931,17.9,58.6,True,False
1784601245.089,18.1,58.7,True,False
1784601245.260,18.2,70.2,True,False
1784601245.418,18.4,58.0,True,False
1784601245.578,18.6,58.9,True,False
1784601245.736,18.7,58.4,True,False
1784601245.913,18.9,76.7,True,False
1784601246.072,19.0,58.7,True,False
1784601246.231,19.2,58.7,True,False
1784601246.391,19.4,59.1,True,False
1784601246.550,19.5,58.7,True,False
1784601246.709,19.7,59.3,True,False
1784601246.887,19.9,77.2,True,False
1784601247.046,20.0,59.2,True,False
1784601247.226,20.2,80.0,True,False
1784601247.396,20.4,69.6,True,False
1784601247.566,20.5,69.7,True,False
1784601247.725,20.7,58.5,True,False
1784601247.907,20.9,81.0,True,False
1784601248.076,21.1,68.8,True,False
1784601248.246,21.2,70.0,True,False
1784601248.417,21.4,70.4,True,False
1784601248.576,21.6,58.4,True,False
1784601248.755,21.7,78.8,True,False
1784601248.924,21.9,69.6,True,False
1784601249.092,22.1,67.8,True,False
1784601249.251,22.2,58.6,True,False
1784601249.419,22.4,68.1,True,False
1784601249.578,22.6,58.7,True,False
1784601249.747,22.7,68.2,True,False
1784601249.906,22.9,58.9,True,False
1784601250.064,23.0,58.1,True,False
1784601250.224,23.2,58.8,True,False
1784601250.398,23.4,73.5,True,False
1784601250.557,23.5,59.4,True,False
1784601250.716,23.7,58.1,True,False
1784601250.875,23.9,58.8,True,False
1784601251.045,24.0,69.4,True,False
1784601251.216,24.2,70.6,True,False
1784601251.375,24.4,58.6,True,False
1784601251.533,24.5,58.5,True,False
1784601251.692,24.7,58.8,True,False
1784601251.861,24.8,68.6,True,False
1784601252.033,25.0,71.7,True,False
1784601252.192,25.2,58.3,True,False
1784601252.359,25.3,66.8,True,False
1784601252.528,25.5,68.7,True,False
1784601252.686,25.7,58.3,True,False
1784601252.867,25.8,80.7,True,False
1784601253.026,26.0,58.5,True,False
1784601253.185,26.2,58.5,True,False
1784601253.343,26.3,58.4,True,False
1784601253.502,26.5,58.5,True,False
1784601253.670,26.6,67.0,True,False
1784601253.840,26.8,70.1,True,False
1784601254.012,27.0,72.0,True,False
1784601254.170,27.1,57.8,True,False
1784601254.329,27.3,58.3,True,False
1784601254.488,27.5,58.7,True,False
1784601254.660,27.6,71.5,True,False
1784601254.818,27.8,58.3,True,False
1784601254.999,28.0,80.2,True,False
1784601255.158,28.1,58.7,True,False
1784601255.336,28.3,78.3,True,False
1784601255.495,28.5,59.0,True,False
1784601255.676,28.7,80.4,True,False
1784601255.835,28.8,58.5,True,False
1784601255.994,29.0,58.5,True,False
1784601256.175,29.2,81.1,True,False
1784601256.333,29.3,58.2,True,False
1784601256.492,29.5,58.7,True,False
1784601256.671,29.6,78.5,True,False
1784601256.852,29.8,81.1,True,False
1784601257.012,30.0,58.8,True,False
1784601257.191,30.2,79.7,True,False
1784601257.350,30.3,58.5,True,False
1784601257.509,30.5,58.3,True,False
1784601257.685,30.7,76.2,True,False
1784601257.843,30.8,58.4,True,False
1784601258.003,31.0,59.1,True,False
1784601258.162,31.1,58.8,True,False
1784601258.335,31.3,72.9,True,False
1784601258.494,31.5,58.7,True,False
1784601258.653,31.6,59.1,True,False
1784601258.812,31.8,58.9,True,False
1784601258.971,31.9,59.1,True,False
1784601259.130,32.1,58.7,True,False
1784601259.289,32.3,58.6,True,False
1784601259.462,32.4,72.4,True,False
1784601259.621,32.6,58.4,True,False
1784601259.780,32.8,58.6,True,False
1784601259.959,32.9,79.2,True,False
1784601260.128,33.1,68.2,True,False
1784601260.286,33.3,58.2,True,False
1784601260.445,33.4,58.5,True,False
1784601260.622,33.6,76.3,True,False
1784601260.781,33.8,58.8,True,False
1784601260.939,33.9,58.4,True,False
1784601261.098,34.1,59.1,True,False
1784601261.270,34.2,71.5,True,False
1784601261.439,34.4,68.7,True,False
1784601261.610,34.6,70.1,True,False
1784601261.769,34.7,58.8,True,False
1784601261.927,34.9,58.7,True,False
1784601262.086,35.1,58.6,True,False
1784601262.245,35.2,58.4,True,False
1784601262.427,35.4,81.7,True,False
1784601262.598,35.6,71.0,True,False
1784601262.766,35.7,67.4,True,False
1784601262.925,35.9,58.6,True,False
1784601263.084,36.1,58.5,True,False
1784601263.242,36.2,58.1,True,False
1784601263.401,36.4,58.1,True,False
1784601263.559,36.5,58.4,True,False
1784601263.718,36.7,58.1,True,False
1784601263.877,36.9,58.5,True,False
1784601264.046,37.0,69.3,True,False
1784601264.205,37.2,58.7,True,False
1784601264.364,37.3,58.8,True,False
1784601264.523,37.5,58.8,True,False
1784601264.681,37.7,57.8,True,False
1784601264.849,37.8,67.2,True,False
1784601265.019,38.0,69.9,True,False
1784601265.188,38.2,68.8,True,False
1784601265.346,38.3,58.7,True,False
1784601265.505,38.5,58.7,True,False
1784601265.681,38.7,75.3,True,False
1784601265.850,38.8,68.4,True,False
1784601266.019,39.0,68.8,True,False
1784601266.177,39.2,58.1,True,False
1784601266.336,39.3,58.4,True,False
1784601266.495,39.5,58.9,True,False
1784601266.655,39.6,59.0,True,False
1784601266.814,39.8,58.8,True,False
1784601266.973,39.9,58.9,True,False
1784601267.145,40.1,72.1,True,False
1784601267.304,40.3,58.2,True,False
1784601267.485,40.5,80.9,True,False
1784601267.645,40.6,59.0,True,False
1784601267.803,40.8,58.2,True,False
1784601267.962,40.9,58.7,True,False
1784601268.121,41.1,58.7,True,False
1784601268.280,41.3,58.4,True,False
1784601268.439,41.4,58.8,True,False
1784601268.598,41.6,58.8,True,False
1784601268.757,41.7,58.8,True,False
1784601268.937,41.9,79.4,True,False
1784601269.106,42.1,68.1,True,False
1784601269.264,42.2,58.5,True,False
1784601269.447,42.4,82.0,True,False
1784601269.605,42.6,58.5,True,False
1784601269.765,42.7,59.0,True,False
1784601269.941,42.9,75.6,True,False
1784601270.110,43.1,68.6,True,False
1784601270.278,43.3,68.7,True,False
1784601270.449,43.4,70.2,True,False
1784601270.607,43.6,58.2,True,False
1784601270.775,43.8,67.9,True,False
1784601270.944,43.9,68.6,True,False
1784601271.103,44.1,58.5,True,False
1784601271.285,44.3,81.3,True,False
1784601271.444,44.4,59.2,True,False
1784601271.627,44.6,82.0,True,False
1784601271.809,44.8,81.8,True,False
1784601271.978,45.0,68.8,True,False
1784601272.148,45.1,70.0,True,False
1784601272.307,45.3,58.7,True,False
1784601272.466,45.4,58.3,True,False
1784601272.625,45.6,59.0,True,False
1784601272.784,45.8,59.0,True,False
1784601272.966,45.9,81.4,True,False
1784601273.124,46.1,58.2,True,False
1784601273.283,46.3,58.2,True,False
1784601273.457,46.4,73.8,True,False
1784601273.627,46.6,69.8,True,False
1784601273.786,46.8,58.8,True,False
1784601273.945,46.9,58.6,True,False
1784601274.104,47.1,58.5,True,False
1784601274.279,47.3,75.0,True,False
1784601274.448,47.4,69.3,True,False
1784601274.618,47.6,68.7,True,False
1784601274.787,47.8,69.6,True,False
1784601274.957,47.9,69.1,True,False
1784601275.116,48.1,58.7,True,False
1784601275.274,48.3,58.4,True,False
1784601275.453,48.4,78.3,True,False
1784601275.611,48.6,58.0,True,False
1784601275.771,48.7,59.3,True,False
1784601275.943,48.9,72.2,True,False
1784601276.102,49.1,58.5,True,False
1784601276.283,49.3,81.4,True,False
1784601276.442,49.4,58.4,True,False
1784601276.624,49.6,81.4,True,False
1784601276.783,49.8,58.9,True,False
1784601276.942,49.9,59.2,True,False
1784601277.112,50.1,69.7,True,False
1784601277.270,50.2,58.1,True,False
1784601277.429,50.4,58.5,True,False
1784601277.588,50.6,58.6,True,False
1784601277.746,50.7,58.4,True,False
1784601277.905,50.9,58.6,True,False
1784601278.086,51.1,81.0,True,False
1784601278.254,51.2,67.7,True,False
1784601278.423,51.4,68.8,True,False
1784601278.583,51.6,59.0,True,False
1784601278.742,51.7,59.2,True,False
1784601278.901,51.9,58.6,True,False
1784601279.077,52.1,76.0,True,False
1784601279.247,52.2,69.3,True,False
1784601279.419,52.4,71.7,True,False
1784601279.588,52.6,68.1,True,False
1784601279.747,52.7,58.8,True,False
1784601279.927,52.9,80.1,True,False
1784601280.097,53.1,69.1,True,False
1784601280.273,53.3,76.4,True,False
1784601280.433,53.4,59.3,True,False
1784601280.591,53.6,58.3,True,False
1784601280.750,53.7,58.5,True,False
1784601280.908,53.9,57.5,True,False
1784601281.067,54.0,58.4,True,False
1784601281.245,54.2,77.6,True,False
1784601281.404,54.4,58.9,True,False
1784601281.585,54.6,81.1,True,False
1784601281.744,54.7,58.4,True,False
1784601281.923,54.9,79.1,True,False
1784601282.092,55.1,68.4,True,False
1784601282.260,55.2,68.1,True,False
1784601282.431,55.4,70.4,True,False
1784601282.591,55.6,59.0,True,False
1784601282.770,55.7,78.6,True,False
1784601282.928,55.9,58.5,True,False
1784601283.088,56.1,58.9,True,False
1784601283.261,56.2,73.5,True,False
1784601283.432,56.4,70.4,True,False
1784601283.591,56.6,59.0,True,False
1784601283.773,56.7,81.4,True,False
1784601283.932,56.9,59.4,True,False
1784601284.091,57.1,58.7,True,False
1784601284.250,57.2,59.0,True,False
1784601284.422,57.4,71.0,True,False
1784601284.592,57.6,70.0,True,False
1784601284.751,57.7,58.9,True,False
1784601284.931,57.9,79.3,True,False
1784601285.089,58.1,58.9,True,False
1784601285.248,58.2,58.8,True,False
1784601285.408,58.4,58.8,True,False
1784601285.567,58.5,59.0,True,False
1784601285.726,58.7,59.4,True,False
1784601285.885,58.9,58.7,True,False
1784601286.044,59.0,58.1,True,False
1784601286.203,59.2,58.7,True,False
1784601286.362,59.3,59.1,True,False
1784601286.521,59.5,58.4,True,False
1784601286.680,59.7,58.8,True,False
1784601286.839,59.8,58.9,True,False
1784601287.006,60.0,67.0,True,False
1784601287.165,60.1,58.3,True,False
1784601287.346,60.3,81.6,True,False
1784601287.505,60.5,58.5,True,False
1784601287.664,60.6,58.8,True,False
1784601287.823,60.8,58.7,True,False
1784601287.983,61.0,59.0,True,False
1784601288.153,61.1,69.5,True,False
1784601288.311,61.3,58.5,True,False
1784601288.491,61.5,79.3,True,False
1784601288.662,61.6,70.1,True,False
1784601288.821,61.8,58.9,True,False
1784601289.000,62.0,79.2,True,False
1784601289.158,62.1,58.2,True,False
1784601289.767,62.7,508.4,True,True
1784601289.926,62.9,58.3,True,False
1784601290.085,63.1,58.9,True,False
1784601290.693,63.7,508.6,True,True
1784601290.854,63.8,59.8,True,False
1784601291.013,64.0,59.2,True,False
1784601291.172,64.1,58.4,True,False
1784601291.798,64.8,525.6,True,True
1784601291.965,64.9,67.3,True,False
1784601292.585,65.6,519.4,True,True
1784601292.744,65.7,59.1,True,False
1784601293.354,66.3,508.5,True,True
1784601293.513,66.5,58.7,True,False
1784601294.131,67.1,518.3,True,True
1784601294.299,67.3,67.5,True,False
1784601294.458,67.4,58.6,True,False
1784601294.626,67.6,67.8,True,False
1784601294.799,67.8,72.1,True,False
1784601294.957,67.9,58.6,True,False
1784601295.566,68.5,508.7,True,True
1784601295.738,68.7,70.9,True,False
1784601295.897,68.9,59.0,True,False
1784601296.505,69.5,508.5,True,True
1784601296.665,69.6,59.0,True,False
1784601297.274,70.3,508.3,True,True
1784601297.447,70.4,73.0,True,False
1784601297.606,70.6,58.6,True,False
1784601298.215,71.2,508.7,True,True
1784601298.374,71.4,59.0,True,False
1784601298.983,72.0,508.7,True,True
1784601299.142,72.1,58.3,True,False
1784601299.317,72.3,75.5,True,False
1784601299.938,72.9,520.1,True,True
1784601300.097,73.1,58.9,True,False
1784601300.256,73.2,58.8,True,False
1784601300.866,73.8,509.0,True,True
1784601301.025,74.0,58.9,True,False
1784601301.656,74.6,530.6,True,True
1784601301.814,74.8,58.4,True,False
1784601302.441,75.4,526.2,True,True
1784601302.600,75.6,59.0,True,False
1784601303.223,76.2,522.6,True,True
1784601303.382,76.4,58.4,True,False
1784601303.541,76.5,58.7,True,False
1784601303.716,76.7,75.3,True,False
1784601303.885,76.9,68.0,True,False
1784601304.505,77.5,520.2,True,True
1784601304.676,77.7,70.3,True,False
1784601304.845,77.8,69.5,True,False
1784601305.005,78.0,59.6,True,False
1784601305.185,78.2,79.5,True,False
1784601305.794,78.8,509.1,True,True
1784601305.953,78.9,58.6,True,False
1784601306.563,79.5,509.0,True,True
1784601306.722,79.7,59.3,True,False
1784601306.882,79.9,60.1,True,False
1784601307.491,80.5,508.7,True,True
1784601307.650,80.6,58.6,True,False
1784601308.279,81.3,528.1,True,True
1784601308.437,81.4,58.4,True,False
1784601308.615,81.6,77.5,True,False
1784601308.786,81.8,70.4,True,False
1784601308.945,81.9,58.8,True,False
1784601309.125,82.1,79.7,True,False
1784601309.284,82.3,58.1,True,False
1784601309.443,82.4,58.9,True,False
1784601309.601,82.6,58.6,True,False
1784601309.771,82.7,69.1,True,False
1784601309.939,82.9,68.6,True,False
1784601310.110,83.1,69.9,True,False
1784601310.269,83.2,58.6,True,False
1784601310.878,83.9,508.6,True,True
1784601311.037,84.0,58.7,True,False
1784601311.646,84.6,508.6,True,True
1784601311.825,84.8,79.5,True,False
1784601311.984,85.0,59.0,True,False
1784601312.143,85.1,58.7,True,False
1784601312.303,85.3,58.7,True,False
1784601312.461,85.4,58.2,True,False
1784601312.621,85.6,59.5,True,False
1784601312.780,85.8,59.0,True,False
1784601312.939,85.9,58.6,True,False
1784601313.107,86.1,67.3,True,False
1784601313.264,86.2,57.4,True,False
1784601313.445,86.4,80.7,True,False
1784601313.604,86.6,58.6,True,False
1784601313.763,86.7,58.5,True,False
1784601314.389,87.4,525.1,True,True
1784601314.547,87.5,58.4,True,False
1784601315.156,88.1,508.7,True,True
1784601315.329,88.3,72.5,True,False
1784601315.499,88.5,70.3,True,False
1784601316.109,89.1,509.2,True,True
1784601316.268,89.2,58.9,True,False
1784601316.895,89.9,527.1,True,True
1784601317.055,90.0,59.0,True,False
1784601317.664,90.6,509.0,True,True
1784601317.823,90.8,58.7,True,False
1784601318.432,91.4,508.9,True,True
1784601318.591,91.6,58.8,True,False
1784601319.199,92.2,507.4,True,True
1784601319.375,92.4,75.9,True,False
1784601319.984,93.0,508.7,True,True
1784601320.143,93.1,58.9,True,False
1784601320.302,93.3,58.6,True,False
1784601320.911,93.9,508.6,True,True
1784601321.070,94.0,59.1,True,False
1784601321.251,94.2,80.5,True,False
1784601321.410,94.4,58.6,True,False
1784601321.568,94.5,58.4,True,False
1784601321.741,94.7,73.0,True,False
1784601321.901,94.9,59.2,True,False
1784601322.060,95.0,58.7,True,False
1784601322.235,95.2,73.9,True,False
1784601322.403,95.4,68.3,True,False
1784601322.573,95.5,69.0,True,False
1784601322.731,95.7,58.3,True,False
1784601322.890,95.9,58.6,True,False
1784601323.516,96.5,525.4,True,True
1784601323.675,96.7,58.2,True,False
1784601323.834,96.8,58.9,True,False
1784601324.443,97.4,508.3,True,True
1784601324.616,97.6,73.2,True,False
1784601325.236,98.2,519.4,True,True
1784601325.395,98.4,59.0,True,False
1784601325.572,98.5,76.5,True,False
1784601325.730,98.7,58.4,True,False
1784601325.890,98.9,59.5,True,False
1784601326.517,99.5,526.2,True,True
1784601326.685,99.7,67.9,True,False
1784601327.303,100.3,517.8,True,True
1784601327.461,100.4,58.1,True,False
1784601327.643,100.6,81.3,True,False
1784601327.802,100.8,59.3,True,False
1784601327.962,100.9,59.3,True,False
1784601328.139,101.1,76.4,True,False
1784601328.298,101.3,58.8,True,False
1784601328.907,101.9,508.6,True,True
1784601329.066,102.0,58.5,True,False
1784601329.685,102.7,519.0,True,True
1784601329.844,102.8,58.4,True,False
1784601330.024,103.0,79.1,True,False
1784601330.183,103.2,58.4,True,False
1784601330.356,103.3,73.8,True,False
1784601330.966,103.9,509.1,True,True
1784601331.125,104.1,58.7,True,False
1784601331.734,104.7,508.5,True,True
1784601331.893,104.9,58.7,True,False
1784601332.502,105.5,508.6,True,True
1784601332.661,105.6,58.8,True,False
1784601333.286,106.3,525.1,True,True
1784601333.457,106.4,70.2,True,False
1784601334.078,107.1,520.3,True,True
1784601334.236,107.2,58.4,True,False
1784601334.854,107.8,517.3,True,True
1784601335.012,108.0,58.0,True,False
1784601335.622,108.6,509.1,True,True
1784601335.781,108.8,59.1,True,False
1784601335.940,108.9,58.9,True,False
1784601336.119,109.1,78.5,True,False
1784601336.738,109.7,518.1,True,True
1784601336.897,109.9,58.8,True,False
1784601337.075,110.1,77.7,True,False
1784601337.234,110.2,58.5,True,False
1784601337.414,110.4,80.6,True,False
1784601337.573,110.6,58.7,True,False
1784601338.182,111.2,508.8,True,True
1784601338.357,111.3,74.2,True,False
1784601338.516,111.5,59.2,True,False
1784601339.148,112.1,531.4,True,True
1784601339.307,112.3,58.5,True,False
1784601339.916,112.9,508.7,True,True
1784601340.074,113.1,58.5,True,False
1784601340.234,113.2,59.0,True,False
1784601340.408,113.4,74.0,True,False
1784601340.578,113.6,69.5,True,False
1784601340.737,113.7,59.0,True,False
1784601340.919,113.9,81.1,True,False
1784601341.528,114.5,508.7,True,True
1784601341.687,114.7,59.0,True,False
1784601341.862,114.8,74.3,True,False
1784601342.020,115.0,58.7,True,False
1784601342.200,115.2,79.1,True,False
1784601342.809,115.8,509.0,True,True
1784601342.968,115.9,58.4,True,False
1784601343.577,116.6,508.9,True,True
1784601343.745,116.7,67.9,True,False
1784601344.367,117.3,521.6,True,True
1784601344.548,117.5,81.1,True,False
1784601344.707,117.7,58.4,True,False
1784601344.866,117.8,58.8,True,False
1784601345.043,118.0,76.8,True,False
1784601345.202,118.2,59.0,True,False
1784601345.383,118.4,80.9,True,False
1784601346.003,119.0,518.9,True,True
1784601346.161,119.1,58.5,True,False
1784601346.320,119.3,58.5,True,False
1784601346.493,119.5,72.8,True,False
1784601346.663,119.6,69.0,True,False
1784601346.831,119.8,67.9,True,False
1784601347.000,120.0,68.2,True,False
1784601347.169,120.1,69.6,True,False
1784601347.329,120.3,58.8,True,False
1784601347.508,120.5,78.3,True,False
1784601347.677,120.7,69.7,True,False
1784601347.836,120.8,58.6,True,False
1784601348.018,121.0,81.1,True,False
1784601348.176,121.2,58.5,True,False
1784601348.335,121.3,58.7,True,False
1784601348.512,121.5,76.3,True,False
1784601348.683,121.7,70.9,True,False
1784601348.842,121.8,59.4,True,False
1784601349.002,122.0,58.7,True,False
1784601349.162,122.1,59.2,True,False
1784601349.320,122.3,58.4,True,False
1784601349.480,122.5,59.4,True,False
1784601349.640,122.6,58.9,True,False
1784601349.799,122.8,58.6,True,False
1784601349.976,123.0,77.2,True,False
1784601350.135,123.1,58.4,True,False
1784601350.293,123.3,58.2,True,False
1784601350.452,123.4,58.6,True,False
1784601350.611,123.6,58.7,True,False
1784601350.770,123.7,58.6,True,False
1784601350.950,123.9,79.6,True,False
1784601351.109,124.1,59.3,True,False
1784601351.288,124.3,78.7,True,False
1784601351.448,124.4,59.5,True,False
1784601351.631,124.6,82.6,True,False
1784601351.800,124.8,68.7,True,False
1784601351.959,124.9,58.8,True,False
1784601352.119,125.1,59.5,True,False
1784601352.278,125.3,58.5,True,False
1784601352.446,125.4,67.6,True,False
1784601352.605,125.6,59.1,True,False
1784601352.764,125.7,59.0,True,False
1784601352.923,125.9,58.8,True,False
1784601353.093,126.1,69.4,True,False
1784601353.262,126.2,68.8,True,False
1784601353.421,126.4,58.9,True,False
1784601353.602,126.6,81.0,True,False
1784601353.770,126.7,68.0,True,False
1784601353.930,126.9,58.8,True,False
1784601354.112,127.1,82.3,True,False
1784601354.272,127.2,59.3,True,False
1784601354.431,127.4,58.7,True,False
1784601354.605,127.6,73.9,True,False
1784601354.764,127.7,58.8,True,False
1784601354.944,127.9,80.3,True,False
1784601355.103,128.1,58.6,True,False
1784601355.283,128.3,79.3,True,False
1784601355.454,128.4,70.6,True,False
1784601355.614,128.6,58.7,True,False
1784601355.773,128.8,59.1,True,False
1784601355.932,128.9,59.1,True,False
1784601356.103,129.1,70.0,True,False
1784601356.271,129.2,68.2,True,False
1784601356.430,129.4,58.7,True,False
1784601356.590,129.6,58.7,True,False
1784601356.765,129.7,75.6,True,False
1784601356.924,129.9,58.7,True,False
1784601357.083,130.1,58.7,True,False
1784601357.242,130.2,58.7,True,False
1784601357.412,130.4,69.5,True,False
1784601357.570,130.5,58.2,True,False
1784601357.730,130.7,58.9,True,False
1784601357.888,130.9,58.3,True,False
1784601358.047,131.0,58.2,True,False
1784601358.206,131.2,58.8,True,False
1784601358.383,131.4,76.8,True,False
1784601358.551,131.5,68.1,True,False
1784601358.710,131.7,58.6,True,False
1784601358.878,131.9,67.7,True,False
1784601359.047,132.0,68.5,True,False
1784601359.206,132.2,58.6,True,False
1784601359.365,132.3,59.2,True,False
1784601359.541,132.5,75.5,True,False
1784601359.711,132.7,69.6,True,False
1784601359.869,132.8,58.3,True,False
1784601360.029,133.0,59.2,True,False
1784601360.188,133.2,59.2,True,False
1784601360.347,133.3,58.8,True,False
1784601360.515,133.5,66.8,True,False
1784601360.674,133.7,59.0,True,False
1784601360.854,133.8,80.2,True,False
1784601361.014,134.0,59.0,True,False
1784601361.173,134.2,58.7,True,False
1784601361.332,134.3,58.3,True,False
1784601361.491,134.5,58.4,True,False
1784601361.659,134.6,68.4,True,False
1784601361.818,134.8,58.6,True,False
1784601361.977,135.0,58.8,True,False
1784601362.136,135.1,58.7,True,False
1784601362.295,135.3,58.5,True,False
1784601362.463,135.4,68.0,True,False
1784601362.623,135.6,59.4,True,False
1784601362.802,135.8,79.2,True,False
1784601362.972,135.9,69.5,True,False
1784601363.131,136.1,58.7,True,False
1784601363.290,136.3,58.3,True,False
1784601363.463,136.4,72.6,True,False
1784601363.632,136.6,69.7,True,False
1784601363.791,136.8,58.7,True,False
1784601363.960,136.9,68.3,True,False
1784601364.134,137.1,74.1,True,False
1784601364.293,137.3,58.8,True,False
1784601364.453,137.4,59.1,True,False
1784601364.628,137.6,74.8,True,False
1784601364.798,137.8,69.8,True,False
1784601364.967,137.9,68.9,True,False
1784601365.126,138.1,58.7,True,False
1784601365.285,138.3,58.6,True,False
1784601365.444,138.4,58.8,True,False
1784601365.616,138.6,70.7,True,False
1784601365.775,138.8,58.6,True,False
1784601365.934,138.9,58.8,True,False
1784601366.110,139.1,76.0,True,False
1784601366.269,139.2,58.8,True,False
1784601366.428,139.4,58.4,True,False
1784601366.587,139.6,58.6,True,False
1784601366.759,139.7,71.9,True,False
1784601366.918,139.9,58.7,True,False
1784601367.077,140.1,58.7,True,False
1784601367.236,140.2,58.4,True,False
1784601367.408,140.4,72.4,True,False
1784601367.578,140.6,69.6,True,False
1784601367.750,140.7,71.1,True,False
1784601367.909,140.9,58.7,True,False
1784601368.089,141.1,79.5,True,False
1784601368.259,141.2,70.4,True,False
1784601368.418,141.4,57.6,True,False
1784601368.576,141.6,58.4,True,False
1784601368.735,141.7,58.2,True,False
1784601368.909,141.9,74.0,True,False
1784601369.078,142.1,68.5,True,False
1784601369.236,142.2,58.4,True,False
1784601369.395,142.4,58.5,True,False
1784601369.554,142.5,58.2,True,False
1784601369.728,142.7,73.5,True,False
1784601369.898,142.9,69.8,True,False
1784601370.057,143.0,58.7,True,False
1784601370.216,143.2,58.6,True,False
1784601370.375,143.4,58.7,True,False
1784601370.534,143.5,59.0,True,False
1784601370.704,143.7,69.3,True,False
1784601370.880,143.9,75.6,True,False
1784601371.038,144.0,58.7,True,False
1784601371.197,144.2,58.5,True,False
1784601371.373,144.3,75.8,True,False
1784601371.543,144.5,70.2,True,False
1784601371.714,144.7,69.7,True,False
1784601371.882,144.9,68.1,True,False
1784601372.042,145.0,59.2,True,False
1784601372.201,145.2,58.7,True,False
1784601372.360,145.3,58.9,True,False
1784601372.531,145.5,70.5,True,False
1784601372.690,145.7,58.7,True,False
1784601372.871,145.8,80.9,True,False
1784601373.041,146.0,69.3,True,False
1784601373.200,146.2,58.6,True,False
1784601373.360,146.3,59.1,True,False
1784601373.536,146.5,75.9,True,False
1784601373.706,146.7,69.8,True,False
1784601373.864,146.8,58.4,True,False
1784601374.046,147.0,80.9,True,False
1784601374.215,147.2,69.2,True,False
1784601374.374,147.4,58.7,True,False
1784601374.554,147.5,79.7,True,False
1784601374.713,147.7,59.1,True,False
1784601374.872,147.8,58.8,True,False
1784601375.031,148.0,58.8,True,False
1784601375.190,148.2,58.7,True,False
1784601375.349,148.3,59.0,True,False
1784601375.525,148.5,75.2,True,False
1784601375.684,148.7,58.7,True,False
1784601375.843,148.8,58.6,True,False
1784601376.018,149.0,74.8,True,False
1784601376.177,149.2,58.8,True,False
1784601376.356,149.3,78.7,True,False
1784601376.527,149.5,70.7,True,False
1784601376.697,149.7,69.9,True,False
1784601376.856,149.8,58.4,True,False
1784601377.015,150.0,59.2,True,False
1784601377.174,150.2,58.5,True,False
1784601377.333,150.3,58.4,True,False
1784601377.514,150.5,80.8,True,False
1784601377.672,150.6,58.4,True,False
1784601377.854,150.8,81.4,True,False
1784601378.013,151.0,58.8,True,False
1784601378.172,151.1,58.9,True,False
1784601378.332,151.3,58.8,True,False
1784601378.490,151.5,58.5,True,False
1784601378.649,151.6,58.5,True,False
1784601378.809,151.8,59.8,True,False
1784601378.977,152.0,67.9,True,False
1784601379.082,152.1,4.2,False,True
1784601379.256,152.2,73.8,True,False
1784601379.361,152.3,4.9,False,True
1784601379.520,152.5,58.4,True,False
1784601379.679,152.7,58.3,True,False
1784601379.858,152.8,79.3,True,False
1784601379.974,153.0,15.5,False,True
1784601380.133,153.1,58.8,True,False
1784601380.292,153.3,58.5,True,False
1784601380.475,153.5,82.4,True,False
1784601380.635,153.6,59.6,True,False
1784601380.740,153.7,5.1,False,True
1784601380.868,153.8,27.9,False,True
1784601381.044,154.0,75.7,True,False
1784601381.203,154.2,58.9,True,False
1784601381.385,154.4,82.4,True,False
1784601381.545,154.5,58.7,True,False
1784601381.703,154.7,58.5,True,False
1784601381.879,154.9,75.1,True,False
1784601381.994,155.0,15.3,False,True
1784601382.170,155.1,75.6,True,False
1784601382.329,155.3,58.6,True,False
1784601382.496,155.5,67.1,True,False
1784601382.665,155.6,69.2,True,False
1784601382.833,155.8,67.1,True,False
1784601382.993,156.0,59.5,True,False
1784601383.120,156.1,26.9,False,True
1784601383.279,156.3,58.7,True,False
1784601383.438,156.4,58.3,True,False
1784601383.598,156.6,59.2,True,False
1784601383.703,156.7,4.8,False,True
1784601383.885,156.9,81.9,True,False
1784601384.054,157.0,68.1,True,False
1784601384.223,157.2,69.0,True,False
1784601384.393,157.4,69.3,True,False
1784601384.552,157.5,58.3,True,False
1784601384.667,157.6,14.9,False,True
1784601384.826,157.8,58.9,True,False
1784601384.997,158.0,70.8,True,False
1784601385.166,158.1,68.5,True,False
1784601385.325,158.3,58.1,True,False
1784601385.505,158.5,79.9,True,False
1784601385.622,158.6,16.6,False,True
1784601385.782,158.8,60.0,True,False
1784601385.941,158.9,58.3,True,False
1784601386.124,159.1,82.3,True,False
1784601386.283,159.3,58.7,True,False
1784601386.464,159.4,80.6,True,False
1784601386.634,159.6,69.8,True,False
1784601386.793,159.8,59.0,True,False
1784601386.952,159.9,58.3,True,False
1784601387.128,160.1,76.2,True,False
1784601387.287,160.3,58.4,True,False
1784601387.468,160.4,81.4,True,False
1784601387.627,160.6,58.2,True,False
1784601387.786,160.8,58.7,True,False
1784601387.944,160.9,58.5,True,False
1784601388.104,161.1,58.8,True,False
1784601388.263,161.2,59.0,True,False
1784601388.422,161.4,58.5,True,False
1784601388.600,161.6,77.8,True,False
1784601388.758,161.7,58.5,True,False
1784601388.927,161.9,68.5,True,False
1784601389.033,162.0,5.1,False,True
1784601389.151,162.1,18.0,False,True
1784601389.275,162.3,23.6,False,True
1784601389.433,162.4,58.4,True,False
1784601389.593,162.6,58.7,True,False
1784601389.761,162.7,67.5,True,False
1784601389.919,162.9,58.4,True,False
1784601390.098,163.1,79.1,True,False
1784601390.257,163.2,58.5,True,False
1784601390.435,163.4,77.2,True,False
1784601390.605,163.6,70.3,True,False
1784601390.722,163.7,16.3,False,True
1784601390.827,163.8,5.2,False,True
1784601390.986,164.0,58.9,True,False
1784601391.145,164.1,59.1,True,False
1784601391.304,164.3,59.0,True,False
1784601391.486,164.5,80.9,True,False
1784601391.655,164.6,68.4,True,False
1784601391.814,164.8,58.8,True,False
1784601391.973,164.9,58.8,True,False
1784601392.131,165.1,58.3,True,False
1784601392.290,165.3,58.6,True,False
1784601392.472,165.4,81.7,True,False
1784601392.640,165.6,68.1,True,False
1784601392.809,165.8,68.1,True,False
1784601392.914,165.9,5.3,False,True
1784601393.073,166.1,58.1,True,False
1784601393.232,166.2,58.8,True,False
1784601393.391,166.4,59.2,True,False
1784601393.550,166.5,58.7,True,False
1784601393.721,166.7,70.3,True,False
1784601393.890,166.9,69.2,True,False
1784601394.049,167.0,58.7,True,False
1784601394.208,167.2,58.5,True,False
1784601394.385,167.4,76.9,True,False
1784601394.501,167.5,15.8,False,True
1784601394.660,167.6,58.2,True,False
1784601394.765,167.7,5.3,False,True
1784601394.940,167.9,74.6,True,False
1784601395.046,168.0,5.4,False,True
1784601395.218,168.2,72.0,True,False
1784601395.377,168.4,58.5,True,False
1784601395.536,168.5,58.7,True,False
1784601395.715,168.7,79.6,True,False
1784601395.874,168.9,58.4,True,False
1784601396.055,169.0,81.3,True,False
1784601396.215,169.2,59.4,True,False
1784601396.374,169.4,59.0,True,False
1784601396.552,169.5,77.8,True,False
1784601396.666,169.6,13.9,False,True
1784601396.825,169.8,58.6,True,False
1784601396.984,170.0,58.4,True,False
1784601397.163,170.1,79.1,True,False
1784601397.323,170.3,58.8,True,False
1784601397.502,170.5,79.4,True,False
1784601397.673,170.7,70.7,True,False
1784601397.843,170.8,69.1,True,False
1784601398.001,171.0,58.6,True,False
1784601398.184,171.2,81.8,True,False
1784601398.343,171.3,58.8,True,False
1784601398.502,171.5,58.3,True,False
1784601398.661,171.6,58.5,True,False
1784601398.831,171.8,69.9,True,False
1784601399.000,172.0,69.0,True,False
1784601399.159,172.1,58.6,True,False
1784601399.342,172.3,82.1,True,False
1784601399.458,172.4,16.2,False,True
1784601399.616,172.6,58.2,True,False
1784601399.776,172.8,59.2,True,False
1784601399.958,172.9,82.3,True,False
1784601400.117,173.1,58.5,True,False
1784601400.276,173.3,58.2,True,False
1784601400.450,173.4,73.6,True,False
1784601400.609,173.6,58.6,True,False
1784601400.768,173.7,58.6,True,False
1784601400.940,173.9,71.9,True,False
1784601401.108,174.1,68.1,True,False
1784601401.277,174.3,68.9,True,False
1784601401.450,174.4,72.6,True,False
1784601401.622,174.6,71.3,True,False
1784601401.781,174.8,58.7,True,False
1784601401.962,174.9,80.3,True,False
1784601402.120,175.1,58.4,True,False
1784601402.279,175.3,58.6,True,False
1784601402.438,175.4,58.7,True,False
1784601402.597,175.6,58.7,True,False
1784601402.756,175.7,58.9,True,False
1784601402.931,175.9,75.1,True,False
1784601403.100,176.1,68.3,True,False
1784601403.258,176.2,58.5,True,False
1784601403.387,176.4,28.1,False,True
1784601403.493,176.5,5.6,False,True
1784601403.669,176.6,76.3,True,False
1784601403.837,176.8,67.3,True,False
1784601404.008,177.0,69.9,True,False
1784601404.166,177.1,58.5,True,False
1784601404.294,177.3,27.0,False,True
1784601404.470,177.4,76.3,True,False
1784601404.641,177.6,70.1,True,False
1784601404.812,177.8,70.5,True,False
1784601404.983,178.0,71.1,True,False
1784601405.099,178.1,16.0,False,True
1784601405.258,178.2,58.6,True,False
1784601405.417,178.4,59.1,True,False
1784601405.576,178.6,58.6,True,False
1784601405.757,178.7,80.8,True,False
1784601405.915,178.9,57.4,True,False
1784601406.074,179.1,59.0,True,False
1784601406.233,179.2,58.9,True,False
1784601406.404,179.4,70.2,True,False
1784601406.574,179.6,70.0,True,False
1784601406.744,179.7,69.7,True,False
1784601406.904,179.9,59.4,True,False
1784601407.081,180.1,76.7,True,False
1784601407.252,180.2,70.8,True,False
1784601407.411,180.4,58.9,True,False
1784601407.570,180.5,58.5,True,False
1784601407.745,180.7,74.6,True,False
1784601407.913,180.9,68.2,True,False
1784601408.073,181.0,59.5,True,False
1784601408.178,181.2,5.1,False,True
1784601408.360,181.3,81.5,True,False
1784601408.519,181.5,58.6,True,False
1784601408.678,181.7,58.6,True,False
1784601408.837,181.8,58.8,True,False
1784601408.996,182.0,58.5,True,False
1784601409.154,182.1,58.5,True,False
1784601409.313,182.3,58.5,True,False
1784601409.472,182.4,58.9,True,False
1784601409.631,182.6,58.7,True,False
1784601409.736,182.7,5.0,False,True
1784601409.895,182.9,58.3,True,False
1784601410.076,183.1,81.0,True,False
1784601410.244,183.2,67.9,True,False
1784601410.350,183.3,5.1,False,True
1784601410.509,183.5,58.4,True,False
1784601410.667,183.6,58.5,True,False
1784601410.844,183.8,76.3,True,False
1784601411.014,184.0,69.3,True,False
1784601411.172,184.1,58.7,True,False
1784601411.331,184.3,58.0,True,False
1784601411.490,184.5,58.9,True,False
1784601411.595,184.6,5.2,False,True
1784601411.755,184.7,59.0,True,False
1784601411.913,184.9,58.3,True,False
1784601412.072,185.0,58.9,True,False
1784601412.231,185.2,58.9,True,False
1784601412.400,185.4,68.8,True,False
1784601412.568,185.5,67.6,True,False
1784601412.730,185.7,60.8,True,False
1784601412.889,185.9,58.3,True,False
1784601412.994,186.0,5.1,False,True
1784601413.153,186.1,58.4,True,False
1784601413.312,186.3,58.2,True,False
1784601413.479,186.5,66.8,True,False
1784601413.638,186.6,59.0,True,False
1784601413.797,186.8,58.9,True,False
1784601413.956,186.9,59.0,True,False
1784601414.072,187.0,15.6,False,True
1784601414.231,187.2,58.5,True,False
1784601414.392,187.4,59.8,True,False
1784601414.551,187.5,58.8,True,False
1784601414.656,187.6,5.6,False,True
1784601414.816,187.8,59.3,True,False
1784601414.975,188.0,58.7,True,False
1784601415.157,188.1,81.3,True,False
1784601415.316,188.3,58.7,True,False
1784601415.475,188.5,58.7,True,False
1784601415.634,188.6,58.6,True,False
1784601415.739,188.7,5.2,False,True
1784601415.915,188.9,74.8,True,False
1784601416.073,189.1,58.1,True,False
1784601416.240,189.2,67.4,True,False
1784601416.398,189.4,57.7,True,False
1784601416.557,189.5,58.2,True,False
1784601416.663,189.6,5.5,False,True
1784601416.822,189.8,58.7,True,False
1784601416.981,190.0,58.7,True,False
1784601417.140,190.1,58.5,True,False
1784601417.299,190.3,59.2,True,False
1784601417.459,190.4,59.1,True,False
1784601417.618,190.6,59.3,True,False
1784601417.800,190.8,81.4,True,False
1784601417.969,190.9,68.8,True,False
1784601418.138,191.1,69.2,True,False
1784601418.297,191.3,58.3,True,False
1784601418.411,191.4,13.6,False,True
1784601418.516,191.5,5.0,False,True
1784601418.640,191.6,24.1,False,True
1784601418.746,191.7,5.6,False,True
1784601418.905,191.9,58.6,True,False
1784601419.065,192.0,59.2,True,False
1784601419.223,192.2,58.4,True,False
1784601419.382,192.4,58.5,True,False
1784601419.560,192.5,77.5,True,False
1784601419.729,192.7,69.4,True,False
1784601419.888,192.9,58.8,True,False
1784601420.070,193.0,81.8,True,False
1784601420.229,193.2,58.8,True,False
1784601420.388,193.4,58.5,True,False
1784601420.561,193.5,72.1,True,False
1784601420.720,193.7,58.7,True,False
1784601420.879,193.9,58.9,True,False
1784601421.038,194.0,58.6,True,False
1784601421.196,194.2,57.9,True,False
1784601421.354,194.3,58.3,True,False
1784601421.513,194.5,58.7,True,False
1784601421.683,194.7,69.6,True,False
1784601421.842,194.8,58.8,True,False
1784601422.001,195.0,58.5,True,False
1784601422.160,195.1,58.5,True,False
1784601422.319,195.3,58.8,True,False
1784601422.425,195.4,5.2,False,True
1784601422.595,195.6,69.5,True,False
1784601422.754,195.7,58.6,True,False
1784601422.913,195.9,58.5,True,False
1784601423.072,196.0,58.6,True,False
1784601423.230,196.2,58.7,True,False
1784601423.400,196.4,68.8,True,False
1784601423.559,196.5,58.9,True,False
1784601423.665,196.6,5.3,False,True
1784601423.824,196.8,58.6,True,False
1784601424.000,197.0,75.6,True,False
1784601424.159,197.1,58.9,True,False
1784601424.338,197.3,79.4,True,False
1784601424.507,197.5,68.5,True,False
1784601424.667,197.6,58.9,True,False
1784601424.846,197.8,78.9,True,False
1784601425.006,198.0,59.7,True,False
1784601425.166,198.1,59.4,True,False
1784601425.347,198.3,80.5,True,False
1784601425.507,198.5,59.8,True,False
1784601425.666,198.6,59.4,True,False
1784601425.826,198.8,59.4,True,False
1784601425.993,199.0,66.9,True,False
1784601426.165,199.1,71.7,True,False
1784601426.336,199.3,70.3,True,False
1784601426.494,199.5,58.2,True,False
1784601426.654,199.6,59.0,True,False
1784601426.813,199.8,59.4,True,False
1784601426.972,199.9,58.4,True,False
1784601427.131,200.1,59.1,True,False
1784601427.290,200.3,58.3,True,False
1784601427.449,200.4,58.8,True,False
1784601427.608,200.6,58.7,True,False
1784601427.787,200.8,79.2,True,False
1784601427.959,200.9,71.6,True,False
1784601428.118,201.1,58.1,True,False
1784601428.300,201.3,82.0,True,False
1784601428.459,201.4,58.5,True,False
1784601428.618,201.6,58.8,True,False
1784601428.776,201.8,58.5,True,False
1784601428.936,201.9,58.8,True,False
1784601429.118,202.1,81.6,True,False
1784601429.277,202.3,58.5,True,False
1784601429.435,202.4,58.4,True,False
1784601429.613,202.6,77.2,True,False
1784601429.772,202.7,58.3,True,False
1784601429.930,202.9,58.7,True,False
1784601430.089,203.1,58.9,True,False
1784601430.249,203.2,59.0,True,False
1784601430.407,203.4,58.5,True,False
1784601430.586,203.6,77.9,True,False
1784601430.745,203.7,58.7,True,False
1784601430.903,203.9,58.8,True,False
1784601431.063,204.0,59.0,True,False
1784601431.222,204.2,59.3,True,False
1784601431.382,204.4,59.9,True,False
1784601431.542,204.5,58.9,True,False
1784601431.717,204.7,75.3,True,False
1784601431.877,204.9,59.4,True,False
1784601432.055,205.0,78.1,True,False
1784601432.224,205.2,68.5,True,False
1784601432.394,205.4,69.6,True,False
1784601432.553,205.5,58.3,True,False
1784601432.712,205.7,59.4,True,False
1784601432.871,205.8,59.0,True,False
1784601433.031,206.0,59.1,True,False
1784601433.203,206.2,71.8,True,False
1784601433.375,206.4,71.4,True,False
1784601433.533,206.5,58.3,True,False
1784601433.716,206.7,82.3,True,False
1784601433.884,206.9,68.7,True,False
1784601434.043,207.0,58.4,True,False
1784601434.202,207.2,58.5,True,False
1784601434.307,207.3,5.1,False,True
1784601434.488,207.5,79.9,True,False
1784601434.646,207.6,58.3,True,False
1784601434.805,207.8,59.0,True,False
1784601434.983,208.0,78.0,True,False
1784601435.142,208.1,58.4,True,False
1784601435.301,208.3,58.6,True,False
1784601435.461,208.4,58.9,True,False
1784601435.619,208.6,58.7,True,False
1784601435.779,208.8,59.0,True,False
1784601435.954,208.9,75.0,True,False
1784601436.113,209.1,58.3,True,False
1784601436.272,209.2,58.6,True,False
1784601436.430,209.4,58.8,True,False
1784601436.605,209.6,74.1,True,False
1784601436.765,209.7,59.2,True,False
1784601436.924,209.9,59.4,True,False
1784601437.096,210.1,71.4,True,False
1784601437.255,210.2,58.3,True,False
1784601437.435,210.4,80.1,True,False
1784601437.594,210.6,58.1,True,False
1784601437.752,210.7,58.6,True,False
1784601437.911,210.9,58.4,True,False
1784601438.070,211.0,58.5,True,False
1784601438.251,211.2,80.9,True,False
1784601438.411,211.4,59.4,True,False
1784601438.593,211.6,81.7,True,False
1784601438.753,211.7,59.2,True,False
1784601438.912,211.9,59.3,True,False
1784601439.087,212.1,74.9,True,False
1784601439.246,212.2,58.5,True,False
1784601439.425,212.4,79.3,True,False
1784601439.584,212.6,58.6,True,False
1784601439.743,212.7,58.8,True,False
1784601439.903,212.9,59.4,True,False
1784601440.062,213.0,58.2,True,False
1784601440.220,213.2,58.4,True,False
1784601440.379,213.4,58.4,True,False
1784601440.538,213.5,58.7,True,False
1784601440.707,213.7,68.1,True,False
1784601440.877,213.9,69.9,True,False
1784601441.036,214.0,59.0,True,False
1784601441.195,214.2,58.4,True,False
1784601441.372,214.3,76.6,True,False
1784601441.543,214.5,70.7,True,False
1784601441.713,214.7,69.9,True,False
1784601441.873,214.8,59.1,True,False
1784601442.031,215.0,58.3,True,False
1784601442.207,215.2,75.7,True,False
1784601442.366,215.3,58.5,True,False
1784601442.525,215.5,58.5,True,False
1784601442.703,215.7,78.5,True,False
1784601442.861,215.8,57.4,True,False
1784601443.019,216.0,57.8,True,False
1784601443.179,216.2,59.5,True,False
1784601443.349,216.3,70.1,True,False
1784601443.518,216.5,68.8,True,False
1784601443.677,216.7,58.9,True,False
1784601443.837,216.8,59.5,True,False
1784601443.996,217.0,59.2,True,False
1784601444.165,217.1,68.3,True,False
1784601444.335,217.3,70.4,True,False
1784601444.506,217.5,70.2,True,False
1784601444.665,217.6,58.6,True,False
1784601444.824,217.8,59.1,True,False
1784601445.002,218.0,77.9,True,False
1784601445.161,218.1,58.9,True,False
1784601445.321,218.3,59.3,True,False
1784601445.497,218.5,75.4,True,False
1784601445.655,218.6,58.8,True,False
1784601445.815,218.8,59.3,True,False
1784601445.974,219.0,59.1,True,False
1784601446.134,219.1,59.5,True,False
1784601446.303,219.3,68.7,True,False
1784601446.461,219.4,58.1,True,False
1784601446.619,219.6,57.9,True,False
1784601446.779,219.8,59.5,True,False
1784601446.938,219.9,58.7,True,False
1784601447.097,220.1,58.5,True,False
1784601447.256,220.2,58.6,True,False
1784601447.415,220.4,58.4,True,False
1784601447.573,220.6,58.5,True,False
1784601447.756,220.7,82.5,True,False
1784601447.915,220.9,59.0,True,False
1784601448.095,221.1,79.3,True,False
1784601448.254,221.2,58.7,True,False
1784601448.413,221.4,58.3,True,False
1784601448.585,221.6,72.0,True,False
1784601448.754,221.7,69.0,True,False
1784601448.925,221.9,70.2,True,False
1784601449.095,222.1,70.8,True,False
1784601449.264,222.2,68.6,True,False
1784601449.423,222.4,58.4,True,False
1784601449.582,222.6,58.8,True,False
1784601449.741,222.7,58.5,True,False
1784601449.901,222.9,59.1,True,False
1784601450.059,223.0,58.7,True,False
1784601450.236,223.2,76.8,True,False
1784601450.396,223.4,58.6,True,False
1784601450.577,223.6,80.6,True,False
1784601450.735,223.7,58.2,True,False
1784601450.893,223.9,58.2,True,False
1784601451.052,224.0,58.4,True,False
1784601451.229,224.2,77.0,True,False
1784601451.388,224.4,58.8,True,False
1784601451.547,224.5,58.4,True,False
1784601451.726,224.7,79.4,True,False
1784601451.898,224.9,71.1,True,False
1784601452.067,225.0,69.4,True,False
1784601452.226,225.2,58.4,True,False
1784601452.384,225.4,58.4,True,False
1784601452.562,225.5,77.5,True,False
1784601452.722,225.7,59.1,True,False
1784601452.881,225.9,58.8,True,False
1784601453.040,226.0,58.6,True,False
1784601453.198,226.2,58.2,True,False
1784601453.367,226.3,68.4,True,False
1784601453.525,226.5,57.4,True,False
1784601453.682,226.7,56.8,True,False
1784601453.841,226.8,58.5,True,False
1784601453.999,227.0,58.4,True,False
1784601454.169,227.1,68.9,True,False
1784601454.328,227.3,59.0,True,False
1784601454.508,227.5,79.8,True,False
1784601454.666,227.6,58.1,True,False
1784601454.826,227.8,59.1,True,False
1784601455.000,228.0,73.8,True,False
1784601455.158,228.1,58.2,True,False
1784601455.318,228.3,59.4,True,False
1784601455.494,228.5,76.0,True,False
1784601455.654,228.6,58.7,True,False
1784601455.813,228.8,59.1,True,False
1784601455.972,228.9,59.0,True,False
1784601456.142,229.1,69.5,True,False
1784601456.301,229.3,58.4,True,False
1784601456.468,229.4,67.2,True,False
1784601456.627,229.6,58.9,True,False
1784601456.787,229.8,59.1,True,False
1784601456.946,229.9,58.9,True,False
1784601457.106,230.1,58.9,True,False
1784601457.287,230.3,80.7,True,False
1784601457.445,230.4,58.5,True,False
1784601457.628,230.6,82.2,True,False
1784601457.799,230.8,71.0,True,False
1784601457.968,230.9,69.0,True,False
1784601458.127,231.1,58.3,True,False
1784601458.308,231.3,80.3,True,False
1784601458.476,231.5,68.0,True,False
1784601458.646,231.6,69.7,True,False
1784601458.804,231.8,58.4,True,False
1784601458.963,231.9,58.1,True,False
1784601459.123,232.1,59.1,True,False
1784601459.282,232.3,58.8,True,False
1784601459.441,232.4,58.9,True,False
1784601459.616,232.6,74.8,True,False
1784601459.787,232.8,70.1,True,False
1784601459.945,232.9,58.8,True,False
1784601460.104,233.1,58.5,True,False
1784601460.280,233.3,75.5,True,False
1784601460.439,233.4,58.3,True,False
1784601460.620,233.6,81.8,True,False
1784601460.779,233.8,58.9,True,False
1784601460.938,233.9,58.4,True,False
1784601461.113,234.1,74.8,True,False
1784601461.272,234.2,58.4,True,False
1784601461.431,234.4,58.3,True,False
1784601461.589,234.6,58.2,True,False
1784601461.748,234.7,58.7,True,False
1784601461.917,234.9,68.4,True,False
1784601462.076,235.1,58.9,True,False
1784601462.235,235.2,59.1,True,False
1784601462.394,235.4,58.5,True,False
1784601462.566,235.5,71.4,True,False
1784601462.725,235.7,58.8,True,False
1784601462.906,235.9,80.9,True,False
1784601463.065,236.0,59.1,True,False
1784601463.248,236.2,82.0,True,False
1784601463.417,236.4,68.7,True,False
1784601463.576,236.6,58.6,True,False
1784601463.734,236.7,58.2,True,False
1784601463.912,236.9,78.2,True,False
1784601464.071,237.0,58.7,True,False
1784601464.253,237.2,81.3,True,False
1784601464.411,237.4,57.8,True,False
1784601464.594,237.6,82.4,True,False
1784601464.754,237.7,59.5,True,False
1784601464.912,237.9,58.7,True,False
1784601465.071,238.0,58.8,True,False
1784601465.230,238.2,58.3,True,False
1784601465.411,238.4,81.5,True,False
1784601465.570,238.5,58.5,True,False
1784601465.751,238.7,81.3,True,False
1784601465.919,238.9,67.2,True,False
1784601466.079,239.1,59.5,True,False
1784601466.260,239.2,81.3,True,False
1784601466.419,239.4,58.7,True,False
1784601466.601,239.6,81.3,True,False
1784601466.760,239.7,58.9,True,False
1784601466.919,239.9,58.8,True,False
1784601467.079,240.1,59.5,True,False
1784601467.238,240.2,58.4,True,False
1784601467.417,240.4,79.2,True,False
1784601467.576,240.6,58.9,True,False
1784601467.735,240.7,58.5,True,False
1784601467.911,240.9,76.0,True,False
1784601468.082,241.1,69.7,True,False
1784601468.241,241.2,58.4,True,False
1784601468.422,241.4,81.4,True,False
1784601468.592,241.6,68.7,True,False
1784601468.751,241.7,58.9,True,False
1784601468.910,241.9,58.7,True,False
1784601469.069,242.0,59.5,True,False
1784601469.999,243.0,829.6,True,True
1784601470.176,243.2,76.1,True,False
1784601471.095,244.1,818.9,True,True
1784601471.269,244.2,73.1,True,False
1784601472.178,245.2,808.8,True,True
1784601472.337,245.3,58.6,True,False
1784601473.260,246.2,823.2,True,True
1784601473.438,246.4,77.3,True,False
1784601473.605,246.6,67.0,True,False
1784601474.514,247.5,808.8,True,True
1784601474.673,247.7,59.0,True,False
1784601474.832,247.8,58.3,True,False
1784601474.991,248.0,58.9,True,False
1784601475.150,248.1,58.9,True,False
1784601475.331,248.3,80.3,True,False
1784601475.501,248.5,69.6,True,False
1784601475.660,248.6,59.3,True,False
1784601475.838,248.8,77.4,True,False
1784601475.997,249.0,58.5,True,False
1784601476.178,249.2,81.3,True,False
1784601476.348,249.3,69.1,True,False
1784601476.517,249.5,69.2,True,False
1784601477.427,250.4,809.2,True,True
1784601477.586,250.6,59.1,True,False
1784601478.496,251.5,809.4,True,True
1784601478.655,251.6,58.9,True,False
1784601478.814,251.8,58.7,True,False
1784601478.973,252.0,59.0,True,False
1784601479.132,252.1,58.8,True,False
1784601480.041,253.0,808.5,True,True
1784601480.199,253.2,58.4,True,False
1784601480.358,253.3,58.9,True,False
1784601480.528,253.5,69.0,True,False
1784601480.687,253.7,58.9,True,False
1784601480.847,253.8,59.1,True,False
1784601481.756,254.7,808.9,True,True
1784601481.915,254.9,59.2,True,False
1784601482.074,255.1,58.2,True,False
1784601482.993,256.0,819.1,True,True
1784601483.152,256.1,58.5,True,False
1784601484.076,257.1,823.4,True,True
1784601484.235,257.2,58.8,True,False
1784601485.144,258.1,808.8,True,True
1784601485.320,258.3,75.7,True,False
1784601485.479,258.5,58.7,True,False
1784601486.409,259.4,829.9,True,True
1784601486.568,259.5,58.6,True,False
1784601487.497,260.5,828.3,True,True
1784601487.672,260.6,75.1,True,False
1784601487.831,260.8,58.6,True,False
1784601487.990,261.0,58.8,True,False
1784601488.149,261.1,58.5,True,False
1784601488.308,261.3,58.7,True,False
1784601488.467,261.4,58.4,True,False
1784601488.642,261.6,74.5,True,False
1784601489.551,262.5,808.8,True,True
1784601489.709,262.7,58.7,True,False
1784601490.635,263.6,824.8,True,True
1784601490.793,263.8,58.5,True,False
1784601491.720,264.7,826.3,True,True
1784601491.879,264.9,58.7,True,False
1784601492.805,265.8,825.6,True,True
1784601492.964,265.9,58.4,True,False
1784601493.873,266.8,808.5,True,True
1784601494.032,267.0,58.9,True,False
1784601494.959,267.9,826.8,True,True
1784601495.127,268.1,67.7,True,False
1784601496.036,269.0,808.8,True,True
1784601496.209,269.2,73.4,True,False
1784601497.129,270.1,819.4,True,True
1784601497.288,270.3,58.1,True,False
1784601497.447,270.4,58.9,True,False
1784601497.617,270.6,69.7,True,False
1784601498.526,271.5,808.9,True,True
1784601498.685,271.7,59.0,True,False
1784601499.618,272.6,831.9,True,True
1784601499.777,272.8,58.9,True,False
1784601500.698,273.7,820.8,True,True
1784601500.875,273.9,77.1,True,False
1784601501.784,274.8,809.0,True,True
1784601501.966,274.9,81.5,True,False
1784601502.884,275.9,817.7,True,True
1784601503.042,276.0,58.2,True,False
1784601503.215,276.2,72.4,True,False
1784601503.385,276.4,70.3,True,False
1784601503.555,276.5,69.3,True,False
1784601503.727,276.7,71.5,True,False
1784601503.887,276.9,60.0,True,False
1784601504.068,277.0,80.4,True,False
1784601504.238,277.2,70.5,True,False
1784601504.398,277.4,58.7,True,False
1784601504.557,277.5,59.6,True,False
1784601504.716,277.7,58.5,True,False
1784601504.884,277.9,68.0,True,False
1784601505.054,278.0,69.4,True,False
1784601505.212,278.2,58.2,True,False
1784601505.372,278.3,58.6,True,False
1784601505.530,278.5,58.4,True,False
1784601506.439,279.4,809.0,True,True
1784601506.598,279.6,58.9,True,False
1784601506.758,279.7,59.0,True,False
1784601506.917,279.9,59.4,True,False
1784601507.077,280.1,59.3,True,False
1784601507.235,280.2,58.1,True,False
1784601507.417,280.4,81.5,True,False
1784601507.576,280.6,58.6,True,False
1784601508.485,281.5,808.9,True,True
1784601508.657,281.6,71.4,True,False
1784601508.816,281.8,58.3,True,False
1784601508.975,282.0,59.3,True,False
1784601509.135,282.1,59.3,True,False
1784601510.055,283.0,820.0,True,True
1784601510.232,283.2,76.2,True,False
1784601510.402,283.4,70.2,True,False
1784601511.311,284.3,808.6,True,True
1784601511.483,284.5,71.6,True,False
1784601512.392,285.4,808.5,True,True
1784601512.573,285.6,80.9,True,False
1784601513.496,286.5,822.1,True,True
1784601513.655,286.6,58.7,True,False
1784601514.580,287.6,825.4,True,True
1784601514.761,287.7,80.7,True,False
1784601514.929,287.9,67.4,True,False
1784601515.088,288.1,58.9,True,False
1784601515.269,288.2,80.8,True,False
1784601515.438,288.4,69.3,True,False
1784601515.597,288.6,58.8,True,False
1784601515.757,288.7,59.1,True,False
1784601515.932,288.9,75.6,True,False
1784601516.091,289.1,58.2,True,False
1784601516.269,289.2,78.4,True,False
1784601516.440,289.4,70.1,True,False
1784601516.610,289.6,69.1,True,False
1784601516.780,289.8,70.3,True,False
1784601516.949,289.9,68.3,True,False
1784601517.108,290.1,58.6,True,False
1784601517.267,290.2,58.4,True,False
1784601517.443,290.4,75.9,True,False
1784601517.614,290.6,70.3,True,False
1784601517.783,290.8,68.5,True,False
1784601517.941,290.9,58.1,True,False
1784601518.100,291.1,58.4,True,False
1784601518.258,291.2,58.4,True,False
1784601518.429,291.4,70.2,True,False
1784601518.588,291.6,58.2,True,False
1784601518.746,291.7,58.7,True,False
1784601519.655,292.6,808.6,True,True
1784601519.834,292.8,78.5,True,False
1784601520.004,293.0,69.7,True,False
1784601520.176,293.2,71.6,True,False
1784601521.085,294.1,808.7,True,True
1784601521.259,294.2,73.7,True,False
1784601522.179,295.2,820.3,True,True
1784601522.338,295.3,58.7,True,False
1784601523.263,296.2,824.8,True,True
1784601523.422,296.4,58.4,True,False
1784601524.344,297.3,821.8,True,True
1784601524.519,297.5,74.5,True,False
1784601525.439,298.4,820.4,True,True
1784601525.599,298.6,59.1,True,False
1784601525.772,298.7,72.4,True,False
1784601526.681,299.7,808.8,True,True
1784601526.840,299.8,59.4,True,False
1784601527.750,300.7,808.7,True,True
1784601527.909,300.9,58.9,True,False
1784601528.068,301.0,59.3,True,False
1784601528.236,301.2,67.2,True,False
1784601528.405,301.4,68.5,True,False
1784601528.563,301.5,58.4,True,False
1784601528.745,301.7,81.2,True,False
1784601528.904,301.9,58.6,True,False
1784601529.062,302.0,58.2,True,False
1784601529.239,302.2,76.8,True,False
1784601529.398,302.4,58.5,True,False
1784601529.578,302.6,79.7,True,False
1784601529.748,302.7,69.7,True,False
1784601529.907,302.9,58.4,True,False
1784601530.066,303.0,58.9,True,False
1784601530.243,303.2,77.0,True,False
1784601530.411,303.4,68.0,True,False
1784601530.570,303.5,58.8,True,False
1784601530.729,303.7,58.5,True,False
1784601530.887,303.9,58.4,True,False
1784601531.061,304.0,72.9,True,False
1784601531.232,304.2,70.9,True,False
1784601531.400,304.4,67.9,True,False
1784601531.559,304.5,58.5,True,False
1784601531.740,304.7,80.2,True,False
1784601532.649,305.6,809.0,True,True
1784601532.809,305.8,59.9,True,False
1784601533.717,306.7,808.4,True,True
1784601533.876,306.9,58.1,True,False
1784601534.806,307.8,830.6,True,True
1784601534.966,307.9,59.0,True,False
1784601535.875,308.9,808.7,True,True
1784601536.045,309.0,69.7,True,False
1784601536.204,309.2,58.6,True,False
1784601536.363,309.3,58.4,True,False
1784601536.522,309.5,58.9,True,False
1784601536.693,309.7,70.2,True,False
1784601536.862,309.8,69.4,True,False
1784601537.022,310.0,59.2,True,False
1784601537.200,310.2,78.0,True,False
1784601537.359,310.3,58.5,True,False
1784601537.518,310.5,58.5,True,False
1784601537.694,310.7,76.0,True,False
1784601537.864,310.8,69.1,True,False
1784601538.036,311.0,71.8,True,False
1784601538.205,311.2,68.9,True,False
1784601538.364,311.3,58.9,True,False
1784601538.523,311.5,59.4,True,False
1784601538.682,311.7,57.9,True,False
1784601539.591,312.6,808.8,True,True
1784601539.750,312.7,58.5,True,False
1784601540.668,313.6,818.6,True,True
1784601540.828,313.8,58.9,True,False
1784601541.005,314.0,77.0,True,False
1784601541.175,314.2,69.9,True,False
1784601542.084,315.1,808.5,True,True
1784601542.257,315.2,72.5,True,False
1784601542.416,315.4,58.8,True,False
1784601542.575,315.6,58.6,True,False
1784601542.755,315.7,79.5,True,False
1784601543.665,316.6,809.3,True,True
1784601543.825,316.8,59.5,True,False
1784601543.993,317.0,67.4,True,False
1784601544.161,317.1,68.0,True,False
1784601544.331,317.3,69.7,True,False
1784601545.240,318.2,808.9,True,True
1784601545.399,318.4,58.7,True,False
1784601546.308,319.3,808.8,True,True
1784601546.482,319.5,73.4,True,False
1784601547.403,320.4,820.4,True,True
1784601547.579,320.6,76.4,True,False
1784601547.750,320.7,70.5,True,False
1784601547.920,320.9,69.4,True,False
1784601548.079,321.1,59.0,True,False
1784601548.989,322.0,809.1,True,True
1784601549.159,322.1,69.9,True,False
1784601549.318,322.3,58.8,True,False
1784601549.496,322.5,78.2,True,False
1784601549.655,322.6,59.0,True,False
1784601549.814,322.8,58.8,True,False
1784601549.973,323.0,58.4,True,False
1784601550.132,323.1,59.0,True,False
1784601550.291,323.3,58.7,True,False
1784601550.470,323.4,78.3,True,False
1784601550.629,323.6,59.0,True,False
1784601550.788,323.8,58.8,True,False
1784601550.966,323.9,77.4,True,False
1784601551.125,324.1,58.5,True,False
1784601551.284,324.3,58.6,True,False
1784601551.443,324.4,58.8,True,False
1784601552.352,325.3,808.7,True,True
1784601552.511,325.5,58.6,True,False
1784601552.685,325.7,73.8,True,False
1784601552.844,325.8,58.6,True,False
1784601553.023,326.0,78.7,True,False
1784601553.182,326.2,58.7,True,False
1784601553.341,326.3,58.8,True,False
1784601553.517,326.5,75.3,True,False
1784601553.676,326.7,59.0,True,False
1784601553.835,326.8,58.7,True,False
1784601553.994,327.0,58.5,True,False
1784601554.163,327.1,68.6,True,False
1784601554.321,327.3,58.3,True,False
1784601554.480,327.5,58.6,True,False
1784601554.648,327.6,67.8,True,False
1784601554.807,327.8,58.7,True,False
1784601554.966,327.9,59.2,True,False
1784601555.141,328.1,74.7,True,False
1784601555.300,328.3,58.8,True,False
1784601555.460,328.4,59.0,True,False
1784601555.636,328.6,75.4,True,False
1784601555.795,328.8,58.7,True,False
1784601555.954,328.9,58.7,True,False
1784601556.112,329.1,58.4,True,False
1784601557.021,330.0,808.5,True,True
1784601557.179,330.2,58.3,True,False
1784601557.339,330.3,58.8,True,False
1784601557.507,330.5,68.0,True,False
1784601558.416,331.4,809.0,True,True
1784601558.576,331.6,59.4,True,False
1784601558.735,331.7,59.3,True,False
1784601558.895,331.9,58.8,True,False
1784601559.054,332.0,59.2,True,False
1784601559.212,332.2,58.5,True,False
1784601561.403,334.4,2090.1,True,True
1784601562.858,335.8,1355.5,True,True
1784601564.315,337.3,1356.1,True,True
1784601565.809,338.8,1394.1,True,True
1784601567.256,340.2,1346.0,True,True
1784601568.654,341.6,1298.0,True,True
1784601570.056,343.0,1301.4,True,True
1784601571.458,344.4,1301.3,True,True
1784601572.930,345.9,1372.0,True,True
1784601574.365,347.3,1334.7,True,True
1784601575.768,348.7,1302.8,True,True
1784601577.199,350.2,1330.6,True,True
1784601578.547,351.5,1247.7,True,True
1784601580.022,353.0,1374.2,True,True
1784601581.444,354.4,1321.7,True,True
1784601582.885,355.9,1341.6,True,True
1784601584.321,357.3,1335.9,True,True
1784601585.806,358.8,1384.6,True,True
1784601588.006,361.0,2100.1,True,True
1784601589.395,362.4,1288.6,True,True
1784601590.832,363.8,1336.1,True,True
1784601592.274,365.3,1341.9,True,True
1784601593.752,366.7,1378.2,True,True
1784601595.176,368.2,1323.3,True,True
1784601596.665,369.6,1389.3,True,True
1784601598.891,371.9,2125.5,True,True
1784601600.349,373.3,1358.1,True,True
1784601601.695,374.7,1245.8,True,True
1784601603.160,376.1,1364.8,True,True
1784601605.381,378.4,2120.7,True,True
1784601606.901,379.9,1419.6,True,True
1784601609.156,382.1,2154.2,True,True
1784601610.573,383.6,1317.6,True,True
1784601612.863,385.8,2189.0,True,True
1784601614.202,387.2,1238.6,True,True
1784601616.317,389.3,2015.4,True,True
1784601617.666,390.6,1248.8,True,True
1784601619.104,392.1,1337.0,True,True
1784601620.489,393.5,1284.9,True,True
1784601621.957,394.9,1367.5,True,True
1784601624.060,397.0,2002.6,True,True
1784601625.432,398.4,1272.3,True,True
1784601627.603,400.6,2070.6,True,True
1784601629.039,402.0,1335.0,True,True
1784601630.499,403.5,1359.6,True,True
1784601632.027,405.0,1427.9,True,True
1784601633.399,406.4,1271.9,True,True
1784601634.701,407.7,1201.6,True,True
1784601636.811,409.8,2009.7,True,True
1784601638.208,411.2,1296.9,True,True
1784601640.405,413.4,2096.5,True,True
1784601641.746,414.7,1239.9,True,True
1784601643.997,417.0,2150.7,True,True
1784601645.416,418.4,1318.9,True,True
1784601647.601,420.6,2084.8,True,True
1784601648.987,422.0,1286.1,True,True
1784601650.435,423.4,1346.9,True,True
1784601651.879,424.9,1344.2,True,True
1784601654.073,427.0,2093.3,True,True
1784601655.476,428.5,1303.0,True,True
1784601657.687,430.7,2111.4,True,True
1784601659.208,432.2,1420.8,True,True
1784601660.595,433.6,1286.4,True,True
1784601662.794,435.8,2099.2,True,True
1784601664.283,437.3,1388.2,True,True
1784601666.425,439.4,2041.8,True,True
1784601667.887,440.9,1362.1,True,True
1784601670.128,443.1,2140.9,True,True
1784601671.545,444.5,1316.6,True,True
1784601673.740,446.7,2095.3,True,True
1784601675.069,448.0,1229.0,True,True
1784601677.308,450.3,2138.9,True,True
1784601678.730,451.7,1321.6,True,True
1784601680.849,453.8,2018.9,True,True
1784601682.305,455.3,1355.1,True,True
1784601684.509,457.5,2103.8,True,True
1784601685.900,458.9,1290.9,True,True
1784601687.254,460.2,1254.3,True,True
1784601688.707,461.7,1352.9,True,True
1784601690.150,463.1,1341.9,True,True
1784601691.593,464.6,1342.6,True,True
1784601693.013,466.0,1320.2,True,True
1784601695.134,468.1,2020.3,True,True
1784601696.677,469.7,1442.5,True,True
1784601698.154,471.1,1377.5,True,True
1784601700.406,473.4,2151.0,True,True
1784601701.835,474.8,1328.8,True,True
1784601703.201,476.2,1266.4,True,True
1784601704.601,477.6,1299.8,True,True
1784601705.961,478.9,1259.3,True,True
1784601708.130,481.1,2069.0,True,True
1784601709.611,482.6,1380.8,True,True
1784601711.830,484.8,2118.7,True,True
1784601713.280,486.3,1349.3,True,True
1784601715.586,488.6,2205.6,True,True
1784601717.060,490.0,1374.1,True,True
1784601719.160,492.1,1999.0,True,True
1784601720.642,493.6,1381.8,True,True
1784601721.994,495.0,1251.0,True,True
1784601724.180,497.2,2085.9,True,True
1784601725.628,498.6,1347.6,True,True
1784601726.951,499.9,1223.0,True,True
1784601728.424,501.4,1371.7,True,True
1784601733.547,506.5,5023.6,False,True
1784601734.457,507.4,809.1,True,True
1784601734.633,507.6,75.4,True,False
1784601735.542,508.5,808.8,True,True
1784601735.718,508.7,76.3,True,False
1784601736.628,509.6,809.5,True,True
1784601736.787,509.8,58.8,True,False
1784601736.947,509.9,59.1,True,False
1784601737.125,510.1,77.8,True,False
1784601737.284,510.3,58.5,True,False
1784601737.442,510.4,58.7,True,False
1784601738.351,511.3,808.6,True,True
1784601738.510,511.5,58.8,True,False
1784601739.419,512.4,808.3,True,True
1784601739.592,512.6,73.5,True,False
1784601739.751,512.7,58.4,True,False
1784601739.910,512.9,59.1,True,False
1784601740.834,513.8,823.5,True,True
1784601740.993,514.0,58.4,True,False
1784601741.901,514.9,808.7,True,True
1784601742.079,515.1,77.1,True,False
1784601742.988,516.0,808.9,True,True
1784601743.147,516.1,58.8,True,False
1784601744.056,517.0,808.3,True,True
1784601744.216,517.2,60.2,True,False
1784601745.147,518.1,830.9,True,True
1784601745.306,518.3,58.4,True,False
1784601746.231,519.2,824.4,True,True
1784601746.389,519.4,58.4,True,False
1784601746.568,519.5,78.0,True,False
1784601746.727,519.7,59.2,True,False
1784601746.886,519.9,58.7,True,False
1784601747.046,520.0,59.4,True,False
1784601747.966,520.9,819.7,True,True
1784601748.125,521.1,58.9,True,False
1784601749.035,522.0,809.0,True,True
1784601749.194,522.2,58.8,True,False
1784601750.102,523.1,807.9,True,True
1784601750.278,523.3,75.3,True,False
1784601750.436,523.4,58.5,True,False
1784601751.345,524.3,808.6,True,True
1784601751.519,524.5,73.9,True,False
1784601752.440,525.4,820.6,True,True
1784601752.599,525.6,58.7,True,False
1784601753.524,526.5,824.1,True,True
1784601753.682,526.7,58.4,True,False
1784601754.607,527.6,825.0,True,True
1784601754.785,527.8,77.2,True,False
1784601755.704,528.7,819.3,True,True
1784601755.863,528.8,58.6,True,False
1784601756.022,529.0,58.7,True,False
1784601756.931,529.9,808.7,True,True
1784601757.090,530.1,58.8,True,False
1784601758.015,531.0,824.2,True,True
1784601758.174,531.2,58.6,True,False
1784601758.348,531.3,74.1,True,False
1784601758.519,531.5,70.3,True,False
1784601758.678,531.7,59.0,True,False
1784601759.587,532.6,808.7,True,True
1784601759.757,532.7,69.8,True,False
1784601759.927,532.9,69.6,True,False
1784601760.087,533.1,59.3,True,False
1784601760.269,533.2,82.2,True,False
1784601760.427,533.4,58.3,True,False
1784601760.586,533.6,58.4,True,False
1784601760.744,533.7,57.8,True,False
1784601760.903,533.9,58.2,True,False
1784601761.072,534.0,69.7,True,False
1784601761.232,534.2,58.7,True,False
1784601761.390,534.4,58.6,True,False
1784601761.549,534.5,58.5,True,False
1784601762.458,535.4,808.7,True,True
1784601762.617,535.6,58.5,True,False
1784601762.776,535.8,58.7,True,False
1784601762.944,535.9,67.5,True,False
1784601763.113,536.1,68.2,True,False
1784601763.281,536.3,68.2,True,False
1784601763.451,536.4,69.6,True,False
1784601764.371,537.3,819.4,True,True
1784601764.530,537.5,59.1,True,False
1784601764.690,537.7,59.1,True,False
1784601764.850,537.8,59.4,True,False
1784601765.779,538.8,829.2,True,True
1784601765.956,538.9,76.5,True,False
1784601766.124,539.1,67.9,True,False
1784601766.293,539.3,69.4,True,False
1784601766.453,539.4,58.9,True,False
1784601766.612,539.6,58.4,True,False
1784601766.787,539.8,75.4,True,False
1784601766.947,539.9,58.9,True,False
1784601767.127,540.1,79.8,True,False
1784601767.286,540.3,58.7,True,False
1784601767.464,540.4,77.7,True,False
1784601767.634,540.6,69.9,True,False
1784601767.805,540.8,70.1,True,False
1784601767.963,540.9,58.3,True,False
1784601768.143,541.1,79.3,True,False
1784601768.301,541.3,58.1,True,False
1784601768.482,541.5,80.0,True,False
1784601768.651,541.6,68.6,True,False
1784601768.822,541.8,70.8,True,False
1784601768.981,542.0,58.7,True,False
1784601769.141,542.1,59.4,True,False
1784601769.315,542.3,74.4,True,False
1784601769.474,542.5,59.0,True,False
1784601769.634,542.6,58.7,True,False
1784601769.792,542.8,58.5,True,False
1784601769.952,542.9,59.4,True,False
1784601770.111,543.1,58.8,True,False
1784601770.271,543.2,59.3,True,False
1784601770.430,543.4,59.3,True,False
1784601770.590,543.6,59.4,True,False
1784601771.499,544.5,808.8,True,True
1784601771.674,544.7,74.6,True,False
1784601771.843,544.8,68.9,True,False
1784601772.003,545.0,59.5,True,False
1784601772.162,545.1,58.6,True,False
1784601772.339,545.3,76.5,True,False
1784601772.498,545.5,58.7,True,False
1784601772.678,545.7,80.0,True,False
1784601773.587,546.6,808.9,True,True
1784601773.762,546.7,74.3,True,False
1784601774.671,547.6,808.7,True,True
1784601774.831,547.8,59.1,True,False
1784601775.741,548.7,809.3,True,True
1784601775.911,548.9,70.3,True,False
1784601776.820,549.8,808.1,True,True
1784601776.999,550.0,78.9,True,False
1784601777.908,550.9,808.6,True,True
1784601778.067,551.0,58.8,True,False
1784601778.996,552.0,829.6,True,True
1784601779.156,552.1,59.6,True,False
1784601779.316,552.3,58.9,True,False
1784601779.475,552.5,59.1,True,False
1784601779.633,552.6,57.3,True,False
1784601780.561,553.5,827.0,True,True
1784601780.720,553.7,58.9,True,False
1784601781.643,554.6,821.7,True,True
1784601781.821,554.8,78.5,True,False
1784601781.991,555.0,69.7,True,False
1784601782.900,555.9,808.6,True,True
1784601783.059,556.0,58.5,True,False
1784601783.218,556.2,58.7,True,False
1784601783.376,556.4,58.4,True,False
1784601783.535,556.5,58.7,True,False
1784601783.694,556.7,58.7,True,False
1784601783.853,556.8,58.6,True,False
1784601784.022,557.0,68.7,True,False
1784601784.931,557.9,808.6,True,True
1784601785.090,558.1,59.2,True,False
1784601786.018,559.0,828.0,True,True
1784601786.177,559.2,59.0,True,False
1784601786.351,559.3,73.0,True,False
1784601786.510,559.5,59.1,True,False
1784601786.691,559.7,80.5,True,False
1784601786.851,559.8,59.2,True,False
1784601787.760,560.7,808.8,True,True
1784601787.942,560.9,81.6,True,False
1784601788.851,561.8,808.7,True,True
1784601789.010,562.0,58.9,True,False
1784601789.170,562.1,60.0,True,False
1784601789.342,562.3,71.2,True,False
1784601789.501,562.5,59.5,True,False
1784601790.441,563.4,839.7,False,True
1784601790.640,563.6,97.9,False,True
1784601791.568,564.5,828.8,False,True
1784601791.728,564.7,59.0,False,True
1784601791.901,564.9,73.5,False,True
1784601792.059,565.0,57.3,False,True
1784601792.216,565.2,57.1,False,True
1784601792.374,565.4,57.4,False,True
1784601792.532,565.5,57.6,False,True
1784601793.708,566.7,1075.0,False,True
1784601793.886,566.9,78.4,False,True
1784601795.084,568.1,1097.0,False,True
1784601796.267,569.2,1083.5,False,True
1784601798.425,571.4,2057.6,False,True
1784601800.585,573.6,2059.7,False,True
1784601800.743,573.7,58.0,False,True
1784601801.931,574.9,1087.6,False,True
1784601803.115,576.1,1083.3,False,True
1784601804.022,577.0,807.2,False,True
1784601805.195,578.2,1072.2,False,True
1784601806.379,579.4,1083.8,False,True
1784601807.563,580.5,1083.8,False,True
1784601807.740,580.7,76.6,False,True
1784601808.907,581.9,1067.0,False,True
1784601810.091,583.1,1083.5,False,True
1784601811.275,584.3,1083.8,False,True
1784601813.442,586.4,2066.6,False,True
1784601815.622,588.6,2079.7,False,True
1784601815.803,588.8,81.1,False,True
1784601816.971,589.9,1067.1,False,True
1784601818.155,591.1,1083.5,False,True
1784601819.343,592.3,1087.3,False,True
1784601821.502,594.5,2059.3,False,True
1784601824.411,597.4,2808.1,False,True
1784601825.319,598.3,807.7,False,True
1784601826.227,599.2,807.5,False,True
1784601827.148,600.1,820.8,False,True
1784601828.057,601.0,808.2,False,True
1784601829.258,602.2,1101.0,False,True
1784601831.416,604.4,2057.6,False,True
1784601833.591,606.6,2074.7,False,True
1784601833.769,606.7,77.6,False,True
1784601834.954,607.9,1085.5,False,True
1784601836.138,609.1,1083.2,False,True
1784601837.322,610.3,1083.4,False,True
1784601838.506,611.5,1083.6,False,True
1784601839.690,612.7,1083.8,False,True
1784601839.847,612.8,57.5,False,True
1784601841.033,614.0,1086.2,False,True
1784601842.217,615.2,1083.6,False,True
1784601843.401,616.4,1083.8,False,True
1784601844.586,617.6,1084.0,False,True
1784601844.744,617.7,58.1,False,True
1784601845.933,618.9,1088.8,False,True
1784601846.859,619.8,825.4,False,True
1784601847.767,620.7,808.0,False,True
1784601848.969,621.9,1101.5,False,True
1784601851.129,624.1,2059.1,False,True
1784601852.037,625.0,808.3,False,True
1784601852.946,625.9,807.9,False,True
1784601853.104,626.1,58.0,False,True
1784601854.282,627.3,1077.8,True,True
1784601855.197,628.2,815.3,True,True
1784601855.375,628.4,76.9,True,False
1784601855.534,628.5,58.8,True,False
1784601856.443,629.4,808.9,True,True
1784601856.611,629.6,67.8,True,False
1784601857.531,630.5,820.2,True,True
1784601857.713,630.7,81.3,True,False
1784601858.622,631.6,808.7,True,True
1784601858.781,631.8,58.6,True,False
1784601859.701,632.7,819.8,True,True
1784601859.860,632.8,59.1,True,False
1784601860.792,633.8,831.5,True,True
1784601860.951,633.9,59.2,True,False
1784601861.110,634.1,58.6,True,False
1784601862.019,635.0,808.7,True,True
1784601862.178,635.2,58.6,True,False
1784601862.338,635.3,59.7,True,False
1784601862.497,635.5,59.0,True,False
1784601862.679,635.7,80.8,True,False
1784601862.838,635.8,59.1,True,False
1784601863.014,636.0,75.3,True,False
1784601863.174,636.2,59.3,True,False
1784601863.348,636.3,74.4,True,False
1784601863.507,636.5,58.8,True,False
1784601863.667,636.6,58.8,True,False
1784601863.841,636.8,74.5,True,False
1784601864.024,637.0,82.0,True,False
1784601864.197,637.2,73.1,True,False
1784601864.372,637.3,74.3,True,False
1784601864.544,637.5,71.8,True,False
1784601865.453,638.4,808.9,True,True
1784601865.612,638.6,58.9,True,False
1784601866.529,639.5,817.0,True,True
1784601866.697,639.7,67.8,True,False
1784601867.606,640.6,808.7,True,True
1784601867.765,640.7,58.6,True,False
1784601867.938,640.9,73.0,True,False
1784601868.848,641.8,808.8,True,True
1784601869.031,642.0,82.7,True,False
1784601869.951,642.9,819.5,True,True
1784601870.129,643.1,78.0,True,False
1784601871.037,644.0,807.6,True,True
1784601871.219,644.2,81.5,True,False
1784601872.138,645.1,818.5,True,True
1784601872.307,645.3,68.4,True,False
1784601872.466,645.4,58.3,True,False
1784601872.625,645.6,58.5,True,False
1784601872.784,645.8,58.7,True,False
1784601872.943,645.9,59.0,True,False
1784601873.852,646.8,809.1,True,True
1784601874.037,647.0,84.5,True,False
1784601874.204,647.2,66.4,True,False
1784601874.363,647.3,58.5,True,False
1784601875.297,648.3,834.3,True,True
1784601875.472,648.4,74.7,True,False
1784601876.398,649.4,826.1,True,True
1784601876.597,649.6,98.1,True,False
1784601876.797,649.8,100.3,True,False
1784601877.706,650.7,808.4,True,True
1784601877.865,650.8,59.2,True,False
1784601878.784,651.8,818.9,True,True
1784601878.943,651.9,58.7,True,False
1784601879.113,652.1,69.0,True,False
1784601879.292,652.3,79.6,True,False
1784601879.471,652.4,78.8,True,False
1784601879.630,652.6,58.4,True,False
1784601879.790,652.8,59.4,True,False
1784601879.948,652.9,58.2,True,False
1784601880.857,653.8,808.8,True,True
1784601881.032,654.0,74.9,True,False
1784601881.191,654.2,58.7,True,False
1784601881.350,654.3,58.8,True,False
1784601882.260,655.2,809.2,True,True
1784601882.437,655.4,76.8,True,False
1784601882.596,655.6,58.7,True,False
1784601882.755,655.7,58.6,True,False
1784601883.664,656.6,809.1,True,True
1784601883.823,656.8,58.9,True,False
1784601884.738,657.7,814.3,True,True
1784601884.896,657.9,58.7,True,False
1784601885.056,658.0,58.6,True,False
1784601885.237,658.2,80.7,True,False
1784601885.406,658.4,69.6,True,False
1784601885.566,658.5,59.4,True,False
1784601885.725,658.7,58.7,True,False
1784601885.899,658.9,73.5,True,False
1784601886.068,659.0,69.3,True,False
1784601886.229,659.2,59.7,True,False
1784601887.139,660.1,809.9,True,True
1784601887.300,660.3,61.2,True,False
1784601888.209,661.2,808.5,True,True
1784601888.376,661.4,66.9,True,False
1784601889.305,662.3,828.0,True,True
1784601889.481,662.5,75.8,True,False
1784601889.639,662.6,58.8,True,False
1784601889.798,662.8,58.6,True,False
1784601890.707,663.7,808.5,True,True
1784601890.866,663.8,58.1,True,False
1784601891.025,664.0,59.2,True,False
1784601891.936,664.9,811.0,True,True
1784601892.096,665.1,58.8,True,False
1784601893.005,666.0,808.8,True,True
1784601893.196,666.2,91.3,True,False
1784601893.355,666.3,58.4,True,False
1784601893.527,666.5,72.3,True,False
1784601893.707,666.7,80.0,True,False
1784601893.879,666.9,71.3,True,False
1784601894.049,667.0,70.4,True,False
1784601894.208,667.2,58.5,True,False
1784601895.117,668.1,808.6,True,True
1784601895.277,668.3,58.7,True,False
1784601895.448,668.4,71.4,True,False
1784601895.607,668.6,58.6,True,False
1784601896.516,669.5,808.6,True,True
1784601896.696,669.7,79.7,True,False
1784601896.876,669.9,79.1,True,False
1784601897.036,670.0,60.4,True,False
1784601897.215,670.2,78.1,True,False
1784601897.396,670.4,80.8,True,False
1784601897.555,670.5,59.0,True,False
1784601898.495,671.5,840.0,True,True
1784601898.665,671.6,69.3,True,False
1784601899.573,672.6,808.3,True,True
1784601899.754,672.7,80.6,True,False
1784601899.931,672.9,76.8,True,False
1784601900.090,673.1,58.8,True,False
1784601900.250,673.2,58.9,True,False
1784601900.409,673.4,58.4,True,False
1784601900.568,673.5,58.9,True,False
1784601900.742,673.7,73.4,True,False
1784601900.901,673.9,58.9,True,False
1784601901.060,674.0,59.3,True,False
1784601901.969,674.9,808.5,True,True
1784601902.128,675.1,59.3,True,False
1784601903.037,676.0,808.7,True,True
1784601903.197,676.2,59.1,True,False
1784601904.106,677.1,808.5,True,True
1784601904.276,677.3,69.7,True,False
1784601905.185,678.2,808.6,True,True
1784601905.356,678.3,71.4,True,False
1784601906.282,679.3,825.2,True,True
1784601906.441,679.4,58.6,True,False
1784601907.361,680.3,820.1,True,True
1784601907.535,680.5,73.9,True,False
1784601907.716,680.7,80.1,True,False
1784601907.875,680.9,58.4,True,False
1784601908.796,681.8,820.6,True,True
1784601908.955,681.9,59.0,True,False
1784601909.114,682.1,59.0,True,False
1784601909.274,682.3,59.2,True,False
1784601909.445,682.4,70.9,True,False
1784601909.604,682.6,58.1,True,False
1784601910.512,683.5,808.5,True,True
1784601910.671,683.6,59.1,True,False
1784601910.851,683.8,79.6,True,False
1784601911.010,684.0,58.7,True,False
1784601911.191,684.2,80.0,True,False
1784601911.350,684.3,58.7,True,False
1784601911.509,684.5,58.8,True,False
1784601911.686,684.7,76.6,True,False
1784601912.595,685.6,809.3,True,True
1784601912.755,685.7,58.9,True,False
1784601912.914,685.9,59.4,True,False
1784601913.073,686.1,58.6,True,False
1784601913.232,686.2,58.1,True,False
1784601913.391,686.4,58.6,True,False
1784601913.570,686.5,79.5,True,False
1784601913.729,686.7,58.5,True,False
1784601914.647,687.6,818.0,True,True
1784601914.825,687.8,77.0,True,False
1784601915.735,688.7,810.3,True,True
1784601915.894,688.9,58.7,True,False
1784601916.053,689.0,59.1,True,False
1784601916.963,689.9,809.0,True,True
1784601917.137,690.1,74.1,True,False
1784601918.055,691.0,818.1,True,True
1784601918.236,691.2,80.8,True,False
1784601918.395,691.4,58.6,True,False
1784601919.312,692.3,816.8,True,True
1784601919.471,692.4,58.4,True,False
1784601919.630,692.6,58.7,True,False
1784601920.539,693.5,808.9,True,True
1784601920.698,693.7,58.7,True,False
1784601921.631,694.6,832.5,True,True
1784601921.810,694.8,79.4,True,False
1784601921.970,694.9,59.0,True,False
1784601922.149,695.1,79.3,True,False
1784601922.309,695.3,59.3,True,False
1784601923.239,696.2,830.0,True,True
1784601923.399,696.4,59.2,True,False
1784601924.309,697.3,809.3,True,True
1784601924.468,697.4,59.5,True,False
1784601925.398,698.4,829.3,True,True
1784601925.558,698.5,59.4,True,False
1784601926.467,699.4,808.8,True,True
1784601926.626,699.6,58.7,True,False
1784601927.550,700.5,823.7,True,True
1784601927.710,700.7,59.9,True,False
1784601928.619,701.6,808.6,True,True
1784601928.778,701.8,58.9,True,False
1784601929.687,702.7,808.5,True,True
1784601929.846,702.8,59.0,True,False
1784601930.005,703.0,58.8,True,False
1784601930.185,703.2,78.9,True,False
1784601930.356,703.3,71.0,True,False
1784601930.515,703.5,58.6,True,False
1784601930.674,703.7,58.6,True,False
1784601930.846,703.8,72.0,True,False
1784601931.005,704.0,59.1,True,False
1784601931.165,704.1,58.9,True,False
1784601931.324,704.3,58.9,True,False
1784601931.483,704.5,58.9,True,False
1784601931.642,704.6,58.6,True,False
1784601931.801,704.8,58.3,True,False
1784601931.960,704.9,59.2,True,False
1784601932.119,705.1,58.3,True,False
1784601932.277,705.3,58.5,True,False
1784601932.437,705.4,59.5,True,False
1784601932.596,705.6,58.6,True,False
1784601932.779,705.8,82.2,True,False
1784601932.937,705.9,58.4,True,False
1784601933.114,706.1,76.4,True,False
1784601933.273,706.3,58.9,True,False
1784601933.453,706.4,79.6,True,False
1784601934.362,707.3,808.6,True,True
1784601934.521,707.5,58.9,True,False
1784601935.442,708.4,820.5,True,True
1784601935.618,708.6,75.6,True,False
1784601935.789,708.8,71.3,True,False
1784601935.958,708.9,68.5,True,False
1784601936.118,709.1,59.3,True,False
1784601937.047,710.0,829.5,True,True
1784601937.223,710.2,75.7,True,False
1784601937.382,710.4,58.8,True,False
1784601937.541,710.5,58.5,True,False
1784601937.719,710.7,77.2,True,False
1784601937.889,710.9,69.6,True,False
1784601938.048,711.0,59.0,True,False
1784601938.228,711.2,80.1,True,False
1784601938.387,711.4,58.3,True,False
1784601938.546,711.5,58.4,True,False
1784601938.720,711.7,74.4,True,False
1784601938.880,711.9,59.8,True,False
1784601939.061,712.0,80.7,True,False
1784601939.230,712.2,68.7,True,False
1784601939.389,712.4,58.0,True,False
1784601939.569,712.5,80.4,True,False
1784601939.741,712.7,71.4,True,False
1784601939.900,712.9,58.7,True,False
1784601940.059,713.0,58.7,True,False
1784601940.217,713.2,58.2,True,False
1784601940.377,713.4,58.9,True,False
1784601940.559,713.5,82.0,True,False
1784601940.727,713.7,68.3,True,False
1784601940.898,713.9,70.1,True,False
1784601941.056,714.0,58.3,True,False
1784601941.986,715.0,829.1,True,True
1784601942.146,715.1,59.0,True,False
1784601942.305,715.3,59.0,True,False
1784601943.214,716.2,808.3,True,True
1784601943.373,716.4,59.1,True,False
1784601943.553,716.5,79.8,True,False
1784601944.462,717.4,808.6,True,True
1784601944.637,717.6,74.5,True,False
1784601945.546,718.5,808.5,True,True
1784601945.717,718.7,70.5,True,False
1784601946.636,719.6,818.9,True,True
1784601946.796,719.8,59.8,True,False
1784601947.705,720.7,809.1,True,True
1784601947.865,720.8,59.6,True,False
1784601948.038,721.0,73.1,True,False
1784601948.207,721.2,68.3,True,False
1784601948.379,721.4,72.0,True,False
1784601949.300,722.3,820.6,True,True
1784601949.459,722.4,59.4,True,False
1784601949.636,722.6,76.6,True,False
1784601949.796,722.8,59.4,True,False
1784601949.954,722.9,58.4,True,False
1784601950.113,723.1,58.8,True,False
1784601951.034,724.0,820.1,True,True
1784601951.193,724.2,59.2,True,False
1784601952.102,725.1,808.7,True,True
1784601952.261,725.2,58.3,True,False
1784601953.185,726.2,823.2,True,True
1784601953.367,726.3,81.5,True,False
1784601954.275,727.3,808.3,True,True
1784601954.434,727.4,58.7,True,False
1784601954.594,727.6,59.6,True,False
1784601954.753,727.7,59.0,True,False
1784601954.912,727.9,58.5,True,False
1784601955.071,728.0,58.6,True,False
1784601955.230,728.2,58.4,True,False
1784601955.388,728.4,58.5,True,False
1784601956.313,729.3,824.1,True,True
1784601956.473,729.4,59.0,True,False
1784601956.631,729.6,58.5,True,False
1784601957.540,730.5,808.5,True,True
1784601957.698,730.7,58.5,True,False
1784601958.629,731.6,829.9,True,True
1784601958.808,731.8,79.3,True,False
1784601958.967,731.9,58.9,True,False
1784601959.899,732.9,832.0,True,True
1784601960.081,733.1,82.1,True,False
1784601960.991,734.0,809.0,True,True
1784601961.167,734.1,75.9,True,False
1784601961.326,734.3,58.8,True,False
1784601961.507,734.5,81.4,True,False
1784601961.675,734.7,67.2,True,False
1784601961.847,734.8,72.2,True,False
1784601962.006,735.0,58.7,True,False
1784601962.165,735.1,57.6,True,False
1784601962.323,735.3,58.4,True,False
1784601962.483,735.5,59.3,True,False
1784601962.642,735.6,58.2,True,False
1784601962.801,735.8,59.1,True,False
1784601962.960,735.9,58.9,True,False
1784601963.138,736.1,77.3,True,False
1784601963.297,736.3,58.5,True,False
1784601963.456,736.4,58.7,True,False
1784601963.633,736.6,77.3,True,False
1784601963.792,736.8,58.1,True,False
1784601963.973,737.0,81.1,True,False
1784601964.133,737.1,59.1,True,False
1784601964.312,737.3,78.7,True,False
1784601964.484,737.5,71.8,True,False
1784601964.653,737.6,69.5,True,False
1784601964.812,737.8,58.8,True,False
1784601964.972,737.9,59.0,True,False
1784601965.131,738.1,59.3,True,False
1784601966.041,739.0,809.2,True,True
1784601966.199,739.2,58.4,True,False
1784601967.109,740.1,809.0,True,True
1784601967.268,740.2,59.1,True,False
1784601967.446,740.4,77.9,True,False
1784601967.616,740.6,69.5,True,False
1784601967.785,740.8,68.6,True,False
1784601968.694,741.7,808.6,True,True
1784601968.873,741.8,78.2,True,False
1784601971.783,744.8,2809.8,False,True
1784601974.692,747.7,2808.9,False,True
1784601977.603,750.6,2810.2,False,True
1784601980.534,753.5,2830.6,False,True
1784601983.459,756.4,2824.1,False,True
1784601985.619,758.6,2059.9,False,True
1784601985.778,758.8,58.6,False,True
1784601985.936,758.9,58.4,False,True
1784601986.094,759.1,57.6,False,True
1784601986.252,759.2,57.9,False,True
1784601986.430,759.4,77.2,False,True
1784601986.588,759.6,57.5,False,True
1784601987.504,760.5,815.9,False,True
1784601988.706,761.7,1101.9,False,True
1784601988.876,761.9,68.8,False,True
1784601990.051,763.0,1074.4,False,True
1784601990.958,763.9,807.7,False,True
1784601991.889,764.9,830.6,False,True
1784601992.797,765.8,807.8,False,True
1784601995.717,768.7,2819.8,False,True
1784601996.898,769.9,1081.2,False,True
1784601998.082,771.1,1083.4,False,True
1784601999.266,772.2,1083.6,False,True
1784602000.450,773.4,1083.7,False,True
1784602003.359,776.3,2808.4,False,True
1784602005.282,778.3,1822.6,False,True
1784602006.466,779.4,1083.6,False,True
1784602007.650,780.6,1083.9,False,True
1784602008.559,781.5,808.1,False,True
1784602009.466,782.4,807.7,False,True
1784602010.658,783.6,1090.7,False,True
1784602013.568,786.5,2809.9,False,True
1784602015.728,788.7,2059.5,False,True
1784602015.886,788.9,58.0,False,True
1784602016.794,789.8,808.0,False,True
1784602018.721,791.7,1826.4,False,True
1784602018.879,791.9,57.5,False,True
1784602020.065,793.0,1085.9,False,True
1784602022.237,795.2,2071.4,False,True
1784602024.398,797.4,2060.3,False,True
1784602026.557,799.5,2059.1,False,True
1784602026.715,799.7,57.4,False,True
1784602027.623,800.6,808.0,False,True
1784602028.531,801.5,807.8,False,True
1784602029.439,802.4,807.6,False,True
1784602030.629,803.6,1089.8,False,True
1784602030.802,803.8,73.0,False,True
1784602031.969,804.9,1066.3,False,True
1784602033.156,806.1,1087.8,False,True
1784602034.337,807.3,1080.4,True,True
1784602034.515,807.5,78.0,True,False
1784602034.675,807.7,59.2,True,False
1784602035.052,808.0,277.6,True,True
1784602036.225,809.2,1072.5,True,True
1784602037.413,810.4,1087.6,True,True
1784602037.582,810.6,69.0,True,False
1784602037.741,810.7,58.4,True,False
1784602037.900,810.9,58.5,True,False
1784602038.060,811.0,59.2,True,False
1784602038.229,811.2,68.9,True,False
1784602038.588,811.6,259.8,True,True
1784602040.770,813.7,2081.6,False,True
1784602042.721,815.7,1850.2,True,True
1784602042.880,815.9,58.7,True,False
1784602043.040,816.0,59.0,True,False
1784602043.199,816.2,59.6,True,False
1784602044.109,817.1,809.0,True,True
1784602044.268,817.2,59.2,True,False
1784602046.416,819.4,2047.5,True,True
1784602046.575,819.6,59.2,True,False
1784602046.734,819.7,58.7,True,False
1784602048.112,821.1,1277.1,True,True
1784602049.281,822.3,1068.3,True,True
1784602049.441,822.4,60.0,True,False
1784602053.056,826.0,3514.4,True,True
1784602054.448,827.4,1291.8,True,True
1784602054.606,827.6,58.5,True,False
1784602054.766,827.7,58.8,True,False
1784602054.933,827.9,67.1,True,False
1784602055.296,828.3,262.1,True,True
1784602056.480,829.5,1084.6,True,True
1784602056.844,829.8,263.0,True,True
1784602057.022,830.0,78.0,True,False
1784602057.182,830.2,59.4,True,False
1784602057.341,830.3,58.8,True,False
1784602058.250,831.2,808.7,True,True
1784602059.456,832.4,1105.8,True,True
1784602059.615,832.6,58.3,True,False
1784602059.787,832.8,72.1,True,False
1784602059.956,832.9,68.6,True,False
1784602060.115,833.1,59.2,True,False
1784602060.274,833.3,58.9,True,False
1784602060.446,833.4,71.3,True,False
1784602060.605,833.6,58.5,True,False
1784602060.764,833.7,58.5,True,False
1784602060.924,833.9,58.9,True,False
1784602061.083,834.1,58.8,True,False
1784602061.253,834.2,69.6,True,False
1784602061.422,834.4,68.9,True,False
1784602061.582,834.6,59.1,True,False
1784602061.759,834.7,77.6,True,False
1784602061.929,834.9,69.0,True,False
1784602062.087,835.1,58.3,True,False
1784602062.246,835.2,58.7,True,False
1784602062.405,835.4,58.7,True,False
1784602062.575,835.6,69.6,True,False
1784602062.734,835.7,58.5,True,False
1784602062.915,835.9,80.2,True,False
1784602063.074,836.1,58.6,True,False
1784602063.255,836.2,81.1,True,False
1784602063.414,836.4,58.8,True,False
1784602064.323,837.3,808.8,True,True
1784602064.482,837.5,58.5,True,False
1784602064.643,837.6,60.0,True,False
1784602064.802,837.8,58.8,True,False
1784602064.961,837.9,59.3,True,False
1784602065.129,838.1,67.5,True,False
1784602065.289,838.3,59.6,True,False
1784602066.220,839.2,831.1,True,True
1784602066.395,839.4,75.0,True,False
1784602066.554,839.5,58.6,True,False
1784602066.735,839.7,80.7,True,False
1784602066.904,839.9,68.8,True,False
1784602067.076,840.1,70.6,True,False
1784602067.985,841.0,808.7,True,True
1784602068.144,841.1,58.6,True,False
1784602069.064,842.0,820.1,True,True
1784602069.224,842.2,59.9,True,False
1784602069.395,842.4,70.7,True,False
1784602069.554,842.5,59.1,True,False
1784602069.713,842.7,58.3,True,False
1784602069.873,842.9,59.6,True,False
1784602070.032,843.0,58.8,True,False
1784602070.215,843.2,82.3,True,False
1784602070.384,843.4,68.6,True,False
1784602070.554,843.5,70.0,True,False
1784602070.723,843.7,68.9,True,False
1784602070.883,843.9,59.2,True,False
1784602071.064,844.0,80.9,True,False
1784602071.224,844.2,59.1,True,False
1784602071.383,844.4,58.5,True,False
1784602071.542,844.5,58.7,True,False
1784602071.701,844.7,59.0,True,False
1784602071.859,844.8,58.5,True,False
1784602072.768,845.7,808.6,True,True
1784602072.946,845.9,77.7,True,False
1784602073.866,846.8,819.5,True,True
1784602074.043,847.0,77.0,True,False
1784602074.212,847.2,68.4,True,False
1784602074.371,847.3,58.7,True,False
1784602074.552,847.5,80.5,True,False
1784602074.721,847.7,68.6,True,False
1784602074.880,847.9,59.0,True,False
1784602075.054,848.0,73.9,True,False
1784602075.225,848.2,70.7,True,False
1784602075.385,848.4,59.0,True,False
1784602075.543,848.5,58.5,True,False
1784602075.722,848.7,78.4,True,False
1784602075.882,848.9,59.4,True,False
1784602076.792,849.8,809.6,True,True
1784602076.961,849.9,69.0,True,False
1784602077.870,850.8,808.5,True,True
1784602078.029,851.0,58.9,True,False
1784602078.189,851.2,59.2,True,False
1784602078.348,851.3,59.1,True,False
1784602078.508,851.5,59.5,True,False
1784602078.688,851.7,79.6,True,False
1784602078.847,851.8,59.0,True,False
1784602079.006,852.0,58.8,True,False
1784602079.165,852.1,59.0,True,False
1784602079.337,852.3,71.0,True,False
1784602079.507,852.5,69.5,True,False
1784602079.677,852.7,69.8,True,False
1784602079.848,852.8,70.3,True,False
1784602080.006,853.0,57.8,True,False
1784602080.165,853.1,59.0,True,False
1784602081.074,854.1,808.8,True,True
1784602081.254,854.2,79.6,True,False
1784602081.413,854.4,58.9,True,False
1784602081.593,854.6,79.9,True,False
1784602081.764,854.7,70.1,True,False
1784602081.923,854.9,58.7,True,False
1784602082.081,855.1,58.2,True,False
1784602082.264,855.2,82.0,True,False
1784602082.423,855.4,58.7,True,False
1784602082.590,855.6,67.3,True,False
1784602083.511,856.5,820.7,True,True
1784602083.695,856.7,83.1,True,False
1784602084.613,857.6,818.2,True,True
1784602084.794,857.8,80.8,True,False
1784602084.953,857.9,58.7,True,False
1784602085.134,858.1,80.3,True,False
1784602085.293,858.3,58.9,True,False
1784602085.453,858.4,59.5,True,False
1784602085.612,858.6,58.6,True,False
1784602085.772,858.7,59.1,True,False
1784602085.930,858.9,57.9,True,False
1784602086.104,859.1,74.1,True,False
1784602086.273,859.3,68.8,True,False
1784602086.444,859.4,70.5,True,False
1784602086.604,859.6,59.6,True,False
1784602086.763,859.7,58.7,True,False
1784602086.937,859.9,73.7,True,False
1784602087.858,860.8,820.4,True,True
1784602088.038,861.0,79.4,True,False
1784602088.947,861.9,808.7,True,True
1784602089.106,862.1,58.8,True,False
1784602089.280,862.3,73.3,True,False
1784602090.189,863.2,808.5,True,True
1784602090.359,863.3,70.5,True,False
1784602090.532,863.5,72.0,True,False
1784602090.703,863.7,70.4,True,False
1784602090.873,863.8,69.7,True,False
1784602091.032,864.0,58.8,True,False
1784602091.213,864.2,81.4,True,False
1784602091.372,864.3,58.7,True,False
1784602092.303,865.3,829.9,True,True
1784602092.461,865.4,58.4,True,False
1784602093.370,866.3,808.6,True,True
1784602093.531,866.5,60.0,True,False
1784602094.440,867.4,808.9,True,True
1784602094.612,867.6,71.6,True,False
1784602094.782,867.8,70.2,True,False
1784602095.691,868.7,808.7,True,True
1784602095.850,868.8,58.7,True,False
1784602096.759,869.7,808.7,True,True
1784602096.918,869.9,58.9,True,False
1784602097.828,870.8,809.2,True,True
1784602098.007,871.0,79.3,True,False
1784602098.927,871.9,819.6,True,True
1784602099.105,872.1,78.3,True,False
1784602100.024,873.0,818.2,True,True
1784602100.183,873.2,58.7,True,False
1784602100.358,873.3,74.1,True,False
1784602100.517,873.5,58.4,True,False
1784602100.675,873.7,58.7,True,False
1784602100.854,873.8,78.7,True,False
1784602101.014,874.0,58.8,True,False
1784602101.173,874.2,59.4,True,False
1784602101.332,874.3,58.9,True,False
1784602101.491,874.5,58.7,True,False
1784602101.670,874.6,78.8,True,False
1784602101.830,874.8,59.0,True,False
1784602102.762,875.7,831.7,True,True
1784602102.936,875.9,74.7,True,False
1784602103.845,876.8,808.7,True,True
1784602104.004,877.0,58.6,True,False
1784602104.175,877.2,70.1,True,False
1784602104.334,877.3,58.7,True,False
1784602105.243,878.2,809.0,True,True
1784602105.401,878.4,58.4,True,False
1784602105.561,878.5,59.1,True,False
1784602106.469,879.4,808.8,True,True
1784602106.629,879.6,58.9,True,False
1784602106.809,879.8,80.4,True,False
1784602106.968,879.9,59.3,True,False
1784602107.877,880.9,809.0,True,True
1784602108.036,881.0,58.4,True,False
1784602108.945,881.9,808.0,True,True
1784602109.103,882.1,58.0,True,False
1784602110.012,883.0,808.6,True,True
1784602110.170,883.1,58.4,True,False
1784602110.329,883.3,58.5,True,False
1784602110.489,883.5,59.2,True,False
1784602110.648,883.6,58.8,True,False
1784602110.808,883.8,59.0,True,False
1784602110.967,883.9,58.9,True,False
1784602111.126,884.1,58.5,True,False
1784602111.285,884.3,59.1,True,False
1784602111.468,884.4,82.3,True,False
1784602112.377,885.4,808.8,True,True
1784602112.537,885.5,58.9,True,False
1784602112.707,885.7,69.8,True,False
1784602112.866,885.8,59.2,True,False
1784602113.783,886.8,816.7,True,True
1784602113.942,886.9,58.5,True,False
1784602114.851,887.8,808.9,True,True
1784602115.010,888.0,59.0,True,False
1784602115.189,888.2,78.0,True,False
1784602116.098,889.1,808.6,True,True
1784602116.257,889.2,59.2,True,False
1784602116.416,889.4,58.4,True,False
1784602116.594,889.6,78.4,True,False
1784602117.504,890.5,808.5,True,True
1784602117.663,890.6,58.9,True,False
1784602118.572,891.5,808.9,True,True
1784602118.753,891.7,81.0,True,False
1784602119.662,892.6,808.8,True,True
1784602119.821,892.8,58.9,True,False
1784602119.980,893.0,58.6,True,False
1784602120.139,893.1,58.6,True,False
1784602120.314,893.3,74.6,True,False
1784602120.484,893.5,69.4,True,False
1784602120.643,893.6,58.7,True,False
1784602120.821,893.8,78.0,True,False
1784602120.991,894.0,68.9,True,False
1784602121.900,894.9,809.0,True,True
1784602122.071,895.0,70.6,True,False
1784602122.992,896.0,820.7,True,True
1784602123.151,896.1,58.9,True,False
1784602123.323,896.3,71.7,True,False
1784602123.492,896.5,68.4,True,False
1784602123.661,896.6,68.9,True,False
1784602123.820,896.8,58.7,True,False
1784602123.979,897.0,58.8,True,False
1784602124.888,897.9,808.6,True,True
1784602125.048,898.0,59.4,True,False
1784602125.207,898.2,59.0,True,False
1784602125.366,898.3,58.7,True,False
1784602125.526,898.5,59.3,True,False
1784602125.684,898.7,58.7,True,False
1784602125.864,898.8,78.9,True,False
1784602126.034,899.0,69.8,True,False
1784602126.205,899.2,70.8,True,False
1784602126.373,899.4,68.4,True,False
1784602127.282,900.3,808.9,True,True
1784602127.441,900.4,58.9,True,False
1784602128.350,901.3,808.6,True,True
1784602128.509,901.5,59.0,True,False
1784602129.419,902.4,809.1,True,True
1784602129.577,902.6,58.0,True,False
1784602130.486,903.5,808.1,True,True
1784602130.645,903.6,59.1,True,False
1784602131.572,904.5,825.9,True,True
1784602131.751,904.7,78.4,True,False
1784602131.910,904.9,59.3,True,False
1784602132.069,905.0,58.9,True,False
1784602132.229,905.2,59.4,True,False
1784602133.139,906.1,808.9,True,True
1784602133.298,906.3,59.4,True,False
1784602134.207,907.2,808.7,True,True
1784602134.376,907.4,68.8,True,False
1784602134.547,907.5,70.4,True,False
1784602135.456,908.4,808.5,True,True
1784602135.615,908.6,58.4,True,False
1784602136.524,909.5,808.9,True,True
1784602136.691,909.7,66.6,True,False
1784602137.600,910.6,808.6,True,True
1784602137.772,910.7,71.5,True,False
1784602137.942,910.9,70.4,True,False
1784602138.102,911.1,59.0,True,False
1784602138.281,911.3,79.4,True,False
1784602138.441,911.4,59.0,True,False
1784602138.621,911.6,79.6,True,False
1784602138.780,911.8,59.6,True,False
1784602138.960,911.9,78.8,True,False
1784602139.869,912.8,808.8,True,True
1784602140.029,913.0,60.2,True,False
1784602140.946,913.9,816.7,True,True
1784602141.106,914.1,59.0,True,False
1784602142.030,915.0,824.5,True,True
1784602142.190,915.2,59.0,True,False
1784602143.099,916.1,808.7,True,True
1784602143.258,916.2,59.2,True,False
1784602144.167,917.1,808.8,True,True
1784602144.327,917.3,58.9,True,False
1784602145.236,918.2,808.8,True,True
1784602145.394,918.4,58.7,True,False
1784602145.553,918.5,58.7,True,False
1784602145.712,918.7,58.2,True,False
1784602145.886,918.9,74.0,True,False
1784602146.046,919.0,59.5,True,False
1784602146.205,919.2,59.0,True,False
1784602146.364,919.3,59.1,True,False
1784602146.532,919.5,68.2,True,False
1784602146.691,919.7,58.3,True,False
1784602146.873,919.9,81.8,True,False
1784602147.043,920.0,69.5,True,False
1784602147.213,920.2,69.6,True,False
1784602148.122,921.1,808.9,True,True
1784602148.280,921.3,58.5,True,False
1784602148.440,921.4,59.2,True,False
1784602148.599,921.6,59.1,True,False
1784602148.759,921.7,58.8,True,False
1784602148.931,921.9,72.5,True,False
1784602149.101,922.1,69.5,True,False
1784602149.261,922.2,59.2,True,False
1784602149.441,922.4,79.9,True,False
1784602149.601,922.6,59.9,True,False
1784602150.511,923.5,809.0,True,True
1784602150.680,923.7,69.3,True,False
1784602151.599,924.6,819.4,True,True
1784602151.781,924.8,81.4,True,False
1784602152.700,925.7,818.8,True,True
1784602152.878,925.9,77.6,True,False
1784602153.786,926.8,808.5,True,True
1784602153.945,926.9,58.2,True,False
1784602154.104,927.1,58.6,True,False
1784602154.263,927.2,58.7,True,False
1784602154.431,927.4,67.4,True,False
1784602154.590,927.6,59.0,True,False
1784602154.749,927.7,59.4,True,False
1784602154.909,927.9,59.0,True,False
1784602155.083,928.1,73.9,True,False
1784602155.992,929.0,808.6,True,True
1784602156.172,929.1,79.5,True,False
1784602156.340,929.3,68.2,True,False
1784602157.260,930.2,819.4,True,True
1784602157.420,930.4,59.0,True,False
1784602158.344,931.3,824.4,True,True
1784602158.522,931.5,77.5,True,False
1784602159.440,932.4,817.6,True,True
1784602159.598,932.6,58.4,True,False
1784602160.521,933.5,822.8,True,True
1784602160.680,933.7,58.3,True,False
1784602160.858,933.8,77.0,True,False
1784602161.767,934.7,808.6,True,True
1784602161.926,934.9,59.1,True,False
1784602162.835,935.8,808.7,True,True
1784602163.013,936.0,76.9,True,False
1784602163.181,936.2,68.4,True,False
1784602163.341,936.3,58.9,True,False
1784602163.522,936.5,80.7,True,False
1784602163.693,936.7,70.8,True,False
1784602163.852,936.8,58.5,True,False
1784602164.019,937.0,66.9,True,False
1784602164.178,937.2,58.2,True,False
1784602164.337,937.3,59.0,True,False
1784602164.515,937.5,78.0,True,False
1784602164.675,937.7,58.9,True,False
1784602164.856,937.8,80.8,True,False
1784602165.765,938.7,808.8,True,True
1784602165.926,938.9,60.5,True,False
1784602166.084,939.1,58.3,True,False
1784602166.253,939.2,68.2,True,False
1784602167.163,940.1,809.3,True,True
1784602167.338,940.3,74.5,True,False
1784602167.497,940.5,59.2,True,False
1784602167.672,940.6,75.3,True,False
1784602168.582,941.6,808.9,True,True
1784602168.741,941.7,59.2,True,False
1784602168.900,941.9,58.5,True,False
1784602169.060,942.0,59.7,True,False
1784602169.234,942.2,74.0,True,False
1784602169.394,942.4,59.7,True,False
1784602169.553,942.5,59.1,True,False
1784602169.713,942.7,59.1,True,False
1784602169.894,942.9,81.5,True,False
1784602170.814,943.8,819.7,True,True
1784602170.993,944.0,77.8,True,False
1784602171.901,944.9,808.6,True,True
1784602172.075,945.1,73.2,True,False
1784602172.233,945.2,58.6,True,False
1784602172.393,945.4,58.8,True,False
1784602173.302,946.3,808.9,True,True
1784602173.481,946.5,78.8,True,False
1784602173.640,946.6,58.8,True,False
1784602173.818,946.8,77.5,True,False
1784602174.744,947.7,825.9,True,True
1784602174.903,947.9,58.9,True,False
1784602175.076,948.1,72.6,True,False
1784602175.996,949.0,819.8,True,True
1784602176.155,949.1,58.9,True,False
1784602176.329,949.3,73.9,True,False
1784602177.238,950.2,808.6,True,True
