ts,elapsed_s,latency_ms,ok,sla_violated
1784656199.871,0.1,90.8,True,False
1784656200.033,0.3,62.0,True,False
1784656200.196,0.4,62.3,True,False
1784656200.356,0.6,60.0,True,False
1784656200.518,0.7,61.6,True,False
1784656200.677,0.9,59.5,True,False
1784656200.838,1.1,59.9,True,False
1784656200.998,1.2,59.8,True,False
1784656201.180,1.4,81.5,True,False
1784656201.349,1.6,69.4,True,False
1784656201.510,1.7,60.0,True,False
1784656201.669,1.9,59.3,True,False
1784656201.828,2.0,58.8,True,False
1784656201.988,2.2,59.2,True,False
1784656202.147,2.4,59.4,True,False
1784656202.308,2.5,59.8,True,False
1784656202.486,2.7,77.4,True,False
1784656202.646,2.9,60.4,True,False
1784656202.806,3.0,59.5,True,False
1784656202.966,3.2,59.9,True,False
1784656203.126,3.3,60.1,True,False
1784656203.286,3.5,59.1,True,False
1784656203.445,3.7,58.7,True,False
1784656203.627,3.8,81.7,True,False
1784656203.786,4.0,58.9,True,False
1784656203.945,4.2,59.3,True,False
1784656204.123,4.3,77.2,True,False
1784656204.292,4.5,68.1,True,False
1784656204.452,4.7,59.6,True,False
1784656204.613,4.8,60.8,True,False
1784656204.773,5.0,59.4,True,False
1784656204.932,5.2,59.4,True,False
1784656205.092,5.3,59.3,True,False
1784656205.252,5.5,59.2,True,False
1784656205.410,5.6,58.8,True,False
1784656205.570,5.8,59.7,True,False
1784656205.730,6.0,59.4,True,False
1784656205.890,6.1,59.3,True,False
1784656206.050,6.3,59.9,True,False
1784656206.210,6.4,59.5,True,False
1784656206.369,6.6,58.8,True,False
1784656206.529,6.7,59.2,True,False
1784656206.689,6.9,60.0,True,False
1784656206.848,7.1,59.2,True,False
1784656207.008,7.2,59.5,True,False
1784656207.168,7.4,59.7,True,False
1784656207.347,7.6,78.9,True,False
1784656207.506,7.7,58.9,True,False
1784656207.666,7.9,59.4,True,False
1784656207.825,8.0,59.2,True,False
1784656207.985,8.2,59.3,True,False
1784656208.153,8.4,68.3,True,False
1784656208.325,8.5,71.2,True,False
1784656208.485,8.7,59.7,True,False
1784656208.644,8.9,59.0,True,False
1784656208.804,9.0,59.3,True,False
1784656208.963,9.2,58.8,True,False
1784656209.122,9.3,58.8,True,False
1784656209.282,9.5,59.6,True,False
1784656209.441,9.7,58.6,True,False
1784656209.614,9.8,73.4,True,False
1784656209.774,10.0,59.1,True,False
1784656209.933,10.2,59.2,True,False
1784656210.093,10.3,60.0,True,False
1784656210.252,10.5,58.8,True,False
1784656210.411,10.6,58.7,True,False
1784656210.571,10.8,59.0,True,False
1784656210.731,11.0,60.4,True,False
1784656210.892,11.1,59.8,True,False
1784656211.052,11.3,59.7,True,False
1784656211.211,11.4,58.8,True,False
1784656211.370,11.6,59.0,True,False
1784656211.530,11.8,59.2,True,False
1784656211.689,11.9,59.3,True,False
1784656211.849,12.1,59.0,True,False
1784656212.007,12.2,58.7,True,False
1784656212.167,12.4,59.3,True,False
1784656212.326,12.5,58.9,True,False
1784656212.486,12.7,58.9,True,False
1784656212.645,12.9,58.8,True,False
1784656212.805,13.0,59.9,True,False
1784656212.965,13.2,59.2,True,False
1784656213.124,13.3,59.1,True,False
1784656213.297,13.5,72.2,True,False
1784656213.455,13.7,58.6,True,False
1784656213.614,13.8,58.7,True,False
1784656213.774,14.0,59.4,True,False
1784656213.933,14.2,58.9,True,False
1784656214.092,14.3,58.7,True,False
1784656214.251,14.5,59.0,True,False
1784656214.426,14.6,74.0,True,False
1784656214.584,14.8,58.7,True,False
1784656214.744,15.0,59.6,True,False
1784656214.924,15.1,79.5,True,False
1784656215.083,15.3,58.7,True,False
1784656215.263,15.5,79.7,True,False
1784656215.423,15.6,59.5,True,False
1784656215.583,15.8,59.1,True,False
1784656215.742,16.0,59.1,True,False
1784656215.902,16.1,58.6,True,False
1784656216.060,16.3,58.6,True,False
1784656216.220,16.4,59.1,True,False
1784656216.379,16.6,59.0,True,False
1784656216.539,16.8,59.0,True,False
1784656216.698,16.9,59.0,True,False
1784656216.857,17.1,59.2,True,False
1784656217.017,17.2,59.0,True,False
1784656217.176,17.4,59.1,True,False
1784656217.336,17.6,58.9,True,False
1784656217.495,17.7,58.8,True,False
1784656217.655,17.9,59.3,True,False
1784656217.815,18.0,59.8,True,False
1784656217.974,18.2,59.2,True,False
1784656218.133,18.4,58.9,True,False
1784656218.292,18.5,59.0,True,False
1784656218.452,18.7,59.1,True,False
1784656218.611,18.8,58.7,True,False
1784656218.771,19.0,59.3,True,False
1784656218.930,19.2,58.8,True,False
1784656219.105,19.3,74.9,True,False
1784656219.265,19.5,59.3,True,False
1784656219.424,19.6,58.8,True,False
1784656219.583,19.8,58.6,True,False
1784656219.742,20.0,59.0,True,False
1784656219.901,20.1,58.9,True,False
1784656220.061,20.3,59.3,True,False
1784656220.221,20.4,60.0,True,False
1784656220.381,20.6,59.3,True,False
1784656220.540,20.8,59.6,True,False
1784656220.714,20.9,73.4,True,False
1784656220.874,21.1,59.8,True,False
1784656221.034,21.3,59.6,True,False
1784656221.193,21.4,59.2,True,False
1784656221.352,21.6,59.0,True,False
1784656221.511,21.7,58.6,True,False
1784656221.670,21.9,59.0,True,False
1784656221.830,22.1,59.2,True,False
1784656221.990,22.2,59.8,True,False
1784656222.149,22.4,58.7,True,False
1784656222.308,22.5,59.2,True,False
1784656222.468,22.7,59.3,True,False
1784656222.628,22.8,59.2,True,False
1784656222.787,23.0,59.0,True,False
1784656222.946,23.2,58.8,True,False
1784656223.105,23.3,58.9,True,False
1784656223.264,23.5,58.8,True,False
1784656223.424,23.6,59.5,True,False
1784656223.583,23.8,58.6,True,False
1784656223.743,24.0,59.0,True,False
1784656223.902,24.1,58.9,True,False
1784656224.063,24.3,60.7,True,False
1784656224.222,24.4,59.1,True,False
1784656224.382,24.6,59.2,True,False
1784656224.540,24.8,58.3,True,False
1784656224.700,24.9,59.3,True,False
1784656224.859,25.1,58.4,True,False
1784656225.018,25.2,58.7,True,False
1784656225.177,25.4,59.2,True,False
1784656225.337,25.6,60.0,True,False
1784656225.497,25.7,59.4,True,False
1784656225.656,25.9,58.7,True,False
1784656225.815,26.0,58.9,True,False
1784656225.974,26.2,59.0,True,False
1784656226.134,26.4,59.5,True,False
1784656226.294,26.5,59.5,True,False
1784656226.454,26.7,59.1,True,False
1784656226.612,26.8,58.7,True,False
1784656226.772,27.0,59.0,True,False
1784656226.932,27.2,59.4,True,False
1784656227.091,27.3,59.0,True,False
1784656227.250,27.5,58.7,True,False
1784656227.409,27.6,59.0,True,False
1784656227.569,27.8,59.8,True,False
1784656227.729,27.9,59.2,True,False
1784656227.908,28.1,79.0,True,False
1784656228.067,28.3,58.7,True,False
1784656228.226,28.4,58.5,True,False
1784656228.399,28.6,72.2,True,False
1784656228.558,28.8,59.7,True,False
1784656228.718,28.9,59.6,True,False
1784656228.878,29.1,59.3,True,False
1784656229.037,29.3,58.7,True,False
1784656229.196,29.4,58.6,True,False
1784656229.355,29.6,58.8,True,False
1784656229.514,29.7,58.9,True,False
1784656229.673,29.9,59.0,True,False
1784656229.833,30.1,59.3,True,False
1784656229.993,30.2,60.1,True,False
1784656230.152,30.4,58.7,True,False
1784656230.311,30.5,59.2,True,False
1784656230.470,30.7,58.9,True,False
1784656230.640,30.9,68.9,True,False
1784656230.800,31.0,60.3,True,False
1784656230.981,31.2,80.3,True,False
1784656231.140,31.4,58.9,True,False
1784656231.299,31.5,59.2,True,False
1784656231.458,31.7,58.5,True,False
1784656231.640,31.9,82.0,True,False
1784656231.799,32.0,59.1,True,False
1784656231.959,32.2,59.1,True,False
1784656232.118,32.3,58.7,True,False
1784656232.277,32.5,58.6,True,False
1784656232.436,32.7,59.0,True,False
1784656232.596,32.8,59.4,True,False
1784656232.769,33.0,72.3,True,False
1784656232.937,33.2,68.0,True,False
1784656233.096,33.3,58.6,True,False
1784656233.256,33.5,58.9,True,False
1784656233.415,33.6,59.6,True,False
1784656233.574,33.8,58.6,True,False
1784656233.734,34.0,59.0,True,False
1784656233.893,34.1,59.0,True,False
1784656234.053,34.3,59.2,True,False
1784656234.212,34.4,59.4,True,False
1784656234.371,34.6,58.7,True,False
1784656234.539,34.8,67.6,True,False
1784656234.699,34.9,59.5,True,False
1784656234.858,35.1,58.9,True,False
1784656235.017,35.2,58.8,True,False
1784656235.176,35.4,58.6,True,False
1784656235.336,35.6,59.2,True,False
1784656235.495,35.7,59.0,True,False
1784656235.655,35.9,58.8,True,False
1784656235.814,36.0,59.2,True,False
1784656235.974,36.2,59.8,True,False
1784656236.133,36.4,58.8,True,False
1784656236.293,36.5,59.2,True,False
1784656236.452,36.7,59.1,True,False
1784656236.613,36.8,60.5,True,False
1784656236.773,37.0,60.0,True,False
1784656236.932,37.2,58.9,True,False
1784656237.091,37.3,58.3,True,False
1784656237.251,37.5,59.1,True,False
1784656237.410,37.6,58.7,True,False
1784656237.579,37.8,68.5,True,False
1784656237.738,38.0,58.9,True,False
1784656237.898,38.1,59.4,True,False
1784656238.056,38.3,58.6,True,False
1784656238.216,38.4,58.8,True,False
1784656238.375,38.6,58.8,True,False
1784656238.553,38.8,78.4,True,False
1784656238.713,38.9,58.9,True,False
1784656238.872,39.1,59.6,True,False
1784656239.045,39.3,72.7,True,False
1784656239.205,39.4,59.1,True,False
1784656239.364,39.6,58.8,True,False
1784656239.522,39.7,58.4,True,False
1784656239.696,39.9,73.2,True,False
1784656239.855,40.1,58.7,True,False
1784656240.015,40.2,59.9,True,False
1784656240.175,40.4,59.4,True,False
1784656240.334,40.6,59.0,True,False
1784656240.494,40.7,59.5,True,False
1784656240.653,40.9,58.8,True,False
1784656240.812,41.0,58.9,True,False
1784656240.971,41.2,59.3,True,False
1784656241.131,41.4,59.3,True,False
1784656241.291,41.5,59.9,True,False
1784656241.451,41.7,59.3,True,False
1784656241.611,41.8,59.5,True,False
1784656241.770,42.0,58.6,True,False
1784656241.929,42.1,58.9,True,False
1784656242.089,42.3,59.3,True,False
1784656242.249,42.5,59.4,True,False
1784656242.408,42.6,58.7,True,False
1784656242.568,42.8,59.9,True,False
1784656242.727,42.9,58.9,True,False
1784656242.895,43.1,67.0,True,False
1784656243.054,43.3,58.9,True,False
1784656243.213,43.4,59.3,True,False
1784656243.373,43.6,59.6,True,False
1784656243.532,43.8,58.5,True,False
1784656243.691,43.9,58.7,True,False
1784656243.850,44.1,58.6,True,False
1784656244.009,44.2,58.8,True,False
1784656244.168,44.4,59.2,True,False
1784656244.327,44.5,59.0,True,False
1784656244.487,44.7,59.0,True,False
1784656244.646,44.9,59.3,True,False
1784656244.806,45.0,59.0,True,False
1784656244.965,45.2,58.8,True,False
1784656245.124,45.3,58.9,True,False
1784656245.284,45.5,59.7,True,False
1784656245.454,45.7,69.1,True,False
1784656245.613,45.8,59.1,True,False
1784656245.772,46.0,58.9,True,False
1784656245.931,46.2,58.8,True,False
1784656246.090,46.3,58.9,True,False
1784656246.249,46.5,58.9,True,False
1784656246.409,46.6,59.4,True,False
1784656246.569,46.8,60.3,True,False
1784656246.729,46.9,59.2,True,False
1784656246.889,47.1,59.4,True,False
1784656247.048,47.3,58.8,True,False
1784656247.207,47.4,59.0,True,False
1784656247.367,47.6,59.5,True,False
1784656247.526,47.7,58.7,True,False
1784656247.686,47.9,59.0,True,False
1784656247.846,48.1,59.8,True,False
1784656248.005,48.2,59.0,True,False
1784656248.179,48.4,73.7,True,False
1784656248.338,48.6,58.8,True,False
1784656248.498,48.7,59.1,True,False
1784656248.674,48.9,76.1,True,False
1784656248.833,49.1,59.3,True,False
1784656248.993,49.2,59.2,True,False
1784656249.169,49.4,75.7,True,False
1784656249.328,49.5,58.8,True,False
1784656249.487,49.7,59.2,True,False
1784656249.647,49.9,59.3,True,False
1784656249.807,50.0,59.4,True,False
1784656249.966,50.2,59.5,True,False
1784656250.125,50.3,59.0,True,False
1784656250.296,50.5,70.3,True,False
1784656250.455,50.7,58.5,True,False
1784656250.614,50.8,59.2,True,False
1784656250.774,51.0,59.5,True,False
1784656250.933,51.2,58.9,True,False
1784656251.092,51.3,59.1,True,False
1784656251.251,51.5,58.6,True,False
1784656251.411,51.6,59.3,True,False
1784656251.577,51.8,66.6,True,False
1784656251.737,52.0,59.6,True,False
1784656251.908,52.1,70.3,True,False
1784656252.067,52.3,58.7,True,False
1784656252.227,52.4,59.3,True,False
1784656252.386,52.6,58.8,True,False
1784656252.544,52.8,58.5,True,False
1784656252.704,52.9,59.1,True,False
1784656252.863,53.1,58.9,True,False
1784656253.023,53.2,59.2,True,False
1784656253.182,53.4,58.9,True,False
1784656253.342,53.6,59.2,True,False
1784656253.501,53.7,59.2,True,False
1784656253.678,53.9,75.9,True,False
1784656253.837,54.1,59.5,True,False
1784656253.996,54.2,58.9,True,False
1784656254.156,54.4,58.8,True,False
1784656254.314,54.5,58.8,True,False
1784656254.474,54.7,58.9,True,False
1784656254.634,54.9,59.3,True,False
1784656254.793,55.0,58.8,True,False
1784656254.952,55.2,58.7,True,False
1784656255.111,55.3,58.7,True,False
1784656255.270,55.5,58.9,True,False
1784656255.429,55.6,59.0,True,False
1784656255.589,55.8,58.8,True,False
1784656255.748,56.0,59.2,True,False
1784656255.907,56.1,58.5,True,False
1784656256.067,56.3,59.4,True,False
1784656256.226,56.4,58.9,True,False
1784656256.385,56.6,58.4,True,False
1784656256.544,56.8,59.0,True,False
1784656256.702,56.9,58.7,True,False
1784656256.862,57.1,59.2,True,False
1784656257.022,57.2,59.7,True,False
1784656257.183,57.4,59.9,True,False
1784656257.342,57.6,59.3,True,False
1784656257.502,57.7,59.3,True,False
1784656257.661,57.9,59.2,True,False
1784656257.821,58.0,60.2,True,False
1784656257.996,58.2,74.0,True,False
1784656258.155,58.4,59.1,True,False
1784656258.314,58.5,58.6,True,False
1784656258.473,58.7,59.1,True,False
1784656258.632,58.9,58.5,True,False
1784656258.792,59.0,59.4,True,False
1784656258.951,59.2,59.1,True,False
1784656259.110,59.3,58.9,True,False
1784656259.269,59.5,58.7,True,False
1784656259.428,59.6,59.0,True,False
1784656259.587,59.8,58.9,True,False
1784656259.746,60.0,58.6,True,False
1784656259.906,60.1,59.5,True,False
1784656260.066,60.3,59.6,True,False
1784656260.226,60.4,59.2,True,False
1784656260.385,60.6,59.0,True,False
1784656260.545,60.8,59.3,True,False
1784656260.704,60.9,58.8,True,False
1784656260.863,61.1,59.1,True,False
1784656261.023,61.2,59.2,True,False
1784656261.181,61.4,58.5,True,False
1784656261.341,61.6,58.9,True,False
1784656261.500,61.7,58.7,True,False
1784656261.659,61.9,59.0,True,False
1784656261.819,62.0,59.4,True,False
1784656261.978,62.2,58.9,True,False
1784656262.588,62.8,509.3,True,True
1784656262.757,63.0,68.9,True,False
1784656262.917,63.1,59.5,True,False
1784656263.076,63.3,59.3,True,False
1784656263.236,63.5,59.8,True,False
1784656263.396,63.6,59.4,True,False
1784656263.555,63.8,58.9,True,False
1784656264.165,64.4,509.0,True,True
1784656264.324,64.5,59.2,True,False
1784656264.483,64.7,58.9,True,False
1784656264.642,64.9,58.6,True,False
1784656264.804,65.0,61.1,True,False
1784656264.963,65.2,59.2,True,False
1784656265.122,65.3,59.1,True,False
1784656265.732,66.0,509.4,True,True
1784656265.892,66.1,59.6,True,False
1784656266.052,66.3,59.9,True,False
1784656266.212,66.4,59.6,True,False
1784656266.372,66.6,59.5,True,False
1784656266.532,66.8,59.4,True,False
1784656266.691,66.9,59.2,True,False
1784656267.300,67.5,508.7,True,True
1784656267.460,67.7,59.7,True,False
1784656268.071,68.3,511.1,True,True
1784656268.233,68.5,60.8,True,False
1784656268.394,68.6,61.3,True,False
1784656268.556,68.8,61.5,True,False
1784656268.718,68.9,62.0,True,False
1784656268.880,69.1,61.3,True,False
1784656269.040,69.3,60.5,True,False
1784656269.200,69.4,58.9,True,False
1784656269.810,70.0,510.6,True,True
1784656269.971,70.2,60.1,True,False
1784656270.581,70.8,509.6,True,True
1784656270.755,71.0,74.0,True,False
1784656271.364,71.6,508.9,True,True
1784656271.523,71.7,58.5,True,False
1784656271.682,71.9,58.9,True,False
1784656272.305,72.5,522.5,True,True
1784656272.474,72.7,68.5,True,False
1784656273.085,73.3,510.5,True,True
1784656273.244,73.5,59.0,True,False
1784656273.404,73.6,59.9,True,False
1784656274.013,74.2,509.3,True,True
1784656274.173,74.4,59.2,True,False
1784656274.782,75.0,508.8,True,True
1784656274.941,75.2,58.7,True,False
1784656275.100,75.3,58.5,True,False
1784656275.259,75.5,58.7,True,False
1784656275.418,75.6,58.7,True,False
1784656276.028,76.2,509.3,True,True
1784656276.187,76.4,58.8,True,False
1784656276.797,77.0,509.2,True,True
1784656276.956,77.2,59.1,True,False
1784656277.115,77.3,58.8,True,False
1784656277.275,77.5,59.1,True,False
1784656277.434,77.7,58.9,True,False
1784656277.594,77.8,59.3,True,False
1784656277.753,78.0,59.1,True,False
1784656277.912,78.1,59.0,True,False
1784656278.071,78.3,58.7,True,False
1784656278.680,78.9,509.3,True,True
1784656278.840,79.1,58.7,True,False
1784656279.449,79.7,509.1,True,True
1784656279.608,79.8,58.5,True,False
1784656280.217,80.4,509.2,True,True
1784656280.377,80.6,59.2,True,False
1784656281.001,81.2,523.9,True,True
1784656281.161,81.4,59.8,True,False
1784656281.771,82.0,509.1,True,True
1784656281.930,82.2,59.2,True,False
1784656282.089,82.3,59.0,True,False
1784656282.249,82.5,58.9,True,False
1784656282.408,82.6,58.7,True,False
1784656282.567,82.8,58.8,True,False
1784656282.726,82.9,58.8,True,False
1784656282.885,83.1,59.2,True,False
1784656283.055,83.3,69.0,True,False
1784656283.214,83.4,58.8,True,False
1784656283.823,84.0,508.9,True,True
1784656283.983,84.2,59.8,True,False
1784656284.593,84.8,509.6,True,True
1784656284.752,85.0,59.1,True,False
1784656285.362,85.6,509.2,True,True
1784656285.521,85.7,58.7,True,False
1784656286.130,86.3,508.8,True,True
1784656286.289,86.5,59.6,True,False
1784656286.908,87.1,518.5,True,True
1784656287.067,87.3,59.1,True,False
1784656287.227,87.4,59.2,True,False
1784656287.404,87.6,76.5,True,False
1784656287.564,87.8,59.5,True,False
1784656287.743,88.0,79.2,True,False
1784656287.913,88.1,69.6,True,False
1784656288.080,88.3,67.4,True,False
1784656288.240,88.5,59.4,True,False
1784656288.850,89.1,510.2,True,True
1784656289.009,89.2,58.8,True,False
1784656289.169,89.4,59.0,True,False
1784656289.328,89.5,58.9,True,False
1784656289.499,89.7,70.4,True,False
1784656289.658,89.9,59.4,True,False
1784656289.818,90.0,59.4,True,False
1784656289.977,90.2,59.4,True,False
1784656290.137,90.4,59.3,True,False
1784656290.299,90.5,61.5,True,False
1784656290.458,90.7,58.9,True,False
1784656291.067,91.3,509.2,True,True
1784656291.226,91.4,58.9,True,False
1784656291.385,91.6,59.1,True,False
1784656291.545,91.8,59.2,True,False
1784656291.705,91.9,59.7,True,False
1784656291.864,92.1,58.7,True,False
1784656292.024,92.2,59.7,True,False
1784656292.633,92.9,509.5,True,True
1784656292.792,93.0,58.8,True,False
1784656293.401,93.6,508.7,True,True
1784656293.561,93.8,59.3,True,False
1784656294.170,94.4,509.1,True,True
1784656294.330,94.5,59.3,True,False
1784656294.939,95.2,508.9,True,True
1784656295.098,95.3,59.1,True,False
1784656295.258,95.5,59.9,True,False
1784656295.418,95.6,59.5,True,False
1784656296.027,96.2,508.7,True,True
1784656296.186,96.4,59.1,True,False
1784656296.345,96.6,58.9,True,False
1784656296.955,97.2,509.6,True,True
1784656297.115,97.3,59.2,True,False
1784656297.725,97.9,509.8,True,True
1784656297.884,98.1,59.4,True,False
1784656298.494,98.7,508.5,True,True
1784656298.652,98.9,58.8,True,False
1784656298.812,99.0,59.4,True,False
1784656299.422,99.6,509.1,True,True
1784656299.581,99.8,59.1,True,False
1784656299.740,100.0,58.9,True,False
1784656299.923,100.1,82.3,True,False
1784656300.083,100.3,59.4,True,False
1784656300.242,100.5,59.0,True,False
1784656300.402,100.6,59.8,True,False
1784656300.562,100.8,59.9,True,False
1784656300.722,100.9,59.3,True,False
1784656300.881,101.1,58.7,True,False
1784656301.040,101.3,59.3,True,False
1784656301.200,101.4,59.2,True,False
1784656301.360,101.6,59.1,True,False
1784656301.969,102.2,508.8,True,True
1784656302.128,102.3,59.2,True,False
1784656302.287,102.5,59.2,True,False
1784656302.897,103.1,509.2,True,True
1784656303.056,103.3,58.6,True,False
1784656303.215,103.4,59.1,True,False
1784656303.374,103.6,58.7,True,False
1784656303.534,103.8,59.4,True,False
1784656303.693,103.9,59.3,True,False
1784656303.853,104.1,59.3,True,False
1784656304.013,104.2,59.4,True,False
1784656304.623,104.8,509.4,True,True
1784656304.782,105.0,59.1,True,False
1784656305.391,105.6,508.7,True,True
1784656305.551,105.8,59.2,True,False
1784656306.160,106.4,508.7,True,True
1784656306.319,106.5,59.2,True,False
1784656306.479,106.7,59.0,True,False
1784656306.638,106.9,58.7,True,False
1784656306.810,107.0,72.4,True,False
1784656307.420,107.6,508.9,True,True
1784656307.579,107.8,59.2,True,False
1784656308.188,108.4,508.8,True,True
1784656308.347,108.6,58.9,True,False
1784656308.957,109.2,509.6,True,True
1784656309.116,109.3,59.2,True,False
1784656309.726,109.9,509.3,True,True
1784656309.886,110.1,59.5,True,False
1784656310.046,110.3,59.7,True,False
1784656310.654,110.9,508.8,True,True
1784656310.814,111.0,59.0,True,False
1784656311.423,111.6,509.2,True,True
1784656311.583,111.8,59.2,True,False
1784656311.742,112.0,58.8,True,False
1784656312.351,112.6,509.0,True,True
1784656312.510,112.7,58.6,True,False
1784656312.669,112.9,58.8,True,False
1784656313.278,113.5,509.0,True,True
1784656313.438,113.7,59.6,True,False
1784656313.597,113.8,58.3,True,False
1784656313.756,114.0,59.2,True,False
1784656313.916,114.1,59.7,True,False
1784656314.076,114.3,59.0,True,False
1784656314.685,114.9,509.2,True,True
1784656314.844,115.1,59.2,True,False
1784656315.454,115.7,509.0,True,True
1784656315.612,115.8,58.5,True,False
1784656316.222,116.4,508.9,True,True
1784656316.381,116.6,58.7,True,False
1784656317.001,117.2,520.5,True,True
1784656317.161,117.4,59.2,True,False
1784656317.320,117.5,59.0,True,False
1784656317.479,117.7,58.6,True,False
1784656317.638,117.9,58.7,True,False
1784656317.797,118.0,58.8,True,False
1784656317.957,118.2,59.9,True,False
1784656318.116,118.3,58.9,True,False
1784656318.276,118.5,59.3,True,False
1784656318.885,119.1,508.7,True,True
1784656319.044,119.3,58.9,True,False
1784656319.655,119.9,510.2,True,True
1784656319.815,120.0,59.4,True,False
1784656319.974,120.2,59.3,True,False
1784656320.134,120.4,59.6,True,False
1784656320.744,121.0,509.1,True,True
1784656320.905,121.1,60.7,True,False
1784656321.065,121.3,60.1,True,False
1784656321.225,121.4,59.2,True,False
1784656321.402,121.6,76.4,True,False
1784656321.561,121.8,59.2,True,False
1784656321.720,121.9,58.7,True,False
1784656322.329,122.5,509.0,True,True
1784656322.489,122.7,59.2,True,False
1784656323.097,123.3,508.6,True,True
1784656323.257,123.5,59.5,True,False
1784656323.417,123.6,59.3,True,False
1784656323.576,123.8,59.0,True,False
1784656323.746,124.0,69.0,True,False
1784656323.905,124.1,58.8,True,False
1784656324.088,124.3,82.7,True,False
1784656324.248,124.5,59.3,True,False
1784656324.408,124.6,59.5,True,False
1784656325.033,125.3,525.3,True,True
1784656325.193,125.4,59.1,True,False
1784656325.352,125.6,59.3,True,False
1784656325.512,125.7,59.8,True,False
1784656325.672,125.9,59.3,True,False
1784656325.832,126.1,59.4,True,False
1784656326.441,126.7,509.3,True,True
1784656326.601,126.8,58.9,True,False
1784656326.768,127.0,67.6,True,False
1784656326.928,127.1,59.1,True,False
1784656327.087,127.3,58.8,True,False
1784656327.246,127.5,58.5,True,False
1784656327.406,127.6,59.7,True,False
1784656327.566,127.8,59.1,True,False
1784656327.725,127.9,59.0,True,False
1784656328.334,128.6,508.9,True,True
1784656328.494,128.7,58.8,True,False
1784656328.652,128.9,58.3,True,False
1784656328.812,129.0,58.6,True,False
1784656329.421,129.6,509.6,True,True
1784656329.597,129.8,75.5,True,False
1784656329.757,130.0,59.3,True,False
1784656330.366,130.6,508.9,True,True
1784656330.526,130.7,58.9,True,False
1784656331.136,131.4,510.1,True,True
1784656331.296,131.5,58.8,True,False
1784656331.455,131.7,59.2,True,False
1784656331.614,131.8,59.1,True,False
1784656331.774,132.0,59.5,True,False
1784656332.385,132.6,509.8,True,True
1784656332.545,132.8,59.7,True,False
1784656333.155,133.4,509.5,True,True
1784656333.314,133.5,58.8,True,False
1784656333.485,133.7,70.9,True,False
1784656334.094,134.3,508.7,True,True
1784656334.253,134.5,58.9,True,False
1784656334.862,135.1,509.1,True,True
1784656335.021,135.2,59.1,True,False
1784656335.630,135.9,509.1,True,True
1784656335.790,136.0,59.2,True,False
1784656335.950,136.2,59.3,True,False
1784656336.559,136.8,508.8,True,True
1784656336.718,136.9,58.8,True,False
1784656336.877,137.1,59.1,True,False
1784656337.486,137.7,509.1,True,True
1784656337.646,137.9,59.7,True,False
1784656338.256,138.5,509.2,True,True
1784656338.415,138.6,59.3,True,False
1784656338.575,138.8,59.5,True,False
1784656339.184,139.4,509.1,True,True
1784656339.344,139.6,59.3,True,False
1784656339.504,139.7,59.0,True,False
1784656339.663,139.9,58.7,True,False
1784656339.822,140.0,59.4,True,False
1784656339.981,140.2,58.9,True,False
1784656340.141,140.4,59.4,True,False
1784656340.300,140.5,59.2,True,False
1784656340.909,141.1,508.2,True,True
1784656341.068,141.3,58.6,True,False
1784656341.678,141.9,509.0,True,True
1784656341.837,142.1,59.1,True,False
1784656342.446,142.7,508.8,True,True
1784656342.605,142.8,58.9,True,False
1784656343.215,143.4,509.2,True,True
1784656343.374,143.6,58.8,True,False
1784656343.534,143.8,59.7,True,False
1784656343.693,143.9,59.0,True,False
1784656343.866,144.1,72.0,True,False
1784656344.025,144.2,59.2,True,False
1784656344.184,144.4,58.7,True,False
1784656344.346,144.6,62.2,True,False
1784656344.505,144.7,58.7,True,False
1784656344.686,144.9,80.8,True,False
1784656344.844,145.1,58.1,True,False
1784656345.004,145.2,58.9,True,False
1784656345.183,145.4,79.1,True,False
1784656345.793,146.0,509.0,True,True
1784656345.952,146.2,59.0,True,False
1784656346.561,146.8,509.0,True,True
1784656346.721,146.9,58.9,True,False
1784656347.330,147.6,509.5,True,True
1784656347.491,147.7,60.5,True,False
1784656347.650,147.9,58.7,True,False
1784656348.260,148.5,509.1,True,True
1784656348.419,148.6,58.8,True,False
1784656349.029,149.2,509.6,True,True
1784656349.188,149.4,59.1,True,False
1784656349.348,149.6,59.1,True,False
1784656349.506,149.7,58.7,True,False
1784656349.666,149.9,58.9,True,False
1784656349.825,150.0,59.0,True,False
1784656349.984,150.2,58.9,True,False
1784656350.158,150.4,73.4,True,False
1784656350.317,150.5,59.0,True,False
1784656350.498,150.7,81.2,True,False
1784656350.659,150.9,59.7,True,False
1784656350.818,151.0,59.3,True,False
1784656350.977,151.2,59.1,True,False
1784656351.586,151.8,508.9,True,True
1784656351.746,152.0,59.2,True,False
1784656352.355,152.6,508.8,True,True
1784656352.514,152.7,58.8,True,False
1784656352.674,152.9,58.9,True,False
1784656353.306,153.5,531.5,True,True
1784656353.465,153.7,59.0,True,False
1784656354.074,154.3,508.2,True,True
1784656354.244,154.5,70.0,True,False
1784656354.404,154.6,59.3,True,False
1784656354.563,154.8,58.8,True,False
1784656354.722,154.9,58.6,True,False
1784656354.827,155.0,5.2,False,True
1784656355.436,155.7,508.9,True,True
1784656355.596,155.8,59.7,True,False
1784656356.225,156.4,528.8,True,True
1784656356.384,156.6,59.0,True,False
1784656356.993,157.2,508.9,True,True
1784656357.153,157.4,58.7,True,False
1784656357.312,157.5,59.1,True,False
1784656357.472,157.7,59.5,True,False
1784656357.644,157.9,71.4,True,False
1784656357.803,158.0,59.0,True,False
1784656357.984,158.2,80.6,True,False
1784656358.145,158.4,60.3,True,False
1784656358.754,159.0,508.7,True,True
1784656358.913,159.1,58.7,True,False
1784656359.072,159.3,58.3,True,False
1784656359.681,159.9,508.7,True,True
1784656359.840,160.1,58.9,True,False
1784656359.999,160.2,58.7,True,False
1784656360.158,160.4,58.7,True,False
1784656360.767,161.0,508.5,True,True
1784656360.926,161.1,59.2,True,False
1784656361.536,161.8,509.5,True,True
1784656361.696,161.9,59.5,True,False
1784656361.801,162.0,5.2,False,True
1784656361.906,162.1,4.9,False,True
1784656362.065,162.3,58.5,True,False
1784656362.224,162.4,59.2,True,False
1784656362.853,163.1,528.3,True,True
1784656363.012,163.2,58.7,True,False
1784656363.171,163.4,59.0,True,False
1784656363.331,163.6,59.2,True,False
1784656363.490,163.7,59.3,True,False
1784656363.596,163.8,5.5,False,True
1784656363.755,164.0,58.8,True,False
1784656363.934,164.2,79.0,True,False
1784656364.094,164.3,59.1,True,False
1784656364.200,164.4,5.7,False,True
1784656364.359,164.6,58.8,True,False
1784656364.518,164.7,59.0,True,False
1784656364.677,164.9,59.1,True,False
1784656364.836,165.1,58.5,True,False
1784656365.003,165.2,67.1,True,False
1784656365.163,165.4,59.1,True,False
1784656365.345,165.6,81.7,True,False
1784656365.504,165.7,59.1,True,False
1784656365.664,165.9,59.3,True,False
1784656365.824,166.0,59.4,True,False
1784656365.984,166.2,59.1,True,False
1784656366.613,166.8,528.8,True,True
1784656366.772,167.0,58.5,True,False
1784656367.382,167.6,508.9,True,True
1784656367.542,167.8,59.3,True,False
1784656367.701,167.9,59.4,True,False
1784656367.860,168.1,58.6,True,False
1784656368.020,168.2,59.3,True,False
1784656368.179,168.4,59.1,True,False
1784656368.339,168.6,59.2,True,False
1784656368.444,168.7,5.0,False,True
1784656368.550,168.8,5.8,False,True
1784656368.709,168.9,58.7,True,False
1784656368.868,169.1,58.9,True,False
1784656369.044,169.3,76.0,True,False
1784656369.653,169.9,508.6,True,True
1784656369.812,170.0,58.7,True,False
1784656369.971,170.2,58.8,True,False
1784656370.131,170.4,59.4,True,False
1784656370.290,170.5,59.2,True,False
1784656370.449,170.7,58.8,True,False
1784656370.609,170.8,58.8,True,False
1784656370.731,171.0,21.9,False,True
1784656371.340,171.6,508.7,True,True
1784656371.499,171.7,58.7,True,False
1784656371.658,171.9,59.0,True,False
1784656371.818,172.0,59.3,True,False
1784656371.924,172.1,5.9,False,True
1784656372.083,172.3,58.2,True,False
1784656372.692,172.9,508.9,True,True
1784656372.852,173.1,59.1,True,False
1784656373.011,173.2,58.7,True,False
1784656373.620,173.8,509.0,True,True
1784656373.780,174.0,59.4,True,False
1784656373.939,174.2,59.1,True,False
1784656374.044,174.3,4.8,False,True
1784656374.150,174.4,5.5,False,True
1784656374.310,174.5,59.0,True,False
1784656374.469,174.7,59.3,True,False
1784656374.629,174.8,59.6,True,False
1784656374.788,175.0,59.1,True,False
1784656374.894,175.1,5.2,False,True
1784656375.518,175.7,523.6,True,True
1784656375.677,175.9,59.0,True,False
1784656375.782,176.0,5.0,False,True
1784656376.392,176.6,509.2,True,True
1784656376.571,176.8,79.0,True,False
1784656377.182,177.4,510.3,True,True
1784656377.342,177.6,60.4,True,False
1784656377.503,177.7,60.1,True,False
1784656377.662,177.9,59.1,True,False
1784656377.822,178.0,59.4,True,False
1784656377.928,178.1,5.9,False,True
1784656378.033,178.3,5.2,False,True
1784656378.643,178.9,509.7,True,True
1784656378.805,179.0,61.6,True,False
1784656379.414,179.6,509.4,True,True
1784656379.574,179.8,59.7,True,False
1784656379.680,179.9,5.8,False,True
1784656379.840,180.1,59.3,True,False
1784656379.999,180.2,58.9,True,False
1784656380.159,180.4,59.0,True,False
1784656380.318,180.5,58.8,True,False
1784656380.477,180.7,59.0,True,False
1784656380.636,180.9,59.0,True,False
1784656380.797,181.0,60.2,True,False
1784656380.958,181.2,60.5,True,False
1784656381.118,181.3,59.6,True,False
1784656381.277,181.5,59.6,True,False
1784656381.437,181.7,59.2,True,False
1784656381.596,181.8,59.1,True,False
1784656381.756,182.0,59.3,True,False
1784656381.915,182.1,59.6,True,False
1784656382.075,182.3,59.1,True,False
1784656382.235,182.5,59.8,True,False
1784656382.845,183.1,509.5,True,True
1784656383.004,183.2,59.0,True,False
1784656383.110,183.3,5.6,False,True
1784656383.269,183.5,59.2,True,False
1784656383.878,184.1,509.0,True,True
1784656384.038,184.3,59.4,True,False
1784656384.212,184.4,73.4,True,False
1784656384.371,184.6,58.9,True,False
1784656384.530,184.8,59.2,True,False
1784656384.636,184.9,5.4,False,True
1784656384.796,185.0,58.8,True,False
1784656384.956,185.2,60.5,True,False
1784656385.116,185.3,59.6,True,False
1784656385.276,185.5,59.6,True,False
1784656385.381,185.6,5.1,False,True
1784656385.540,185.8,58.8,True,False
1784656385.645,185.9,4.9,False,True
1784656385.805,186.0,59.4,True,False
1784656385.964,186.2,58.8,True,False
1784656386.573,186.8,509.0,True,True
1784656386.732,187.0,58.9,True,False
1784656386.892,187.1,59.0,True,False
1784656387.524,187.7,532.0,True,True
1784656387.683,187.9,58.6,True,False
1784656387.865,188.1,81.6,True,False
1784656388.025,188.2,59.6,True,False
1784656388.184,188.4,58.8,True,False
1784656388.343,188.6,58.7,True,False
1784656388.503,188.7,59.1,True,False
1784656388.683,188.9,80.0,True,False
1784656389.293,189.5,509.5,True,True
1784656389.452,189.7,59.1,True,False
1784656390.062,190.3,509.2,True,True
1784656390.223,190.4,60.6,True,False
1784656390.382,190.6,58.7,True,False
1784656390.541,190.8,58.5,True,False
1784656390.700,190.9,58.8,True,False
1784656390.860,191.1,59.3,True,False
1784656391.019,191.2,59.2,True,False
1784656391.178,191.4,59.0,True,False
1784656391.284,191.5,5.7,False,True
1784656391.390,191.6,5.4,False,True
1784656391.548,191.8,58.6,True,False
1784656392.158,192.4,509.1,True,True
1784656392.340,192.6,81.9,True,False
1784656392.950,193.2,509.3,True,True
1784656393.108,193.3,58.8,True,False
1784656393.268,193.5,58.6,True,False
1784656393.427,193.6,59.0,True,False
1784656393.586,193.8,59.0,True,False
1784656393.692,193.9,5.5,False,True
1784656393.852,194.1,59.5,True,False
1784656394.011,194.2,59.0,True,False
1784656394.170,194.4,58.7,True,False
1784656394.329,194.5,59.1,True,False
1784656394.499,194.7,69.1,True,False
1784656394.658,194.9,59.2,True,False
1784656394.839,195.1,80.7,True,False
1784656394.999,195.2,59.0,True,False
1784656395.158,195.4,59.1,True,False
1784656395.317,195.5,58.8,True,False
1784656395.927,196.1,509.7,True,True
1784656396.086,196.3,58.8,True,False
1784656396.245,196.5,58.8,True,False
1784656396.854,197.1,508.8,True,True
1784656397.013,197.2,58.6,True,False
1784656397.622,197.8,509.0,True,True
1784656397.781,198.0,58.9,True,False
1784656397.888,198.1,6.1,False,True
1784656397.994,198.2,5.6,False,True
1784656398.153,198.4,59.3,True,False
1784656398.312,198.5,58.9,True,False
1784656398.473,198.7,60.0,True,False
1784656398.652,198.9,78.5,True,False
1784656398.811,199.0,59.1,True,False
1784656398.971,199.2,59.5,True,False
1784656399.131,199.4,59.8,True,False
1784656399.291,199.5,60.1,True,False
1784656399.397,199.6,5.2,False,True
1784656400.027,200.2,529.8,True,True
1784656400.188,200.4,60.8,True,False
1784656400.348,200.6,59.0,True,False
1784656400.516,200.7,68.4,True,False
1784656401.138,201.4,521.3,True,True
1784656401.298,201.5,59.9,True,False
1784656401.458,201.7,59.5,True,False
1784656401.563,201.8,5.1,False,True
1784656401.722,201.9,58.8,True,False
1784656401.882,202.1,60.0,True,False
1784656402.042,202.3,59.5,True,False
1784656402.202,202.4,59.1,True,False
1784656402.361,202.6,58.7,True,False
1784656402.520,202.7,58.8,True,False
1784656402.679,202.9,58.8,True,False
1784656403.288,203.5,508.7,True,True
1784656403.450,203.7,61.9,True,False
1784656403.609,203.8,59.0,True,False
1784656403.768,204.0,59.2,True,False
1784656403.928,204.1,59.2,True,False
1784656404.087,204.3,59.2,True,False
1784656404.266,204.5,77.9,True,False
1784656404.424,204.6,58.5,True,False
1784656404.584,204.8,59.0,True,False
1784656404.743,205.0,59.0,True,False
1784656405.352,205.6,508.9,True,True
1784656405.512,205.7,59.3,True,False
1784656405.671,205.9,58.9,True,False
1784656405.830,206.1,59.0,True,False
1784656405.990,206.2,58.8,True,False
1784656406.149,206.4,58.9,True,False
1784656406.308,206.5,58.9,True,False
1784656406.491,206.7,82.6,True,False
1784656406.650,206.9,58.5,True,False
1784656406.809,207.0,58.8,True,False
1784656407.419,207.6,509.2,True,True
1784656407.578,207.8,58.9,True,False
1784656407.758,208.0,80.1,True,False
1784656408.367,208.6,508.8,True,True
1784656408.526,208.7,59.4,True,False
1784656408.686,208.9,58.7,True,False
1784656409.318,209.5,532.4,True,True
1784656409.477,209.7,59.1,True,False
1784656409.583,209.8,5.1,False,True
1784656410.192,210.4,509.0,True,True
1784656410.353,210.6,59.8,True,False
1784656410.472,210.7,19.1,False,True
1784656410.632,210.9,59.6,True,False
1784656410.804,211.0,72.3,True,False
1784656410.974,211.2,69.3,True,False
1784656411.134,211.4,59.0,True,False
1784656411.293,211.5,59.0,True,False
1784656411.452,211.7,58.9,True,False
1784656411.612,211.8,59.5,True,False
1784656411.771,212.0,58.2,True,False
1784656412.380,212.6,509.6,True,True
1784656412.540,212.8,59.2,True,False
1784656412.699,212.9,59.2,True,False
1784656413.309,213.5,509.8,True,True
1784656413.479,213.7,69.2,True,False
1784656413.638,213.9,58.9,True,False
1784656413.797,214.0,58.8,True,False
1784656414.407,214.6,509.7,True,True
1784656414.566,214.8,58.6,True,False
1784656414.725,214.9,59.0,True,False
1784656414.884,215.1,59.1,True,False
1784656415.044,215.3,59.2,True,False
1784656415.204,215.4,59.4,True,False
1784656415.363,215.6,59.1,True,False
1784656415.523,215.7,59.6,True,False
1784656415.682,215.9,59.2,True,False
1784656415.841,216.1,58.7,True,False
1784656416.000,216.2,58.9,True,False
1784656416.609,216.8,508.9,True,True
1784656416.769,217.0,59.2,True,False
1784656416.928,217.1,59.1,True,False
1784656417.087,217.3,58.8,True,False
1784656417.697,217.9,509.2,True,True
1784656417.857,218.1,59.5,True,False
1784656418.017,218.2,59.7,True,False
1784656418.176,218.4,58.8,True,False
1784656418.789,219.0,513.3,True,True
1784656418.949,219.2,59.1,True,False
1784656419.580,219.8,531.1,True,True
1784656419.739,220.0,58.6,True,False
1784656420.348,220.6,508.9,True,True
1784656420.507,220.7,59.1,True,False
1784656420.667,220.9,59.2,True,False
1784656420.827,221.0,59.8,True,False
1784656420.987,221.2,59.7,True,False
1784656421.147,221.4,59.1,True,False
1784656421.756,222.0,509.1,True,True
1784656421.915,222.1,58.8,True,False
1784656422.525,222.7,509.3,True,True
1784656422.685,222.9,59.5,True,False
1784656423.294,223.5,509.2,True,True
1784656423.453,223.7,59.0,True,False
1784656423.613,223.8,59.2,True,False
1784656424.246,224.5,533.0,True,True
1784656424.409,224.6,62.3,True,False
1784656425.019,225.2,509.2,True,True
1784656425.178,225.4,58.6,True,False
1784656425.337,225.6,59.4,True,False
1784656425.497,225.7,58.9,True,False
1784656425.657,225.9,59.6,True,False
1784656425.816,226.0,59.2,True,False
1784656426.426,226.6,509.3,True,True
1784656426.585,226.8,59.0,True,False
1784656427.194,227.4,508.9,True,True
1784656427.354,227.6,59.1,True,False
1784656427.530,227.8,76.8,True,False
1784656428.139,228.4,508.8,True,True
1784656428.299,228.5,59.5,True,False
1784656428.459,228.7,59.4,True,False
1784656428.618,228.8,58.7,True,False
1784656429.227,229.4,508.9,True,True
1784656429.387,229.6,60.1,True,False
1784656429.997,230.2,509.2,True,True
1784656430.157,230.4,59.9,True,False
1784656430.316,230.5,59.1,True,False
1784656430.476,230.7,58.9,True,False
1784656430.635,230.9,58.9,True,False
1784656430.794,231.0,59.0,True,False
1784656430.954,231.2,59.7,True,False
1784656431.564,231.8,509.6,True,True
1784656431.724,231.9,59.2,True,False
1784656432.334,232.6,509.7,True,True
1784656432.493,232.7,59.3,True,False
1784656432.652,232.9,58.8,True,False
1784656432.812,233.0,59.3,True,False
1784656432.988,233.2,76.1,True,False
1784656433.158,233.4,69.5,True,False
1784656433.318,233.5,60.3,True,False
1784656433.479,233.7,60.0,True,False
1784656433.639,233.9,59.1,True,False
1784656433.798,234.0,59.5,True,False
1784656433.958,234.2,59.2,True,False
1784656434.586,234.8,527.7,True,True
1784656434.745,235.0,58.7,True,False
1784656435.354,235.6,508.8,True,True
1784656435.513,235.7,58.6,True,False
1784656436.122,236.3,509.1,True,True
1784656436.282,236.5,60.0,True,False
1784656436.442,236.7,59.3,True,False
1784656436.601,236.8,59.0,True,False
1784656436.762,237.0,60.1,True,False
1784656437.371,237.6,509.2,True,True
1784656437.531,237.8,58.9,True,False
1784656437.690,237.9,59.0,True,False
1784656438.299,238.5,509.2,True,True
1784656438.459,238.7,59.6,True,False
1784656438.618,238.8,58.9,True,False
1784656438.801,239.0,82.4,True,False
1784656438.960,239.2,58.6,True,False
1784656439.119,239.3,58.9,True,False
1784656439.280,239.5,60.2,True,False
1784656439.440,239.7,60.1,True,False
1784656439.600,239.8,59.2,True,False
1784656439.759,240.0,59.1,True,False
1784656439.918,240.1,59.0,True,False
1784656440.077,240.3,58.8,True,False
1784656440.687,240.9,509.1,True,True
1784656440.865,241.1,77.6,True,False
1784656441.474,241.7,509.2,True,True
1784656441.633,241.9,59.0,True,False
1784656441.812,242.0,77.8,True,False
1784656441.972,242.2,59.9,True,False
1784656442.131,242.4,59.0,True,False
1784656442.740,243.0,509.1,True,True
1784656442.900,243.1,59.1,True,False
1784656443.809,244.0,809.2,True,True
1784656443.973,244.2,63.9,True,False
1784656444.882,245.1,808.7,True,True
1784656445.492,245.7,509.2,True,True
1784656446.401,246.6,809.0,True,True
1784656446.574,246.8,72.5,True,False
1784656447.183,247.4,508.7,True,True
1784656447.343,247.6,59.8,True,False
1784656447.521,247.7,77.0,True,False
1784656447.680,247.9,58.7,True,False
1784656448.589,248.8,809.0,True,True
1784656448.748,249.0,58.8,True,False
1784656449.658,249.9,809.1,True,True
1784656450.267,250.5,509.7,True,True
1784656451.176,251.4,808.5,True,True
1784656451.336,251.6,59.7,True,False
1784656451.946,252.2,509.3,True,True
1784656452.106,252.3,59.6,True,False
1784656453.015,253.2,809.2,True,True
1784656453.175,253.4,59.3,True,False
1784656454.085,254.3,809.7,True,True
1784656454.695,254.9,509.7,True,True
1784656454.854,255.1,59.0,True,False
1784656455.463,255.7,508.9,True,True
1784656455.622,255.8,58.9,True,False
1784656456.532,256.8,808.9,True,True
1784656456.691,256.9,59.1,True,False
1784656456.867,257.1,75.6,True,False
1784656457.027,257.2,59.1,True,False
1784656457.959,258.2,831.8,True,True
1784656458.119,258.3,59.5,True,False
1784656458.278,258.5,59.3,True,False
1784656458.888,259.1,509.1,True,True
1784656459.066,259.3,77.8,True,False
1784656459.675,259.9,509.0,True,True
1784656460.584,260.8,809.0,True,True
1784656461.193,261.4,508.6,True,True
1784656462.103,262.3,809.0,True,True
1784656462.712,262.9,509.3,True,True
1784656463.623,263.8,810.1,True,True
1784656463.782,264.0,59.5,True,False
1784656464.392,264.6,509.4,True,True
1784656464.552,264.8,58.9,True,False
1784656465.161,265.4,508.8,True,True
1784656465.321,265.5,60.1,True,False
1784656465.930,266.2,509.4,True,True
1784656466.091,266.3,60.9,True,False
1784656467.001,267.2,809.3,True,True
1784656467.160,267.4,59.0,True,False
1784656468.070,268.3,810.0,True,True
1784656468.243,268.5,72.4,True,False
1784656468.853,269.1,510.0,True,True
1784656469.013,269.2,59.7,True,False
1784656469.639,269.9,525.4,True,True
1784656469.808,270.0,68.9,True,False
1784656469.967,270.2,58.8,True,False
1784656470.876,271.1,809.0,True,True
1784656471.485,271.7,509.3,True,True
1784656471.645,271.9,59.0,True,False
1784656471.803,272.0,58.4,True,False
1784656471.962,272.2,58.4,True,False
1784656472.121,272.3,58.8,True,False
1784656472.281,272.5,59.6,True,False
1784656472.440,272.7,58.7,True,False
1784656472.621,272.8,80.9,True,False
1784656472.780,273.0,58.8,True,False
1784656473.390,273.6,509.3,True,True
1784656473.549,273.8,59.0,True,False
1784656473.709,273.9,59.3,True,False
1784656473.868,274.1,59.3,True,False
1784656474.027,274.2,58.7,True,False
1784656474.637,274.9,509.1,True,True
1784656474.796,275.0,58.9,True,False
1784656475.405,275.6,509.0,True,True
1784656475.565,275.8,59.0,True,False
1784656475.724,275.9,59.1,True,False
1784656475.884,276.1,59.6,True,False
1784656476.043,276.3,59.0,True,False
1784656476.202,276.4,59.1,True,False
1784656476.362,276.6,59.3,True,False
1784656476.971,277.2,508.9,True,True
1784656477.130,277.4,58.6,True,False
1784656477.290,277.5,58.8,True,False
1784656477.449,277.7,59.4,True,False
1784656478.060,278.3,510.0,True,True
1784656478.219,278.4,59.1,True,False
1784656478.839,279.1,519.7,True,True
1784656478.999,279.2,59.6,True,False
1784656479.179,279.4,79.4,True,False
1784656479.338,279.6,59.4,True,False
1784656479.498,279.7,59.4,True,False
1784656479.657,279.9,58.9,True,False
1784656479.816,280.0,59.0,True,False
1784656479.976,280.2,59.7,True,False
1784656480.136,280.4,59.1,True,False
1784656480.304,280.5,67.8,True,False
1784656480.464,280.7,59.9,True,False
1784656480.624,280.8,59.3,True,False
1784656480.783,281.0,59.2,True,False
1784656480.943,281.2,59.7,True,False
1784656481.102,281.3,58.9,True,False
1784656481.262,281.5,59.1,True,False
1784656481.421,281.6,59.3,True,False
1784656481.581,281.8,59.1,True,False
1784656481.740,282.0,59.4,True,False
1784656481.900,282.1,59.3,True,False
1784656482.059,282.3,59.0,True,False
1784656482.218,282.4,58.9,True,False
1784656482.828,283.0,509.2,True,True
1784656482.987,283.2,58.7,True,False
1784656483.146,283.4,58.9,True,False
1784656483.305,283.5,59.0,True,False
1784656483.914,284.1,508.6,True,True
1784656484.073,284.3,59.3,True,False
1784656484.683,284.9,509.4,True,True
1784656484.842,285.1,58.6,True,False
1784656485.451,285.7,508.9,True,True
1784656485.611,285.8,58.7,True,False
1784656485.770,286.0,59.1,True,False
1784656486.380,286.6,509.9,True,True
1784656486.540,286.8,59.1,True,False
1784656487.149,287.4,508.9,True,True
1784656487.308,287.5,59.1,True,False
1784656487.918,288.1,509.4,True,True
1784656488.078,288.3,59.6,True,False
1784656488.687,288.9,509.0,True,True
1784656488.846,289.1,58.8,True,False
1784656489.006,289.2,58.9,True,False
1784656489.166,289.4,59.7,True,False
1784656489.793,290.0,527.0,True,True
1784656489.952,290.2,59.0,True,False
1784656490.112,290.3,59.6,True,False
1784656490.272,290.5,58.9,True,False
1784656490.448,290.7,76.4,True,False
1784656490.619,290.8,70.7,True,False
1784656490.778,291.0,59.0,True,False
1784656490.937,291.2,58.8,True,False
1784656491.097,291.3,59.5,True,False
1784656491.271,291.5,73.0,True,False
1784656491.430,291.7,58.8,True,False
1784656491.589,291.8,59.2,True,False
1784656491.748,292.0,58.9,True,False
1784656492.368,292.6,519.1,True,True
1784656492.528,292.7,59.4,True,False
1784656492.687,292.9,59.4,True,False
1784656492.847,293.1,59.3,True,False
1784656493.006,293.2,58.8,True,False
1784656493.165,293.4,59.1,True,False
1784656493.774,294.0,509.0,True,True
1784656493.933,294.2,58.8,True,False
1784656494.542,294.8,508.8,True,True
1784656494.725,294.9,82.6,True,False
1784656494.887,295.1,61.0,True,False
1784656495.046,295.3,59.2,True,False
1784656495.655,295.9,509.1,True,True
1784656495.815,296.0,58.9,True,False
1784656496.425,296.6,509.7,True,True
1784656496.585,296.8,59.2,True,False
1784656496.744,297.0,59.3,True,False
1784656496.904,297.1,60.2,True,False
1784656497.064,297.3,59.3,True,False
1784656497.673,297.9,509.0,True,True
1784656497.832,298.1,59.1,True,False
1784656498.442,298.7,509.2,True,True
1784656498.601,298.8,59.2,True,False
1784656498.760,299.0,58.7,True,False
1784656499.370,299.6,509.2,True,True
1784656499.530,299.7,59.2,True,False
1784656499.689,299.9,59.1,True,False
1784656499.848,300.1,59.2,True,False
1784656500.008,300.2,59.2,True,False
1784656500.627,300.8,518.9,True,True
1784656500.786,301.0,59.0,True,False
1784656500.946,301.2,59.2,True,False
1784656501.125,301.3,78.9,True,False
1784656501.735,302.0,509.2,True,True
1784656501.893,302.1,58.8,True,False
1784656502.503,302.7,509.2,True,True
1784656502.662,302.9,59.1,True,False
1784656502.822,303.0,59.5,True,False
1784656502.982,303.2,59.5,True,False
1784656503.142,303.4,60.5,True,False
1784656503.766,304.0,524.0,True,True
1784656503.925,304.1,58.6,True,False
1784656504.535,304.8,509.0,True,True
1784656504.694,304.9,58.7,True,False
1784656504.853,305.1,58.9,True,False
1784656505.012,305.2,58.6,True,False
1784656505.171,305.4,58.9,True,False
1784656505.331,305.6,59.7,True,False
1784656505.491,305.7,60.1,True,False
1784656505.651,305.9,59.2,True,False
1784656505.810,306.0,59.0,True,False
1784656505.969,306.2,59.3,True,False
1784656506.128,306.3,59.1,True,False
1784656506.287,306.5,58.6,True,False
1784656506.896,307.1,508.5,True,True
1784656507.056,307.3,59.4,True,False
1784656507.215,307.4,58.9,True,False
1784656507.374,307.6,58.5,True,False
1784656507.533,307.8,58.9,True,False
1784656507.692,307.9,58.7,True,False
1784656507.851,308.1,58.9,True,False
1784656508.010,308.2,58.8,True,False
1784656508.620,308.8,509.7,True,True
1784656508.779,309.0,58.8,True,False
1784656508.938,309.2,58.8,True,False
1784656509.548,309.8,509.2,True,True
1784656509.707,309.9,58.8,True,False
1784656509.867,310.1,59.0,True,False
1784656510.026,310.2,59.1,True,False
1784656510.185,310.4,59.1,True,False
1784656510.345,310.6,59.2,True,False
1784656510.504,310.7,59.1,True,False
1784656510.664,310.9,59.9,True,False
1784656511.275,311.5,509.8,True,True
1784656511.434,311.7,58.9,True,False
1784656512.044,312.3,509.2,True,True
1784656512.204,312.4,60.4,True,False
1784656512.814,313.0,509.6,True,True
1784656512.974,313.2,59.0,True,False
1784656513.583,313.8,509.2,True,True
1784656513.742,314.0,58.7,True,False
1784656514.352,314.6,509.1,True,True
1784656514.511,314.7,59.1,True,False
1784656515.120,315.3,508.9,True,True
1784656515.280,315.5,59.3,True,False
1784656515.890,316.1,509.4,True,True
1784656516.050,316.3,59.8,True,False
1784656516.659,316.9,508.9,True,True
1784656516.818,317.0,58.9,True,False
1784656517.427,317.6,508.9,True,True
1784656517.588,317.8,60.7,True,False
1784656518.219,318.4,530.8,True,True
1784656518.379,318.6,59.2,True,False
1784656518.988,319.2,509.0,True,True
1784656519.147,319.4,59.1,True,False
1784656519.756,320.0,508.6,True,True
1784656519.915,320.1,59.0,True,False
1784656520.524,320.7,508.8,True,True
1784656520.684,320.9,58.8,True,False
1784656521.294,321.5,510.1,True,True
1784656521.453,321.7,59.1,True,False
1784656521.612,321.8,58.7,True,False
1784656521.772,322.0,59.4,True,False
1784656522.381,322.6,509.0,True,True
1784656522.540,322.8,58.5,True,False
1784656522.699,322.9,59.0,True,False
1784656523.310,323.5,510.3,True,True
1784656523.469,323.7,58.7,True,False
1784656524.078,324.3,509.2,True,True
1784656524.238,324.5,59.2,True,False
1784656524.397,324.6,58.6,True,False
1784656524.557,324.8,59.8,True,False
1784656524.717,324.9,59.9,True,False
1784656525.327,325.5,509.9,True,True
1784656525.487,325.7,59.7,True,False
1784656526.097,326.3,509.5,True,True
1784656526.257,326.5,60.1,True,False
1784656526.418,326.6,60.0,True,False
1784656527.028,327.2,509.9,True,True
1784656527.188,327.4,59.3,True,False
1784656527.797,328.0,509.3,True,True
1784656527.971,328.2,73.2,True,False
1784656528.158,328.4,87.1,True,False
1784656528.339,328.6,80.8,True,False
1784656528.498,328.7,59.2,True,False
1784656528.677,328.9,79.0,True,False
1784656528.836,329.1,58.9,True,False
1784656528.996,329.2,59.1,True,False
1784656529.605,329.8,509.5,True,True
1784656529.765,330.0,59.3,True,False
1784656530.375,330.6,509.5,True,True
1784656530.534,330.8,59.3,True,False
1784656531.144,331.4,508.9,True,True
1784656531.304,331.5,59.8,True,False
1784656531.914,332.1,509.9,True,True
1784656533.289,333.5,1275.0,True,True
1784656534.776,335.0,1386.5,True,True
1784656536.673,336.9,1796.6,True,True
1784656538.128,338.3,1355.0,True,True
1784656539.598,339.8,1369.5,True,True
1784656541.079,341.3,1380.4,True,True
1784656542.606,342.8,1426.6,True,True
1784656544.021,344.2,1314.8,True,True
1784656545.347,345.6,1225.6,True,True
1784656547.196,347.4,1749.1,True,True
1784656548.589,348.8,1292.8,True,True
1784656550.507,350.7,1817.7,True,True
1784656552.029,352.2,1421.4,True,True
1784656553.894,354.1,1764.8,True,True
1784656555.267,355.5,1273.0,True,True
1784656557.069,357.3,1701.7,True,True
1784656558.586,358.8,1416.6,True,True
1784656560.519,360.7,1832.9,True,True
1784656561.979,362.2,1359.9,True,True
1784656563.889,364.1,1809.4,True,True
1784656565.317,365.5,1327.8,True,True
1784656566.715,366.9,1297.9,True,True
1784656568.575,368.8,1759.5,True,True
1784656569.894,370.1,1218.3,True,True
1784656571.365,371.6,1371.3,True,True
1784656573.273,373.5,1807.1,True,True
1784656574.759,375.0,1385.8,True,True
1784656576.620,376.8,1760.3,True,True
1784656578.028,378.2,1308.1,True,True
1784656579.467,379.7,1338.5,True,True
1784656580.924,381.1,1356.5,True,True
1784656582.346,382.6,1321.3,True,True
1784656583.613,383.8,1167.7,True,True
1784656585.014,385.2,1299.9,True,True
1784656586.866,387.1,1752.3,True,True
1784656588.196,388.4,1229.5,True,True
1784656590.082,390.3,1785.5,True,True
1784656591.422,391.6,1240.4,True,True
1784656592.876,393.1,1353.4,True,True
1784656594.749,395.0,1773.2,True,True
1784656596.089,396.3,1239.5,True,True
1784656597.913,398.1,1723.6,True,True
1784656599.304,399.5,1290.7,True,True
1784656601.179,401.4,1775.0,True,True
1784656602.704,402.9,1424.9,True,True
1784656604.662,404.9,1857.0,True,True
1784656606.092,406.3,1329.8,True,True
1784656607.492,407.7,1299.7,True,True
1784656608.931,409.2,1339.2,True,True
1784656610.341,410.6,1309.2,True,True
1784656611.816,412.0,1375.0,True,True
1784656613.650,413.9,1734.4,True,True
1784656615.116,415.3,1365.4,True,True
1784656617.008,417.2,1791.3,True,True
1784656618.535,418.8,1426.4,True,True
1784656619.861,420.1,1225.9,True,True
1784656621.259,421.5,1298.1,True,True
1784656623.279,423.5,1919.6,True,True
1784656624.697,424.9,1318.2,True,True
1784656626.029,426.2,1231.6,True,True
1784656627.904,428.1,1774.3,True,True
1784656629.279,429.5,1274.9,True,True
1784656630.782,431.0,1402.7,True,True
1784656632.705,432.9,1822.3,True,True
1784656634.021,434.2,1216.2,True,True
1784656635.426,435.6,1304.6,True,True
1784656637.294,437.5,1767.5,True,True
1784656638.678,438.9,1284.2,True,True
1784656640.165,440.4,1386.2,True,True
1784656641.463,441.7,1198.4,True,True
1784656642.974,443.2,1409.9,True,True
1784656644.394,444.6,1319.3,True,True
1784656645.834,446.1,1339.5,True,True
1784656647.145,447.4,1211.4,True,True
1784656648.677,448.9,1431.9,True,True
1784656650.528,450.7,1750.9,True,True
1784656651.863,452.1,1233.7,True,True
1784656653.345,453.6,1382.0,True,True
1784656655.191,455.4,1746.0,True,True
1784656656.544,456.8,1252.3,True,True
1784656658.066,458.3,1422.1,True,True
1784656659.449,459.7,1282.0,True,True
1784656661.289,461.5,1739.3,True,True
1784656662.629,462.8,1240.6,True,True
1784656664.001,464.2,1271.7,True,True
1784656665.925,466.1,1822.8,True,True
1784656667.274,467.5,1248.5,True,True
1784656668.706,468.9,1332.8,True,True
1784656670.544,470.8,1737.1,True,True
1784656671.995,472.2,1350.9,True,True
1784656673.932,474.2,1836.2,True,True
1784656675.373,475.6,1341.0,True,True
1784656676.903,477.1,1429.2,True,True
1784656678.752,479.0,1748.6,True,True
1784656680.223,480.4,1370.5,True,True
1784656681.505,481.7,1181.7,True,True
1784656683.373,483.6,1768.0,True,True
1784656684.885,485.1,1411.4,True,True
1784656686.724,486.9,1738.7,True,True
1784656688.191,488.4,1366.1,True,True
1784656689.668,489.9,1376.5,True,True
1784656691.168,491.4,1400.3,True,True
1784656692.626,492.8,1357.8,True,True
1784656694.035,494.3,1308.3,True,True
1784656695.396,495.6,1261.0,True,True
1784656697.310,497.5,1813.9,True,True
1784656698.824,499.0,1413.1,True,True
1784656700.281,500.5,1357.1,True,True
1784656701.772,502.0,1390.4,True,True
1784656706.883,507.1,5010.9,False,True
1784656707.044,507.3,59.8,True,False
1784656707.204,507.4,59.7,True,False
1784656707.364,507.6,60.3,True,False
1784656707.524,507.7,59.6,True,False
1784656707.684,507.9,59.2,True,False
1784656708.294,508.5,509.4,True,True
1784656708.453,508.7,59.3,True,False
1784656708.613,508.8,59.3,True,False
1784656708.772,509.0,59.3,True,False
1784656709.382,509.6,509.8,True,True
1784656709.557,509.8,74.1,True,False
1784656710.166,510.4,509.5,True,True
1784656710.327,510.5,59.9,True,False
1784656710.487,510.7,59.4,True,False
1784656710.646,510.9,59.4,True,False
1784656710.807,511.0,60.1,True,False
1784656710.967,511.2,59.6,True,False
1784656711.127,511.3,59.6,True,False
1784656711.737,512.0,509.6,True,True
1784656711.896,512.1,59.2,True,False
1784656712.056,512.3,59.1,True,False
1784656712.216,512.4,59.5,True,False
1784656712.376,512.6,59.8,True,False
1784656712.536,512.8,59.9,True,False
1784656712.696,512.9,59.6,True,False
1784656712.856,513.1,59.2,True,False
1784656713.016,513.2,59.6,True,False
1784656713.176,513.4,59.4,True,False
1784656713.336,513.6,59.7,True,False
1784656713.508,513.7,71.7,True,False
1784656713.678,513.9,69.7,True,False
1784656713.848,514.1,69.2,True,False
1784656714.007,514.2,59.0,True,False
1784656714.166,514.4,59.2,True,False
1784656714.326,514.5,59.2,True,False
1784656714.496,514.7,70.1,True,False
1784656715.106,515.3,509.5,True,True
1784656715.265,515.5,59.5,True,False
1784656715.877,516.1,510.7,True,True
1784656716.036,516.3,59.6,True,False
1784656716.646,516.9,509.1,True,True
1784656716.806,517.0,59.6,True,False
1784656717.416,517.6,509.7,True,True
1784656717.576,517.8,59.8,True,False
1784656717.738,518.0,61.3,True,False
1784656718.349,518.6,511.2,True,True
1784656718.512,518.7,62.2,True,False
1784656719.125,519.3,513.3,True,True
1784656719.292,519.5,66.1,True,False
1784656719.926,520.1,533.2,True,True
1784656720.089,520.3,62.7,True,False
1784656720.700,520.9,510.9,True,True
1784656720.862,521.1,61.4,True,False
1784656721.023,521.2,61.1,True,False
1784656721.185,521.4,60.4,True,False
1784656721.346,521.6,60.8,True,False
1784656721.507,521.7,61.1,True,False
1784656721.668,521.9,60.4,True,False
1784656721.828,522.0,59.6,True,False
1784656721.988,522.2,60.2,True,False
1784656722.148,522.4,59.5,True,False
1784656722.308,522.5,60.1,True,False
1784656722.469,522.7,60.3,True,False
1784656722.629,522.8,59.8,True,False
1784656722.789,523.0,59.6,True,False
1784656723.400,523.6,510.5,True,True
1784656723.561,523.8,60.3,True,False
1784656724.170,524.4,509.5,True,True
1784656724.330,524.6,59.7,True,False
1784656724.941,525.2,510.3,True,True
1784656725.102,525.3,60.2,True,False
1784656725.713,525.9,510.9,True,True
1784656725.873,526.1,60.2,True,False
1784656726.484,526.7,509.7,True,True
1784656726.643,526.9,59.2,True,False
1784656727.254,527.5,510.6,True,True
1784656727.416,527.6,61.3,True,False
1784656728.027,528.2,510.6,True,True
1784656728.192,528.4,65.1,True,False
1784656728.402,528.6,108.8,True,False
1784656729.057,529.3,554.9,True,True
1784656729.223,529.4,65.7,True,False
1784656729.390,529.6,66.0,True,False
1784656730.009,530.2,518.7,True,True
1784656730.207,530.4,97.5,True,False
1784656730.373,530.6,65.3,True,False
1784656730.579,530.8,105.4,True,False
1784656730.759,531.0,78.9,True,False
1784656730.927,531.1,66.7,True,False
1784656731.098,531.3,70.7,True,False
1784656731.712,531.9,513.4,True,True
1784656731.872,532.1,60.4,True,False
1784656732.484,532.7,511.3,True,True
1784656732.645,532.9,60.4,True,False
1784656732.805,533.0,60.4,True,False
1784656732.966,533.2,59.9,True,False
1784656733.126,533.3,60.1,True,False
1784656733.286,533.5,59.7,True,False
1784656733.447,533.7,59.9,True,False
1784656734.057,534.3,510.0,True,True
1784656734.218,534.4,60.4,True,False
1784656734.378,534.6,60.0,True,False
1784656734.539,534.8,60.6,True,False
1784656735.150,535.4,510.1,True,True
1784656735.311,535.5,60.4,True,False
1784656735.472,535.7,61.0,True,False
1784656735.633,535.9,61.0,True,False
1784656735.793,536.0,59.6,True,False
1784656735.953,536.2,59.4,True,False
1784656736.563,536.8,509.9,True,True
1784656736.726,536.9,61.8,True,False
1784656737.337,537.6,510.5,True,True
1784656737.498,537.7,60.7,True,False
1784656738.108,538.3,510.5,True,True
1784656738.269,538.5,60.2,True,False
1784656738.430,538.7,60.4,True,False
1784656738.591,538.8,59.9,True,False
1784656738.751,539.0,60.1,True,False
1784656739.361,539.6,510.3,True,True
1784656739.522,539.7,60.3,True,False
1784656739.683,539.9,60.9,True,False
1784656740.294,540.5,510.8,True,True
1784656740.454,540.7,59.3,True,False
1784656741.064,541.3,509.6,True,True
1784656741.239,541.5,74.5,True,False
1784656741.848,542.1,509.0,True,True
1784656742.008,542.2,59.6,True,False
1784656742.169,542.4,60.0,True,False
1784656742.778,543.0,509.3,True,True
1784656742.937,543.2,59.2,True,False
1784656743.097,543.3,59.3,True,False
1784656743.257,543.5,59.9,True,False
1784656743.418,543.6,60.9,True,False
1784656744.028,544.2,509.8,True,True
1784656744.190,544.4,61.4,True,False
1784656744.801,545.0,510.6,True,True
1784656744.963,545.2,61.9,True,False
1784656745.124,545.3,60.2,True,False
1784656745.735,546.0,510.7,True,True
1784656745.896,546.1,61.0,True,False
1784656746.511,546.7,514.6,True,True
1784656746.671,546.9,60.5,True,False
1784656746.831,547.1,60.0,True,False
1784656746.992,547.2,60.0,True,False
1784656747.604,547.8,511.8,True,True
1784656747.765,548.0,61.0,True,False
1784656747.926,548.1,60.8,True,False
1784656748.088,548.3,61.2,True,False
1784656748.699,548.9,511.2,True,True
1784656748.860,549.1,60.5,True,False
1784656749.022,549.2,61.5,True,False
1784656749.183,549.4,61.1,True,False
1784656749.346,549.6,62.0,True,False
1784656749.506,549.7,60.3,True,False
1784656749.668,549.9,60.9,True,False
1784656750.278,550.5,510.7,True,True
1784656750.442,550.7,62.9,True,False
1784656750.602,550.8,60.5,True,False
1784656750.763,551.0,60.5,True,False
1784656750.924,551.1,60.1,True,False
1784656751.535,551.8,510.7,True,True
1784656751.697,551.9,61.9,True,False
1784656752.308,552.5,511.0,True,True
1784656752.472,552.7,63.6,True,False
1784656753.083,553.3,510.3,True,True
1784656753.244,553.5,60.7,True,False
1784656753.428,553.6,83.3,True,False
1784656753.588,553.8,59.8,True,False
1784656753.749,554.0,60.7,True,False
1784656754.359,554.6,510.0,True,True
1784656754.520,554.7,60.4,True,False
1784656755.131,555.4,511.3,True,True
1784656755.291,555.5,59.6,True,False
1784656755.922,556.1,530.9,True,True
1784656756.085,556.3,61.9,True,False
1784656756.246,556.5,60.9,True,False
1784656756.858,557.1,511.6,True,True
1784656757.019,557.2,61.4,True,False
1784656757.182,557.4,61.6,True,False
1784656757.342,557.6,59.7,True,False
1784656757.502,557.7,60.1,True,False
1784656758.113,558.3,510.2,True,True
1784656758.274,558.5,60.9,True,False
1784656758.435,558.7,61.0,True,False
1784656758.595,558.8,59.8,True,False
1784656759.207,559.4,511.6,True,True
1784656759.368,559.6,60.5,True,False
1784656759.529,559.7,60.3,True,False
1784656759.689,559.9,59.9,True,False
1784656760.300,560.5,510.8,True,True
1784656760.463,560.7,62.5,True,False
1784656760.624,560.8,59.9,True,False
1784656760.784,561.0,60.6,True,False
1784656760.946,561.2,61.0,True,False
1784656761.106,561.3,60.5,True,False
1784656761.269,561.5,62.4,True,False
1784656761.430,561.7,60.6,True,False
1784656762.043,562.3,512.2,True,True
1784656762.246,562.5,102.6,True,False
1784656762.856,563.1,510.1,True,True
1784656763.016,563.2,59.7,True,False
1784656763.189,563.4,72.9,False,True
1784656763.369,563.6,79.8,False,True
1784656763.544,563.8,73.9,False,True
1784656763.708,563.9,63.7,False,True
1784656763.880,564.1,72.1,False,True
1784656764.498,564.7,517.7,False,True
1784656764.679,564.9,80.6,False,True
1784656764.838,565.1,58.8,False,True
1784656764.999,565.2,60.0,False,True
1784656765.162,565.4,62.6,False,True
1784656765.322,565.5,59.6,False,True
1784656765.482,565.7,60.0,False,True
1784656765.647,565.9,64.6,False,True
1784656765.807,566.0,59.2,False,True
1784656766.417,566.6,510.1,False,True
1784656767.045,567.3,527.5,False,True
1784656767.205,567.4,60.4,False,True
1784656767.365,567.6,59.1,False,True
1784656767.544,567.8,78.7,False,True
1784656767.703,567.9,58.8,False,True
1784656767.865,568.1,61.8,False,True
1784656768.025,568.2,59.4,False,True
1784656768.646,568.9,521.2,False,True
1784656769.256,569.5,509.2,False,True
1784656769.415,569.6,59.4,False,True
1784656769.581,569.8,64.8,False,True
1784656769.740,570.0,59.2,False,True
1784656769.900,570.1,59.3,False,True
1784656770.510,570.7,509.6,False,True
1784656771.119,571.3,509.6,False,True
1784656772.290,572.5,1070.3,False,True
1784656773.474,573.7,1084.1,False,True
1784656774.084,574.3,509.7,False,True
1784656774.694,574.9,509.1,False,True
1784656776.326,576.5,1531.5,False,True
1784656776.937,577.2,510.4,False,True
1784656778.562,578.8,1524.9,False,True
1784656778.744,579.0,82.2,False,True
1784656779.905,580.1,1059.9,False,True
1784656781.089,581.3,1083.4,False,True
1784656782.273,582.5,1083.9,False,True
1784656782.882,583.1,508.5,False,True
1784656784.513,584.7,1531.3,False,True
1784656785.122,585.3,508.8,False,True
1784656785.785,586.0,562.0,False,True
1784656787.425,587.6,1540.4,False,True
1784656788.043,588.3,517.5,False,True
1784656788.653,588.9,509.8,False,True
1784656789.829,590.0,1075.3,False,True
1784656791.009,591.2,1079.4,False,True
1784656792.641,592.9,1532.1,False,True
1784656793.251,593.5,509.7,False,True
1784656793.861,594.1,509.3,False,True
1784656795.041,595.3,1080.1,False,True
1784656795.651,595.9,509.5,False,True
1784656796.832,597.1,1081.4,False,True
1784656798.021,598.2,1087.7,False,True
1784656799.242,599.5,1121.0,False,True
1784656800.416,600.6,1073.8,False,True
1784656801.601,601.8,1084.0,False,True
1784656802.211,602.4,509.5,False,True
1784656803.424,603.6,1113.0,False,True
1784656804.608,604.8,1083.4,False,True
1784656804.768,605.0,59.2,False,True
1784656805.956,606.2,1088.5,False,True
1784656807.136,607.4,1079.5,False,True
1784656808.321,608.5,1084.3,False,True
1784656808.944,609.2,523.1,False,True
1784656810.112,610.3,1067.9,False,True
1784656811.360,611.6,1147.3,False,True
1784656812.544,612.8,1083.9,False,True
1784656812.704,612.9,59.6,False,True
1784656813.888,614.1,1083.9,False,True
1784656815.076,615.3,1087.3,False,True
1784656816.256,616.5,1079.4,False,True
1784656817.472,617.7,1115.5,False,True
1784656818.656,618.9,1083.9,False,True
1784656819.266,619.5,509.5,False,True
1784656819.878,620.1,512.2,False,True
1784656821.056,621.3,1077.5,False,True
1784656822.239,622.5,1083.3,False,True
1784656823.424,623.6,1083.6,False,True
1784656824.042,624.3,518.0,False,True
1784656825.220,625.4,1077.2,False,True
1784656825.829,626.0,509.0,False,True
1784656827.456,627.7,1526.9,False,True
1784656827.679,627.9,122.4,False,True
1784656828.864,629.1,1085.4,True,True
1784656829.042,629.3,77.9,True,False
1784656829.204,629.4,61.3,True,False
1784656829.366,629.6,61.1,True,False
1784656829.977,630.2,510.8,True,True
1784656830.137,630.4,59.8,True,False
1784656830.297,630.5,60.2,True,False
1784656830.478,630.7,80.6,True,False
1784656830.638,630.9,59.5,True,False
1784656830.798,631.0,59.6,True,False
1784656830.959,631.2,60.4,True,False
1784656831.569,631.8,509.9,True,True
1784656831.742,632.0,72.5,True,False
1784656832.352,632.6,509.5,True,True
1784656832.540,632.8,87.2,True,False
1784656833.150,633.4,509.8,True,True
1784656833.310,633.5,60.0,True,False
1784656833.470,633.7,59.7,True,False
1784656833.631,633.9,60.2,True,False
1784656833.791,634.0,59.8,True,False
1784656833.950,634.2,59.7,True,False
1784656834.111,634.3,60.1,True,False
1784656834.271,634.5,59.9,True,False
1784656834.442,634.7,70.9,True,False
1784656834.603,634.8,60.3,True,False
1784656835.213,635.4,510.4,True,True
1784656835.375,635.6,60.8,True,False
1784656835.986,636.2,510.3,True,True
1784656836.146,636.4,60.1,True,False
1784656836.307,636.5,60.4,True,False
1784656836.917,637.1,510.7,True,True
1784656837.080,637.3,62.1,True,False
1784656837.241,637.5,61.6,True,False
1784656837.402,637.6,59.6,True,False
1784656837.561,637.8,59.4,True,False
1784656837.742,638.0,80.3,True,False
1784656838.352,638.6,510.4,True,True
1784656838.513,638.7,60.4,True,False
1784656838.673,638.9,60.2,True,False
1784656838.834,639.1,60.0,True,False
1784656838.994,639.2,59.8,True,False
1784656839.154,639.4,59.8,True,False
1784656839.316,639.5,61.6,True,False
1784656839.476,639.7,59.8,True,False
1784656840.086,640.3,510.0,True,True
1784656840.247,640.5,60.1,True,False
1784656840.407,640.6,60.2,True,False
1784656840.568,640.8,60.5,True,False
1784656840.749,641.0,81.2,True,False
1784656840.909,641.1,59.6,True,False
1784656841.070,641.3,60.2,True,False
1784656841.680,641.9,509.7,True,True
1784656841.841,642.1,61.3,True,False
1784656842.452,642.7,510.0,True,True
1784656842.612,642.8,59.9,True,False
1784656843.222,643.4,510.1,True,True
1784656843.383,643.6,60.0,True,False
1784656843.544,643.8,60.3,True,False
1784656844.156,644.4,511.8,True,True
1784656844.343,644.6,86.5,True,False
1784656844.953,645.2,510.2,True,True
1784656845.141,645.4,88.2,True,False
1784656845.302,645.5,60.6,True,False
1784656845.912,646.1,509.9,True,True
1784656846.075,646.3,61.9,True,False
1784656846.237,646.5,61.8,True,False
1784656846.848,647.1,510.6,True,True
1784656847.009,647.2,60.7,True,False
1784656847.640,647.9,531.2,True,True
1784656847.802,648.0,61.3,True,False
1784656848.414,648.6,511.3,True,True
1784656848.578,648.8,64.1,True,False
1784656849.191,649.4,512.3,True,True
1784656849.353,649.6,61.7,True,False
1784656849.967,650.2,513.5,True,True
1784656850.129,650.3,61.8,True,False
1784656850.741,651.0,512.2,True,True
1784656850.903,651.1,61.9,True,False
1784656851.542,651.8,537.6,True,True
1784656851.703,651.9,61.1,True,False
1784656851.863,652.1,60.2,True,False
1784656852.026,652.2,61.8,True,False
1784656852.187,652.4,61.3,True,False
1784656852.801,653.0,513.7,True,True
1784656852.964,653.2,63.2,True,False
1784656853.127,653.3,62.6,True,False
1784656853.289,653.5,61.7,True,False
1784656853.451,653.7,61.1,True,False
1784656854.061,654.3,510.3,True,True
1784656854.221,654.4,60.0,True,False
1784656854.383,654.6,61.0,True,False
1784656854.543,654.8,60.0,True,False
1784656855.155,655.4,512.0,True,True
1784656855.316,655.5,60.6,True,False
1784656855.925,656.1,509.3,True,True
1784656856.085,656.3,59.8,True,False
1784656856.696,656.9,510.4,True,True
1784656856.856,657.1,60.2,True,False
1784656857.467,657.7,510.1,True,True
1784656857.627,657.8,60.2,True,False
1784656858.241,658.5,512.9,True,True
1784656858.402,658.6,61.4,True,False
1784656858.565,658.8,62.4,True,False
1784656858.742,659.0,76.7,True,False
1784656858.903,659.1,60.7,True,False
1784656859.065,659.3,61.6,True,False
1784656859.241,659.5,75.4,True,False
1784656859.852,660.1,510.8,True,True
1784656860.041,660.3,89.1,True,False
1784656860.203,660.4,61.9,True,False
1784656860.814,661.0,509.8,True,True
1784656860.974,661.2,60.1,True,False
1784656861.584,661.8,509.8,True,True
1784656861.745,662.0,60.2,True,False
1784656862.355,662.6,510.2,True,True
1784656862.515,662.7,59.6,True,False
1784656862.677,662.9,61.8,True,False
1784656862.839,663.1,62.2,True,False
1784656863.000,663.2,60.1,True,False
1784656863.610,663.8,509.9,True,True
1784656863.777,664.0,66.7,True,False
1784656864.408,664.6,530.7,True,True
1784656864.568,664.8,59.8,True,False
1784656864.729,664.9,60.1,True,False
1784656864.890,665.1,60.3,True,False
1784656865.075,665.3,84.6,True,False
1784656865.235,665.5,59.8,True,False
1784656865.395,665.6,59.8,True,False
1784656865.556,665.8,60.0,True,False
1784656865.717,665.9,59.8,True,False
1784656865.877,666.1,59.7,True,False
1784656866.039,666.3,61.5,True,False
1784656866.649,666.9,509.4,True,True
1784656866.809,667.0,60.0,True,False
1784656866.969,667.2,59.9,True,False
1784656867.140,667.4,70.5,True,False
1784656867.300,667.5,60.1,True,False
1784656867.911,668.1,509.9,True,True
1784656868.071,668.3,60.0,True,False
1784656868.239,668.5,68.2,True,False
1784656868.399,668.6,60.2,True,False
1784656868.561,668.8,61.5,True,False
1784656869.174,669.4,512.0,True,True
1784656869.334,669.6,59.8,True,False
1784656869.494,669.7,59.9,True,False
1784656869.654,669.9,59.8,True,False
1784656869.815,670.0,59.7,True,False
1784656869.976,670.2,61.7,True,False
1784656870.139,670.4,62.7,True,False
1784656870.300,670.5,60.1,True,False
1784656870.460,670.7,60.2,True,False
1784656870.621,670.8,60.7,True,False
1784656870.782,671.0,60.3,True,False
1784656870.943,671.2,60.1,True,False
1784656871.553,671.8,509.8,True,True
1784656871.713,671.9,60.0,True,False
1784656871.876,672.1,62.5,True,False
1784656872.036,672.3,59.8,True,False
1784656872.197,672.4,60.6,True,False
1784656872.808,673.0,509.9,True,True
1784656872.968,673.2,59.9,True,False
1784656873.139,673.4,71.3,True,False
1784656873.300,673.5,60.2,True,False
1784656873.911,674.1,510.2,True,True
1784656874.076,674.3,65.4,True,False
1784656874.237,674.5,60.1,True,False
1784656874.397,674.6,60.1,True,False
1784656874.558,674.8,60.4,True,False
1784656874.738,675.0,79.5,True,False
1784656874.899,675.1,60.9,True,False
1784656875.060,675.3,60.6,True,False
1784656875.240,675.5,79.7,True,False
1784656875.850,676.1,510.1,True,True
1784656876.011,676.2,60.8,True,False
1784656876.639,676.9,527.7,True,True
1784656876.799,677.0,60.3,True,False
1784656876.959,677.2,59.8,True,False
1784656877.141,677.4,81.6,True,False
1784656877.302,677.5,60.3,True,False
1784656877.464,677.7,61.3,True,False
1784656878.077,678.3,513.4,True,True
1784656878.238,678.5,60.6,True,False
1784656878.848,679.1,509.6,True,True
1784656879.008,679.2,60.0,True,False
1784656879.640,679.9,531.5,True,True
1784656879.800,680.0,59.9,True,False
1784656880.412,680.6,511.5,True,True
1784656880.577,680.8,64.3,True,False
1784656880.739,681.0,62.0,True,False
1784656881.350,681.6,510.4,True,True
1784656881.511,681.7,60.5,True,False
1784656882.121,682.3,509.8,True,True
1784656882.281,682.5,59.8,True,False
1784656882.441,682.7,59.6,True,False
1784656882.602,682.8,60.6,True,False
1784656882.774,683.0,71.6,True,False
1784656882.934,683.2,59.5,True,False
1784656883.544,683.8,510.2,True,True
1784656883.705,683.9,60.2,True,False
1784656883.865,684.1,60.2,True,False
1784656884.026,684.2,60.1,True,False
1784656884.186,684.4,59.9,True,False
1784656884.346,684.6,60.1,True,False
1784656884.956,685.2,510.1,True,True
1784656885.116,685.3,59.6,True,False
1784656885.726,685.9,510.2,True,True
1784656885.887,686.1,60.8,True,False
1784656886.048,686.3,59.9,True,False
1784656886.208,686.4,59.8,True,False
1784656886.368,686.6,59.8,True,False
1784656886.529,686.7,60.3,True,False
1784656886.689,686.9,60.1,True,False
1784656887.299,687.5,510.1,True,True
1784656887.460,687.7,59.8,True,False
1784656888.070,688.3,510.4,True,True
1784656888.231,688.5,60.7,True,False
1784656888.392,688.6,60.3,True,False
1784656888.567,688.8,75.0,True,False
1784656889.178,689.4,510.7,True,True
1784656889.338,689.6,60.1,True,False
1784656889.949,690.2,510.4,True,True
1784656890.109,690.3,60.0,True,False
1784656890.269,690.5,60.3,True,False
1784656890.430,690.7,60.5,True,False
1784656891.041,691.3,510.8,True,True
1784656891.202,691.4,60.5,True,False
1784656891.363,691.6,60.0,True,False
1784656891.972,692.2,509.4,True,True
1784656892.133,692.4,60.0,True,False
1784656892.294,692.5,61.1,True,False
1784656892.457,692.7,62.9,True,False
1784656892.618,692.8,60.6,True,False
1784656892.779,693.0,60.1,True,False
1784656892.939,693.2,60.3,True,False
1784656893.550,693.8,510.2,True,True
1784656893.710,693.9,60.5,True,False
1784656894.321,694.5,510.9,True,True
1784656894.482,694.7,60.5,True,False
1784656894.643,694.9,60.4,True,False
1784656894.804,695.0,60.1,True,False
1784656894.964,695.2,60.1,True,False
1784656895.134,695.4,70.0,True,False
1784656895.294,695.5,59.8,True,False
1784656895.455,695.7,60.1,True,False
1784656895.615,695.8,59.8,True,False
1784656895.775,696.0,60.2,True,False
1784656896.386,696.6,510.3,True,True
1784656896.546,696.8,60.2,True,False
1784656897.156,697.4,509.7,True,True
1784656897.317,697.5,60.3,True,False
1784656897.928,698.1,510.0,True,True
1784656898.087,698.3,59.7,True,False
1784656898.698,698.9,510.3,True,True
1784656898.859,699.1,60.4,True,False
1784656899.470,699.7,510.3,True,True
1784656899.630,699.9,60.0,True,False
1784656900.240,700.5,510.1,True,True
1784656900.401,700.6,60.3,True,False
1784656901.012,701.2,510.2,True,True
1784656901.172,701.4,59.9,True,False
1784656901.783,702.0,509.9,True,True
1784656901.943,702.2,59.8,True,False
1784656902.553,702.8,509.9,True,True
1784656902.714,702.9,60.7,True,False
1784656902.874,703.1,59.9,True,False
1784656903.035,703.3,60.4,True,False
1784656903.196,703.4,60.6,True,False
1784656903.356,703.6,59.7,True,False
1784656903.516,703.7,60.0,True,False
1784656903.676,703.9,59.7,True,False
1784656903.837,704.1,60.4,True,False
1784656903.997,704.2,60.0,True,False
1784656904.608,704.8,510.2,True,True
1784656904.768,705.0,60.1,True,False
1784656905.379,705.6,510.0,True,True
1784656905.540,705.8,61.0,True,False
1784656905.701,705.9,60.4,True,False
1784656906.311,706.5,509.9,True,True
1784656906.471,706.7,59.9,True,False
1784656906.632,706.9,60.5,True,False
1784656906.792,707.0,60.0,True,False
1784656906.953,707.2,59.8,True,False
1784656907.112,707.3,59.5,True,False
1784656907.723,707.9,510.1,True,True
1784656907.883,708.1,60.0,True,False
1784656908.493,708.7,510.6,True,True
1784656908.654,708.9,60.3,True,False
1784656909.266,709.5,511.7,True,True
1784656909.426,709.6,59.8,True,False
1784656909.586,709.8,60.0,True,False
1784656909.747,710.0,60.2,True,False
1784656910.357,710.6,509.9,True,True
1784656910.519,710.7,61.6,True,False
1784656911.129,711.3,509.9,True,True
1784656911.289,711.5,59.9,True,False
1784656911.449,711.7,59.8,True,False
1784656911.610,711.8,61.3,True,False
1784656911.772,712.0,61.4,True,False
1784656912.382,712.6,509.8,True,True
1784656912.543,712.8,60.1,True,False
1784656913.153,713.4,510.3,True,True
1784656913.313,713.5,59.8,True,False
1784656913.924,714.1,510.5,True,True
1784656914.084,714.3,60.2,True,False
1784656914.705,714.9,520.0,True,True
1784656914.865,715.1,60.1,True,False
1784656915.025,715.2,60.2,True,False
1784656915.637,715.9,511.0,True,True
1784656915.797,716.0,60.7,True,False
1784656915.958,716.2,59.7,True,False
1784656916.118,716.3,59.8,True,False
1784656916.278,716.5,59.8,True,False
1784656916.438,716.7,60.4,True,False
1784656916.599,716.8,60.0,True,False
1784656917.209,717.4,509.9,True,True
1784656917.369,717.6,60.1,True,False
1784656917.530,717.8,60.3,True,False
1784656917.690,717.9,59.3,True,False
1784656918.301,718.5,510.4,True,True
1784656918.461,718.7,60.1,True,False
1784656918.621,718.8,59.7,True,False
1784656918.782,719.0,60.4,True,False
1784656919.393,719.6,510.5,True,True
1784656919.553,719.8,60.0,True,False
1784656919.714,719.9,60.1,True,False
1784656919.873,720.1,59.6,True,False
1784656920.034,720.3,60.3,True,False
1784656920.194,720.4,59.9,True,False
1784656920.806,721.0,511.1,True,True
1784656920.966,721.2,60.3,True,False
1784656921.127,721.3,60.4,True,False
1784656921.288,721.5,60.1,True,False
1784656921.448,721.7,60.2,True,False
1784656922.059,722.3,509.9,True,True
1784656922.219,722.4,60.2,True,False
1784656922.379,722.6,59.8,True,False
1784656922.540,722.8,60.3,True,False
1784656922.700,722.9,60.4,True,False
1784656922.861,723.1,60.3,True,False
1784656923.021,723.2,60.3,True,False
1784656923.181,723.4,59.7,True,False
1784656923.792,724.0,509.8,True,True
1784656923.952,724.2,60.1,True,False
1784656924.562,724.8,509.9,True,True
1784656924.723,724.9,60.8,True,False
1784656924.883,725.1,59.9,True,False
1784656925.043,725.3,60.0,True,False
1784656925.204,725.4,59.7,True,False
1784656925.364,725.6,60.3,True,False
1784656925.975,726.2,510.6,True,True
1784656926.135,726.4,59.6,True,False
1784656926.296,726.5,60.7,True,False
1784656926.456,726.7,60.2,True,False
1784656926.617,726.8,60.6,True,False
1784656927.236,727.5,518.8,True,True
1784656927.397,727.6,60.2,True,False
1784656927.558,727.8,60.5,True,False
1784656927.719,727.9,60.2,True,False
1784656927.880,728.1,61.1,True,False
1784656928.491,728.7,510.3,True,True
1784656928.651,728.9,60.3,True,False
1784656929.262,729.5,509.7,True,True
1784656929.422,729.6,59.9,True,False
1784656930.032,730.3,509.9,True,True
1784656930.193,730.4,60.3,True,False
1784656930.804,731.0,510.6,True,True
1784656930.965,731.2,60.8,True,False
1784656931.576,731.8,510.6,True,True
1784656931.737,732.0,60.0,True,False
1784656931.897,732.1,60.3,True,False
1784656932.058,732.3,60.2,True,False
1784656932.218,732.4,60.0,True,False
1784656932.378,732.6,59.7,True,False
1784656932.539,732.8,60.4,True,False
1784656932.699,732.9,60.0,True,False
1784656932.859,733.1,59.9,True,False
1784656933.019,733.2,60.2,True,False
1784656933.180,733.4,60.3,True,False
1784656933.340,733.6,59.7,True,False
1784656933.950,734.2,510.2,True,True
1784656934.110,734.3,59.7,True,False
1784656934.271,734.5,59.8,True,False
1784656934.431,734.7,60.0,True,False
1784656934.591,734.8,59.7,True,False
1784656934.752,735.0,60.1,True,False
1784656935.362,735.6,509.9,True,True
1784656935.522,735.7,60.0,True,False
1784656936.133,736.4,510.5,True,True
1784656936.295,736.5,61.4,True,False
1784656936.455,736.7,59.8,True,False
1784656936.615,736.8,59.9,True,False
1784656936.776,737.0,60.0,True,False
1784656936.937,737.2,60.6,True,False
1784656937.097,737.3,60.1,True,False
1784656937.257,737.5,60.4,True,False
1784656937.868,738.1,510.5,True,True
1784656938.029,738.2,60.1,True,False
1784656938.639,738.9,510.0,True,True
1784656938.799,739.0,59.7,True,False
1784656938.960,739.2,60.5,True,False
1784656939.120,739.3,60.0,True,False
1784656939.281,739.5,60.3,True,False
1784656939.441,739.7,60.2,True,False
1784656939.601,739.8,59.7,True,False
1784656940.211,740.4,509.7,True,True
1784656940.372,740.6,61.0,True,False
1784656940.982,741.2,510.0,True,True
1784656941.142,741.4,59.3,True,False
1784656941.753,742.0,510.3,True,True
1784656941.914,742.1,60.5,True,False
1784656944.525,744.7,2510.9,False,True
1784656947.137,747.4,2511.6,False,True
1784656949.750,750.0,2511.6,False,True
1784656951.912,752.1,2062.1,False,True
1784656954.074,754.3,2062.0,False,True
1784656954.234,754.5,59.6,False,True
1784656954.395,754.6,59.9,False,True
1784656954.554,754.8,59.1,False,True
1784656954.713,754.9,58.6,False,True
1784656955.322,755.5,509.0,False,True
1784656955.482,755.7,59.4,False,True
1784656955.642,755.9,59.8,False,True
1784656956.827,757.0,1083.8,False,True
1784656958.011,758.2,1083.7,False,True
1784656958.620,758.8,508.9,False,True
1784656960.250,760.5,1530.2,False,True
1784656960.409,760.6,58.9,False,True
1784656961.594,761.8,1084.5,False,True
1784656962.778,763.0,1083.9,False,True
1784656963.962,764.2,1083.5,False,True
1784656965.146,765.4,1083.8,False,True
1784656965.307,765.5,60.0,False,True
1784656966.938,767.2,1531.1,False,True
1784656968.122,768.3,1083.6,False,True
1784656968.746,769.0,523.9,False,True
1784656969.355,769.6,508.8,False,True
1784656970.970,771.2,1514.4,False,True
1784656972.154,772.4,1083.8,False,True
1784656972.316,772.5,61.1,False,True
1784656973.946,774.2,1529.6,False,True
1784656975.130,775.4,1083.7,False,True
1784656975.290,775.5,59.9,False,True
1784656976.474,776.7,1083.4,False,True
1784656977.658,777.9,1084.3,False,True
1784656978.267,778.5,509.0,False,True
1784656979.898,780.1,1529.4,False,True
1784656981.082,781.3,1084.1,False,True
1784656981.242,781.5,60.0,False,True
1784656982.426,782.6,1083.4,False,True
1784656983.609,783.8,1082.8,False,True
1784656984.797,785.0,1087.9,False,True
1784656985.407,785.6,509.7,False,True
1784656987.033,787.3,1525.6,False,True
1784656988.217,788.4,1083.9,False,True
1784656988.376,788.6,59.2,False,True
1784656989.561,789.8,1084.5,False,True
1784656990.745,791.0,1084.0,False,True
1784656991.354,791.6,508.9,False,True
1784656992.537,792.8,1082.5,False,True
1784656993.725,793.9,1087.7,False,True
1784656994.905,795.1,1079.8,False,True
1784656996.089,796.3,1083.8,False,True
1784656996.249,796.5,59.5,False,True
1784656997.885,798.1,1535.8,False,True
1784656999.068,799.3,1083.8,False,True
1784657000.249,800.5,1079.9,False,True
1784657000.408,800.6,59.4,False,True
1784657001.592,801.8,1083.5,False,True
1784657002.777,803.0,1083.9,False,True
1784657003.962,804.2,1084.7,True,True
1784657004.571,804.8,509.5,True,True
1784657004.937,805.2,265.1,True,True
1784657005.547,805.8,509.7,True,True
1784657005.909,806.1,262.2,True,True
1784657006.521,806.7,511.4,True,True
1784657008.681,808.9,2059.9,False,True
1784657009.291,809.5,509.7,True,True
1784657009.451,809.7,59.7,True,False
1784657009.612,809.8,60.0,True,False
1784657009.772,810.0,59.9,True,False
1784657009.932,810.2,59.9,True,False
1784657010.092,810.3,60.2,True,False
1784657010.253,810.5,60.0,True,False
1784657010.616,810.8,263.5,True,True
1784657011.226,811.4,509.9,True,True
1784657011.792,812.0,465.6,True,True
1784657011.953,812.2,60.3,True,False
1784657013.145,813.4,1091.7,True,True
1784657013.318,813.5,72.2,True,False
1784657014.133,814.4,714.6,True,True
1784657014.294,814.5,61.1,True,False
1784657014.904,815.1,509.9,True,True
1784657015.067,815.3,62.2,True,False
1784657015.259,815.5,91.9,True,False
1784657017.096,817.3,1736.5,True,True
1784657018.680,818.9,1483.8,True,True
1784657020.284,820.5,1503.8,True,True
1784657021.918,822.1,1533.5,True,True
1784657023.097,823.3,1079.2,True,True
1784657023.707,823.9,510.2,True,True
1784657024.889,825.1,1080.9,True,True
1784657025.252,825.5,262.8,True,True
1784657025.862,826.1,509.6,True,True
1784657026.022,826.2,60.3,True,False
1784657027.641,827.9,1518.3,True,True
1784657028.825,829.0,1083.5,True,True
1784657028.985,829.2,60.2,True,False
1784657030.617,830.8,1531.5,True,True
1784657030.777,831.0,60.6,True,False
1784657032.408,832.6,1530.9,True,True
1784657032.569,832.8,60.4,True,False
1784657033.180,833.4,510.6,True,True
1784657033.340,833.6,60.0,True,False
1784657033.500,833.7,60.3,True,False
1784657033.661,833.9,59.8,True,False
1784657033.821,834.0,60.0,True,False
1784657034.431,834.7,509.7,True,True
1784657034.591,834.8,59.6,True,False
1784657035.202,835.4,510.5,True,True
1784657035.363,835.6,60.7,True,False
1784657035.523,835.7,60.4,True,False
1784657036.134,836.4,510.2,True,True
1784657036.294,836.5,60.2,True,False
1784657036.454,836.7,59.8,True,False
1784657036.615,836.8,59.8,True,False
1784657037.225,837.4,510.0,True,True
1784657037.386,837.6,60.3,True,False
1784657037.997,838.2,511.2,True,True
1784657038.158,838.4,60.2,True,False
1784657038.768,839.0,510.4,True,True
1784657038.930,839.1,60.7,True,False
1784657039.542,839.8,511.7,True,True
1784657039.702,839.9,60.3,True,False
1784657040.313,840.5,510.3,True,True
1784657040.474,840.7,60.4,True,False
1784657041.084,841.3,509.3,True,True
1784657041.244,841.5,60.1,True,False
1784657041.854,842.1,509.8,True,True
1784657042.015,842.2,59.8,True,False
1784657042.625,842.8,509.9,True,True
1784657042.785,843.0,59.8,True,False
1784657042.945,843.2,59.9,True,False
1784657043.555,843.8,509.7,True,True
1784657043.715,843.9,60.6,True,False
1784657043.875,844.1,59.7,True,False
1784657044.037,844.3,61.3,True,False
1784657044.647,844.9,510.1,True,True
1784657044.808,845.0,60.9,True,False
1784657044.968,845.2,59.9,True,False
1784657045.129,845.3,60.1,True,False
1784657045.290,845.5,60.2,True,False
1784657045.451,845.7,60.5,True,False
1784657046.061,846.3,510.7,True,True
1784657046.221,846.4,59.9,True,False
1784657046.382,846.6,60.0,True,False
1784657046.542,846.8,59.5,True,False
1784657046.702,846.9,59.9,True,False
1784657047.313,847.5,511.2,True,True
1784657047.473,847.7,59.8,True,False
1784657047.633,847.9,59.6,True,False
1784657047.807,848.0,73.7,True,False
1784657048.418,848.6,510.3,True,True
1784657048.578,848.8,60.5,True,False
1784657049.189,849.4,510.1,True,True
1784657049.350,849.6,60.3,True,False
1784657049.961,850.2,510.5,True,True
1784657050.121,850.3,60.3,True,False
1784657050.732,851.0,510.1,True,True
1784657050.892,851.1,60.3,True,False
1784657051.503,851.7,510.5,True,True
1784657051.663,851.9,59.9,True,False
1784657051.823,852.0,60.4,True,False
1784657051.983,852.2,59.8,True,False
1784657052.145,852.4,61.0,True,False
1784657052.756,853.0,511.2,True,True
1784657052.916,853.1,60.0,True,False
1784657053.527,853.7,510.6,True,True
1784657053.688,853.9,60.6,True,False
1784657054.300,854.5,511.4,True,True
1784657054.461,854.7,61.2,True,False
1784657054.622,854.8,60.0,True,False
1784657054.782,855.0,60.1,True,False
1784657055.392,855.6,510.0,True,True
1784657055.552,855.8,59.9,True,False
1784657056.163,856.4,510.0,True,True
1784657056.324,856.5,60.6,True,False
1784657056.484,856.7,60.0,True,False
1784657056.644,856.9,59.9,True,False
1784657056.804,857.0,59.7,True,False
1784657056.965,857.2,60.7,True,False
1784657057.126,857.3,60.1,True,False
1784657057.286,857.5,59.9,True,False
1784657057.446,857.7,59.8,True,False
1784657057.607,857.8,59.8,True,False
1784657057.767,858.0,59.9,True,False
1784657058.377,858.6,510.2,True,True
1784657058.539,858.8,61.0,True,False
1784657058.698,858.9,59.5,True,False
1784657058.859,859.1,60.2,True,False
1784657059.019,859.2,59.5,True,False
1784657059.179,859.4,59.9,True,False
1784657059.789,860.0,510.0,True,True
1784657059.950,860.2,60.9,True,False
1784657060.110,860.3,59.8,True,False
1784657060.271,860.5,60.4,True,False
1784657060.432,860.7,61.0,True,False
1784657061.042,861.3,509.8,True,True
1784657061.203,861.4,60.3,True,False
1784657061.363,861.6,59.8,True,False
1784657061.973,862.2,510.3,True,True
1784657062.133,862.4,59.9,True,False
1784657062.297,862.5,62.9,True,False
1784657062.457,862.7,59.9,True,False
1784657063.067,863.3,509.9,True,True
1784657063.227,863.4,59.7,True,False
1784657063.838,864.1,510.1,True,True
1784657063.998,864.2,60.4,True,False
1784657064.158,864.4,59.9,True,False
1784657064.769,865.0,510.4,True,True
1784657064.930,865.2,60.2,True,False
1784657065.541,865.8,510.6,True,True
1784657065.702,865.9,60.5,True,False
1784657066.312,866.5,510.2,True,True
1784657066.472,866.7,59.8,True,False
1784657066.633,866.9,60.4,True,False
1784657066.793,867.0,60.4,True,False
1784657066.953,867.2,59.6,True,False
1784657067.113,867.3,59.7,True,False
1784657067.273,867.5,59.7,True,False
1784657067.433,867.7,59.7,True,False
1784657068.043,868.3,510.3,True,True
1784657068.204,868.4,60.7,True,False
1784657068.366,868.6,61.3,True,False
1784657068.527,868.7,60.7,True,False
1784657068.688,868.9,61.2,True,False
1784657068.849,869.1,60.1,True,False
1784657069.009,869.2,60.0,True,False
1784657069.171,869.4,61.4,True,False
1784657069.331,869.6,60.0,True,False
1784657069.492,869.7,60.2,True,False
1784657069.653,869.9,60.5,True,False
1784657069.813,870.0,59.9,True,False
1784657069.973,870.2,59.9,True,False
1784657070.134,870.4,61.0,True,False
1784657070.294,870.5,59.4,True,False
1784657070.454,870.7,59.9,True,False
1784657070.615,870.8,60.1,True,False
1784657070.776,871.0,61.2,True,False
1784657070.936,871.2,59.9,True,False
1784657071.097,871.3,59.9,True,False
1784657071.258,871.5,60.9,True,False
1784657071.419,871.6,60.1,True,False
1784657071.579,871.8,60.0,True,False
1784657071.740,872.0,60.0,True,False
1784657071.900,872.1,59.8,True,False
1784657072.510,872.7,510.3,True,True
1784657072.672,872.9,62.2,True,False
1784657072.833,873.1,60.0,True,False
1784657073.443,873.7,510.2,True,True
1784657073.603,873.8,59.7,True,False
1784657073.764,874.0,60.1,True,False
1784657073.924,874.1,59.7,True,False
1784657074.534,874.8,509.9,True,True
1784657074.694,874.9,59.9,True,False
1784657075.304,875.5,509.6,True,True
1784657075.464,875.7,59.8,True,False
1784657075.624,875.8,60.0,True,False
1784657076.235,876.5,510.0,True,True
1784657076.394,876.6,59.7,True,False
1784657076.554,876.8,59.7,True,False
1784657076.715,876.9,60.1,True,False
1784657076.875,877.1,59.9,True,False
1784657077.035,877.3,60.1,True,False
1784657077.196,877.4,60.0,True,False
1784657077.356,877.6,60.4,True,False
1784657077.517,877.7,60.2,True,False
1784657077.678,877.9,60.9,True,False
1784657078.288,878.5,510.2,True,True
1784657078.449,878.7,60.0,True,False
1784657079.059,879.3,510.3,True,True
1784657079.219,879.4,60.2,True,False
1784657079.380,879.6,60.2,True,False
1784657079.540,879.8,59.9,True,False
1784657080.150,880.4,509.4,True,True
1784657080.311,880.5,60.4,True,False
1784657080.471,880.7,59.8,True,False
1784657080.631,880.9,59.8,True,False
1784657080.792,881.0,60.2,True,False
1784657081.402,881.6,509.7,True,True
1784657081.562,881.8,60.1,True,False
1784657081.723,881.9,60.5,True,False
1784657081.883,882.1,59.7,True,False
1784657082.044,882.3,60.3,True,False
1784657082.654,882.9,510.5,True,True
1784657082.814,883.0,59.6,True,False
1784657082.974,883.2,59.8,True,False
1784657083.152,883.4,77.5,True,False
1784657083.762,884.0,509.8,True,True
1784657083.922,884.1,59.4,True,False
1784657084.083,884.3,61.0,True,False
1784657084.244,884.5,59.8,True,False
1784657084.404,884.6,59.8,True,False
1784657084.564,884.8,59.8,True,False
1784657084.724,884.9,60.1,True,False
1784657085.334,885.6,509.9,True,True
1784657085.494,885.7,59.7,True,False
1784657086.106,886.3,510.9,True,True
1784657086.267,886.5,60.7,True,False
1784657086.877,887.1,509.9,True,True
1784657087.037,887.3,59.9,True,False
1784657087.197,887.4,59.9,True,False
1784657087.357,887.6,60.1,True,False
1784657087.969,888.2,511.0,True,True
1784657088.129,888.3,60.1,True,False
1784657088.740,889.0,510.3,True,True
1784657088.900,889.1,59.5,True,False
1784657089.510,889.7,509.7,True,True
1784657089.671,889.9,60.7,True,False
1784657090.282,890.5,510.0,True,True
1784657090.443,890.7,60.7,True,False
1784657091.054,891.3,511.0,True,True
1784657091.214,891.4,59.6,True,False
1784657091.824,892.0,510.3,True,True
1784657091.986,892.2,61.4,True,False
1784657092.147,892.4,60.6,True,False
1784657092.307,892.5,60.0,True,False
1784657092.468,892.7,60.1,True,False
1784657092.627,892.8,59.6,True,False
1784657092.787,893.0,59.6,True,False
1784657092.947,893.2,60.1,True,False
1784657093.107,893.3,59.7,True,False
1784657093.268,893.5,59.7,True,False
1784657093.878,894.1,510.2,True,True
1784657094.038,894.3,59.8,True,False
1784657094.648,894.9,509.9,True,True
1784657094.808,895.0,59.9,True,False
1784657094.968,895.2,59.7,True,False
1784657095.128,895.3,59.4,True,False
1784657095.739,896.0,510.6,True,True
1784657095.910,896.1,71.2,True,False
1784657096.521,896.7,510.3,True,True
1784657096.682,896.9,60.1,True,False
1784657096.859,897.1,77.3,True,False
1784657097.470,897.7,510.3,True,True
1784657097.630,897.9,59.8,True,False
1784657098.241,898.5,510.1,True,True
1784657098.401,898.6,59.9,True,False
1784657098.561,898.8,59.7,True,False
1784657098.734,899.0,73.4,True,False
1784657098.894,899.1,59.7,True,False
1784657099.056,899.3,60.9,True,False
1784657099.216,899.4,59.8,True,False
1784657099.826,900.0,510.0,True,True
1784657099.986,900.2,59.8,True,False
1784657100.146,900.4,59.6,True,False
1784657100.306,900.5,59.6,True,False
1784657100.466,900.7,59.8,True,False
1784657101.076,901.3,509.6,True,True
1784657101.236,901.5,59.7,True,False
1784657101.396,901.6,60.0,True,False
1784657101.557,901.8,59.8,True,False
1784657102.168,902.4,510.7,True,True
1784657102.328,902.5,60.6,True,False
1784657102.489,902.7,60.3,True,False
1784657102.649,902.9,59.9,True,False
1784657102.810,903.0,60.3,True,False
1784657102.971,903.2,61.0,True,False
1784657103.149,903.4,77.3,True,False
1784657103.311,903.5,61.4,True,False
1784657103.471,903.7,59.8,True,False
1784657103.644,903.9,73.2,True,False
1784657103.805,904.0,59.7,True,False
1784657104.415,904.6,509.6,True,True
1784657104.575,904.8,59.8,True,False
1784657105.185,905.4,510.2,True,True
1784657105.347,905.6,61.3,True,False
1784657105.507,905.7,60.5,True,False
1784657105.669,905.9,61.3,True,False
1784657106.279,906.5,510.0,True,True
1784657106.439,906.7,59.7,True,False
1784657106.599,906.8,59.5,True,False
1784657106.759,907.0,59.9,True,False
1784657106.919,907.1,59.6,True,False
1784657107.082,907.3,62.1,True,False
1784657107.242,907.5,60.0,True,False
1784657107.854,908.1,511.2,True,True
1784657108.014,908.2,59.8,True,False
1784657108.174,908.4,59.7,True,False
1784657108.335,908.6,60.7,True,False
1784657108.496,908.7,60.7,True,False
1784657108.658,908.9,61.9,True,False
1784657108.818,909.0,59.7,True,False
1784657108.978,909.2,59.7,True,False
1784657109.139,909.4,60.0,True,False
1784657109.299,909.5,59.7,True,False
1784657109.459,909.7,59.7,True,False
1784657109.619,909.8,60.4,True,False
1784657109.780,910.0,60.0,True,False
1784657109.940,910.2,59.6,True,False
1784657110.100,910.3,59.9,True,False
1784657110.260,910.5,59.8,True,False
1784657110.421,910.6,60.3,True,False
1784657110.580,910.8,59.2,True,False
1784657110.741,911.0,60.5,True,False
1784657110.901,911.1,59.7,True,False
1784657111.061,911.3,60.1,True,False
1784657111.222,911.4,59.8,True,False
1784657111.832,912.1,510.0,True,True
1784657111.992,912.2,60.3,True,False
1784657112.153,912.4,60.1,True,False
1784657112.314,912.5,60.7,True,False
1784657112.475,912.7,60.5,True,False
1784657112.635,912.9,60.1,True,False
1784657112.796,913.0,60.0,True,False
1784657113.406,913.6,510.0,True,True
1784657113.566,913.8,60.0,True,False
1784657114.177,914.4,510.2,True,True
1784657114.337,914.6,60.2,True,False
1784657114.498,914.7,60.3,True,False
1784657114.658,914.9,60.0,True,False
1784657114.818,915.0,59.9,True,False
1784657115.429,915.6,509.8,True,True
1784657115.588,915.8,59.6,True,False
1784657116.198,916.4,509.8,True,True
1784657116.359,916.6,60.2,True,False
1784657116.520,916.7,60.3,True,False
1784657116.681,916.9,59.8,True,False
1784657117.291,917.5,510.0,True,True
1784657117.452,917.7,60.4,True,False
1784657117.613,917.8,61.1,True,False
1784657117.773,918.0,59.9,True,False
1784657117.934,918.2,60.3,True,False
1784657118.096,918.3,61.5,True,False
1784657118.256,918.5,60.0,True,False
1784657118.417,918.6,60.1,True,False
1784657118.577,918.8,59.5,True,False
1784657119.187,919.4,510.2,True,True
1784657119.348,919.6,60.3,True,False
1784657119.508,919.7,59.9,True,False
1784657120.118,920.3,509.8,True,True
1784657120.278,920.5,59.9,True,False
1784657120.889,921.1,509.9,True,True
1784657121.049,921.3,59.7,True,False
1784657121.209,921.4,60.5,True,False
1784657121.382,921.6,72.1,True,False
1784657121.542,921.8,59.8,True,False
1784657121.702,921.9,60.0,True,False
1784657122.313,922.5,510.5,True,True
1784657122.474,922.7,60.1,True,False
1784657122.634,922.9,59.9,True,False
1784657123.244,923.5,510.1,True,True
1784657123.404,923.6,59.9,True,False
1784657124.014,924.2,510.0,True,True
1784657124.175,924.4,59.7,True,False
1784657124.784,925.0,509.4,True,True
1784657124.945,925.2,60.1,True,False
1784657125.105,925.3,60.4,True,False
1784657125.266,925.5,60.1,True,False
1784657125.876,926.1,509.9,True,True
1784657126.036,926.3,59.6,True,False
1784657126.197,926.4,60.3,True,False
1784657126.807,927.0,510.1,True,True
1784657126.968,927.2,61.1,True,False
1784657127.129,927.3,60.7,True,False
1784657127.291,927.5,61.2,True,False
1784657127.452,927.7,60.2,True,False
1784657127.612,927.8,60.3,True,False
1784657127.772,928.0,60.2,True,False
1784657128.383,928.6,510.4,True,True
1784657128.544,928.8,60.4,True,False
1784657129.156,929.4,511.9,True,True
1784657129.318,929.5,61.8,True,False
1784657129.479,929.7,60.8,True,False
1784657129.639,929.9,59.8,True,False
1784657129.800,930.0,59.9,True,False
1784657129.961,930.2,60.8,True,False
1784657130.122,930.3,60.3,True,False
1784657130.282,930.5,60.4,True,False
1784657130.894,931.1,510.7,True,True
1784657131.055,931.3,60.6,True,False
1784657131.665,931.9,510.2,True,True
1784657131.825,932.0,59.8,True,False
1784657131.985,932.2,59.9,True,False
1784657132.145,932.4,59.7,True,False
1784657132.306,932.5,60.6,True,False
1784657132.466,932.7,60.2,True,False
1784657133.077,933.3,510.0,True,True
1784657133.238,933.5,60.4,True,False
1784657133.398,933.6,60.4,True,False
1784657133.558,933.8,59.9,True,False
1784657133.718,933.9,60.0,True,False
1784657133.878,934.1,59.6,True,False
1784657134.040,934.3,60.9,True,False
1784657134.650,934.9,510.1,True,True
1784657134.811,935.0,60.3,True,False
1784657135.432,935.7,520.7,True,True
1784657135.594,935.8,61.6,True,False
1784657135.771,936.0,76.8,True,False
1784657135.942,936.2,70.8,True,False
1784657136.553,936.8,511.4,True,True
1784657136.715,936.9,61.1,True,False
1784657137.325,937.5,510.0,True,True
1784657137.486,937.7,60.0,True,False
1784657138.096,938.3,509.7,True,True
1784657138.257,938.5,60.9,True,False
1784657138.867,939.1,509.6,True,True
1784657139.028,939.2,60.6,True,False
1784657139.188,939.4,60.0,True,False
1784657139.349,939.6,60.9,True,False
1784657139.960,940.2,510.4,True,True
1784657140.121,940.3,60.6,True,False
1784657140.732,941.0,510.3,True,True
1784657140.892,941.1,59.9,True,False
1784657141.502,941.7,509.5,True,True
1784657141.662,941.9,60.1,True,False
1784657141.822,942.0,59.6,True,False
1784657142.433,942.7,510.7,True,True
1784657142.593,942.8,60.1,True,False
1784657142.774,943.0,80.5,True,False
1784657143.385,943.6,510.4,True,True
1784657143.547,943.8,61.0,True,False
1784657144.158,944.4,510.8,True,True
1784657144.318,944.5,60.1,True,False
1784657144.478,944.7,59.8,True,False
1784657144.639,944.9,60.3,True,False
1784657144.799,945.0,60.3,True,False
1784657144.960,945.2,59.9,True,False
1784657145.121,945.3,60.4,True,False
1784657145.282,945.5,60.3,True,False
1784657145.893,946.1,511.2,True,True
1784657146.054,946.3,60.6,True,False
1784657146.665,946.9,510.2,True,True
1784657146.825,947.0,60.3,True,False
1784657147.435,947.7,509.9,True,True
1784657147.596,947.8,60.3,True,False
1784657148.206,948.4,509.7,True,True
1784657148.367,948.6,60.0,True,False
1784657148.977,949.2,509.8,True,True
1784657149.137,949.4,59.8,True,False
1784657149.748,950.0,509.8,True,True
