ts,elapsed_s,latency_ms,ok,sla_violated
1784651713.216,0.1,88.2,True,False
1784651713.400,0.3,83.5,True,False
1784651713.560,0.4,59.5,True,False
1784651713.738,0.6,78.1,True,False
1784651713.898,0.8,59.8,True,False
1784651714.059,0.9,60.8,True,False
1784651714.220,1.1,61.0,True,False
1784651714.380,1.3,59.4,True,False
1784651714.539,1.4,58.7,True,False
1784651714.698,1.6,58.9,True,False
1784651714.857,1.7,58.6,True,False
1784651715.039,1.9,81.3,True,False
1784651715.198,2.1,59.6,True,False
1784651715.358,2.2,59.6,True,False
1784651715.517,2.4,58.8,True,False
1784651715.677,2.5,59.4,True,False
1784651715.837,2.7,59.4,True,False
1784651716.012,2.9,74.5,True,False
1784651716.172,3.0,60.3,True,False
1784651716.332,3.2,59.8,True,False
1784651716.492,3.4,59.5,True,False
1784651716.652,3.5,59.3,True,False
1784651716.811,3.7,58.7,True,False
1784651716.972,3.8,61.1,True,False
1784651717.132,4.0,59.3,True,False
1784651717.294,4.2,62.3,True,False
1784651717.454,4.3,59.7,True,False
1784651717.614,4.5,59.2,True,False
1784651717.773,4.6,59.1,True,False
1784651717.932,4.8,58.9,True,False
1784651718.092,5.0,58.8,True,False
1784651718.250,5.1,58.7,True,False
1784651718.410,5.3,59.2,True,False
1784651718.569,5.4,59.3,True,False
1784651718.742,5.6,72.7,True,False
1784651718.902,5.8,59.4,True,False
1784651719.061,5.9,59.0,True,False
1784651719.221,6.1,59.7,True,False
1784651719.395,6.3,73.7,True,False
1784651719.555,6.4,58.8,True,False
1784651719.714,6.6,58.6,True,False
1784651719.888,6.8,73.9,True,False
1784651720.047,6.9,58.8,True,False
1784651720.230,7.1,82.4,True,False
1784651720.390,7.3,59.8,True,False
1784651720.550,7.4,59.6,True,False
1784651720.710,7.6,59.1,True,False
1784651720.869,7.7,58.8,True,False
1784651721.050,7.9,80.7,True,False
1784651721.209,8.1,58.6,True,False
1784651721.368,8.2,58.9,True,False
1784651721.527,8.4,58.9,True,False
1784651721.687,8.6,59.0,True,False
1784651721.846,8.7,59.2,True,False
1784651722.006,8.9,59.6,True,False
1784651722.166,9.0,59.1,True,False
1784651722.326,9.2,60.2,True,False
1784651722.486,9.4,59.4,True,False
1784651722.647,9.5,60.0,True,False
1784651722.807,9.7,59.3,True,False
1784651722.966,9.8,59.3,True,False
1784651723.126,10.0,59.5,True,False
1784651723.285,10.2,58.7,True,False
1784651723.445,10.3,59.4,True,False
1784651723.605,10.5,59.5,True,False
1784651723.764,10.6,58.7,True,False
1784651723.923,10.8,59.0,True,False
1784651724.083,11.0,59.1,True,False
1784651724.242,11.1,58.9,True,False
1784651724.412,11.3,70.3,True,False
1784651724.572,11.4,59.0,True,False
1784651724.731,11.6,58.8,True,False
1784651724.890,11.8,59.1,True,False
1784651725.049,11.9,58.8,True,False
1784651725.208,12.1,59.2,True,False
1784651725.367,12.2,58.8,True,False
1784651725.527,12.4,59.4,True,False
1784651725.695,12.6,68.1,True,False
1784651725.855,12.7,59.4,True,False
1784651726.014,12.9,58.6,True,False
1784651726.188,13.1,73.8,True,False
1784651726.348,13.2,59.2,True,False
1784651726.528,13.4,80.1,True,False
1784651726.687,13.6,58.9,True,False
1784651726.847,13.7,59.5,True,False
1784651727.006,13.9,58.8,True,False
1784651727.165,14.0,58.9,True,False
1784651727.325,14.2,59.2,True,False
1784651727.484,14.4,59.2,True,False
1784651727.662,14.5,77.8,True,False
1784651727.822,14.7,59.3,True,False
1784651727.981,14.9,59.1,True,False
1784651728.157,15.0,76.2,True,False
1784651728.316,15.2,58.5,True,False
1784651728.499,15.4,82.3,True,False
1784651728.658,15.5,58.5,True,False
1784651728.837,15.7,79.4,True,False
1784651728.996,15.9,58.9,True,False
1784651729.155,16.0,58.5,True,False
1784651729.331,16.2,75.0,True,False
1784651729.490,16.4,59.4,True,False
1784651729.649,16.5,58.9,True,False
1784651729.809,16.7,59.3,True,False
1784651729.969,16.8,59.6,True,False
1784651730.128,17.0,59.2,True,False
1784651730.302,17.2,73.8,True,False
1784651730.461,17.3,59.0,True,False
1784651730.643,17.5,81.1,True,False
1784651730.802,17.7,59.5,True,False
1784651730.962,17.8,59.7,True,False
1784651731.121,18.0,58.9,True,False
1784651731.281,18.2,58.9,True,False
1784651731.440,18.3,59.0,True,False
1784651731.599,18.5,58.7,True,False
1784651731.760,18.6,60.2,True,False
1784651731.942,18.8,82.7,True,False
1784651732.113,19.0,70.9,True,False
1784651732.283,19.2,69.2,True,False
1784651732.441,19.3,58.7,True,False
1784651732.601,19.5,58.7,True,False
1784651732.760,19.6,58.8,True,False
1784651732.919,19.8,59.0,True,False
1784651733.079,20.0,58.8,True,False
1784651733.238,20.1,59.0,True,False
1784651733.397,20.3,59.1,True,False
1784651733.557,20.4,59.2,True,False
1784651733.715,20.6,58.5,True,False
1784651733.875,20.7,59.3,True,False
1784651734.034,20.9,59.1,True,False
1784651734.194,21.1,59.3,True,False
1784651734.353,21.2,59.2,True,False
1784651734.513,21.4,59.2,True,False
1784651734.675,21.5,61.6,True,False
1784651734.834,21.7,59.2,True,False
1784651734.993,21.9,58.8,True,False
1784651735.153,22.0,59.1,True,False
1784651735.312,22.2,59.2,True,False
1784651735.471,22.3,59.0,True,False
1784651735.649,22.5,78.3,True,False
1784651735.809,22.7,58.8,True,False
1784651735.968,22.8,59.4,True,False
1784651736.128,23.0,59.6,True,False
1784651736.289,23.2,60.0,True,False
1784651736.448,23.3,59.0,True,False
1784651736.608,23.5,59.1,True,False
1784651736.767,23.6,58.8,True,False
1784651736.926,23.8,59.3,True,False
1784651737.086,24.0,58.9,True,False
1784651737.260,24.1,74.1,True,False
1784651737.420,24.3,59.4,True,False
1784651737.579,24.5,58.9,True,False
1784651737.738,24.6,59.0,True,False
1784651737.907,24.8,68.9,True,False
1784651738.066,24.9,59.4,True,False
1784651738.225,25.1,58.5,True,False
1784651738.384,25.3,59.0,True,False
1784651738.544,25.4,59.1,True,False
1784651738.703,25.6,59.2,True,False
1784651738.862,25.7,58.6,True,False
1784651739.021,25.9,59.1,True,False
1784651739.180,26.1,58.9,True,False
1784651739.340,26.2,58.9,True,False
1784651739.499,26.4,58.9,True,False
1784651739.658,26.5,58.7,True,False
1784651739.817,26.7,59.0,True,False
1784651739.977,26.8,59.8,True,False
1784651740.155,27.0,78.1,True,False
1784651740.314,27.2,58.6,True,False
1784651740.473,27.3,59.1,True,False
1784651740.633,27.5,59.4,True,False
1784651740.792,27.7,59.0,True,False
1784651740.951,27.8,59.3,True,False
1784651741.128,28.0,75.9,True,False
1784651741.296,28.2,67.8,True,False
1784651741.456,28.3,60.0,True,False
1784651741.616,28.5,59.4,True,False
1784651741.776,28.6,59.0,True,False
1784651741.935,28.8,59.6,True,False
1784651742.116,29.0,80.1,True,False
1784651742.276,29.1,59.7,True,False
1784651742.435,29.3,59.4,True,False
1784651742.594,29.5,58.6,True,False
1784651742.753,29.6,59.1,True,False
1784651742.913,29.8,58.8,True,False
1784651743.072,29.9,59.2,True,False
1784651743.231,30.1,58.7,True,False
1784651743.390,30.3,59.0,True,False
1784651743.550,30.4,59.3,True,False
1784651743.725,30.6,74.9,True,False
1784651743.885,30.8,59.2,True,False
1784651744.046,30.9,60.7,True,False
1784651744.207,31.1,60.1,True,False
1784651744.367,31.2,59.3,True,False
1784651744.526,31.4,59.5,True,False
1784651744.686,31.6,59.5,True,False
1784651744.846,31.7,59.5,True,False
1784651745.005,31.9,59.2,True,False
1784651745.165,32.0,59.5,True,False
1784651745.325,32.2,59.3,True,False
1784651745.485,32.4,59.6,True,False
1784651745.645,32.5,59.2,True,False
1784651745.804,32.7,59.3,True,False
1784651745.964,32.8,59.3,True,False
1784651746.123,33.0,59.1,True,False
1784651746.283,33.2,60.2,True,False
1784651746.443,33.3,59.5,True,False
1784651746.603,33.5,59.7,True,False
1784651746.764,33.6,60.7,True,False
1784651746.924,33.8,59.8,True,False
1784651747.083,34.0,59.1,True,False
1784651747.242,34.1,59.1,True,False
1784651747.401,34.3,59.1,True,False
1784651747.561,34.4,59.0,True,False
1784651747.720,34.6,58.6,True,False
1784651747.879,34.8,58.6,True,False
1784651748.038,34.9,58.9,True,False
1784651748.197,35.1,59.1,True,False
1784651748.356,35.2,58.8,True,False
1784651748.516,35.4,59.2,True,False
1784651748.675,35.5,58.9,True,False
1784651748.835,35.7,59.5,True,False
1784651748.994,35.9,59.0,True,False
1784651749.153,36.0,59.1,True,False
1784651749.313,36.2,58.9,True,False
1784651749.472,36.3,59.3,True,False
1784651749.642,36.5,68.9,True,False
1784651749.801,36.7,58.8,True,False
1784651749.960,36.8,58.7,True,False
1784651750.137,37.0,77.0,True,False
1784651750.297,37.2,59.3,True,False
1784651750.459,37.3,62.0,True,False
1784651750.631,37.5,71.9,True,False
1784651750.790,37.7,59.0,True,False
1784651750.949,37.8,58.5,True,False
1784651751.109,38.0,59.9,True,False
1784651751.269,38.1,59.6,True,False
1784651751.429,38.3,59.3,True,False
1784651751.589,38.5,59.5,True,False
1784651751.750,38.6,60.6,True,False
1784651751.910,38.8,59.3,True,False
1784651752.069,38.9,59.2,True,False
1784651752.229,39.1,59.3,True,False
1784651752.388,39.3,59.4,True,False
1784651752.548,39.4,59.5,True,False
1784651752.708,39.6,59.4,True,False
1784651752.867,39.7,59.0,True,False
1784651753.027,39.9,59.8,True,False
1784651753.186,40.1,59.2,True,False
1784651753.347,40.2,60.1,True,False
1784651753.506,40.4,59.0,True,False
1784651753.665,40.5,58.7,True,False
1784651753.825,40.7,59.6,True,False
1784651753.985,40.9,58.9,True,False
1784651754.144,41.0,59.6,True,False
1784651754.326,41.2,81.3,True,False
1784651754.485,41.4,58.7,True,False
1784651754.644,41.5,59.5,True,False
1784651754.804,41.7,59.3,True,False
1784651754.963,41.8,58.9,True,False
1784651755.122,42.0,58.8,True,False
1784651755.282,42.2,58.9,True,False
1784651755.458,42.3,76.2,True,False
1784651755.617,42.5,59.0,True,False
1784651755.777,42.6,58.9,True,False
1784651755.955,42.8,77.6,True,False
1784651756.114,43.0,59.3,True,False
1784651756.274,43.1,59.5,True,False
1784651756.434,43.3,59.3,True,False
1784651756.593,43.5,59.2,True,False
1784651756.753,43.6,59.4,True,False
1784651756.912,43.8,59.3,True,False
1784651757.072,43.9,59.1,True,False
1784651757.253,44.1,81.0,True,False
1784651757.424,44.3,70.3,True,False
1784651757.584,44.5,59.7,True,False
1784651757.744,44.6,59.0,True,False
1784651757.903,44.8,59.0,True,False
1784651758.063,44.9,59.2,True,False
1784651758.243,45.1,80.5,True,False
1784651758.403,45.3,59.2,True,False
1784651758.584,45.5,81.3,True,False
1784651758.744,45.6,59.3,True,False
1784651758.903,45.8,59.3,True,False
1784651759.063,45.9,59.0,True,False
1784651759.231,46.1,68.4,True,False
1784651759.390,46.3,59.0,True,False
1784651759.550,46.4,59.6,True,False
1784651759.709,46.6,59.0,True,False
1784651759.869,46.7,58.8,True,False
1784651760.029,46.9,59.7,True,False
1784651760.188,47.1,58.9,True,False
1784651760.358,47.2,69.1,True,False
1784651760.517,47.4,58.7,True,False
1784651760.678,47.5,59.8,True,False
1784651760.854,47.7,75.8,True,False
1784651761.025,47.9,71.1,True,False
1784651761.185,48.1,59.5,True,False
1784651761.344,48.2,59.0,True,False
1784651761.504,48.4,58.9,True,False
1784651761.677,48.5,73.1,True,False
1784651761.837,48.7,58.9,True,False
1784651761.996,48.9,59.1,True,False
1784651762.156,49.0,59.2,True,False
1784651762.316,49.2,59.4,True,False
1784651762.475,49.3,59.1,True,False
1784651762.635,49.5,59.6,True,False
1784651762.795,49.7,59.3,True,False
1784651762.954,49.8,59.2,True,False
1784651763.129,50.0,74.9,True,False
1784651763.289,50.2,59.0,True,False
1784651763.448,50.3,58.8,True,False
1784651763.606,50.5,58.8,True,False
1784651763.767,50.6,59.9,True,False
1784651763.927,50.8,59.5,True,False
1784651764.087,51.0,59.3,True,False
1784651764.246,51.1,59.4,True,False
1784651764.406,51.3,59.3,True,False
1784651764.565,51.4,58.7,True,False
1784651764.725,51.6,58.8,True,False
1784651764.884,51.8,59.1,True,False
1784651765.044,51.9,59.2,True,False
1784651765.203,52.1,59.2,True,False
1784651765.363,52.2,59.0,True,False
1784651765.522,52.4,58.5,True,False
1784651765.681,52.6,58.9,True,False
1784651765.842,52.7,60.5,True,False
1784651766.001,52.9,59.2,True,False
1784651766.160,53.0,58.7,True,False
1784651766.330,53.2,69.1,True,False
1784651766.500,53.4,70.3,True,False
1784651766.660,53.5,59.6,True,False
1784651766.820,53.7,59.2,True,False
1784651766.979,53.9,58.7,True,False
1784651767.138,54.0,59.0,True,False
1784651767.306,54.2,68.1,True,False
1784651767.474,54.3,67.8,True,False
1784651767.633,54.5,58.8,True,False
1784651767.816,54.7,82.2,True,False
1784651767.976,54.8,59.6,True,False
1784651768.135,55.0,58.7,True,False
1784651768.310,55.2,75.3,True,False
1784651768.481,55.4,70.4,True,False
1784651768.651,55.5,69.9,True,False
1784651768.810,55.7,58.7,True,False
1784651768.969,55.8,59.3,True,False
1784651769.128,56.0,58.9,True,False
1784651769.288,56.2,59.6,True,False
1784651769.458,56.3,69.3,True,False
1784651769.617,56.5,58.8,True,False
1784651769.776,56.6,58.9,True,False
1784651769.935,56.8,59.4,True,False
1784651770.094,57.0,58.9,True,False
1784651770.253,57.1,58.7,True,False
1784651770.412,57.3,58.7,True,False
1784651770.571,57.4,58.9,True,False
1784651770.730,57.6,58.8,True,False
1784651770.890,57.8,59.0,True,False
1784651771.049,57.9,59.7,True,False
1784651771.209,58.1,58.9,True,False
1784651771.368,58.2,58.7,True,False
1784651771.527,58.4,59.2,True,False
1784651771.686,58.6,58.6,True,False
1784651771.845,58.7,58.5,True,False
1784651772.004,58.9,58.8,True,False
1784651772.182,59.1,77.8,True,False
1784651772.342,59.2,59.3,True,False
1784651772.521,59.4,79.5,True,False
1784651772.681,59.6,59.1,True,False
1784651772.840,59.7,58.7,True,False
1784651772.999,59.9,59.4,True,False
1784651773.160,60.0,60.6,True,False
1784651773.320,60.2,58.9,True,False
1784651773.479,60.4,59.1,True,False
1784651773.638,60.5,58.8,True,False
1784651773.798,60.7,58.8,True,False
1784651773.956,60.8,58.8,True,False
1784651774.116,61.0,59.0,True,False
1784651774.276,61.1,59.6,True,False
1784651774.435,61.3,58.7,True,False
1784651774.594,61.5,58.6,True,False
1784651774.766,61.6,72.3,True,False
1784651774.925,61.8,58.9,True,False
1784651775.085,62.0,59.1,True,False
1784651775.244,62.1,58.7,True,False
1784651775.404,62.3,59.0,True,False
1784651775.563,62.4,58.8,True,False
1784651775.722,62.6,59.0,True,False
1784651775.881,62.8,58.9,True,False
1784651776.040,62.9,58.9,True,False
1784651776.199,63.1,58.8,True,False
1784651776.359,63.2,59.4,True,False
1784651776.968,63.8,509.3,True,True
1784651777.148,64.0,78.8,True,False
1784651777.308,64.2,59.8,True,False
1784651777.468,64.3,59.4,True,False
1784651778.093,65.0,525.4,True,True
1784651778.253,65.1,59.0,True,False
1784651778.862,65.7,509.5,True,True
1784651779.021,65.9,59.0,True,False
1784651779.630,66.5,508.6,True,True
1784651779.789,66.7,59.2,True,False
1784651779.949,66.8,59.2,True,False
1784651780.109,67.0,59.1,True,False
1784651780.270,67.1,60.6,True,False
1784651780.448,67.3,78.2,True,False
1784651780.609,67.5,60.4,True,False
1784651781.218,68.1,509.2,True,True
1784651781.377,68.2,58.6,True,False
1784651781.536,68.4,58.8,True,False
1784651782.145,69.0,508.4,True,True
1784651782.305,69.2,59.2,True,False
1784651782.914,69.8,509.0,True,True
1784651783.073,69.9,59.3,True,False
1784651783.233,70.1,58.8,True,False
1784651783.392,70.3,59.4,True,False
1784651783.553,70.4,59.8,True,False
1784651783.713,70.6,60.2,True,False
1784651783.872,70.7,59.2,True,False
1784651784.482,71.4,509.0,True,True
1784651784.640,71.5,58.5,True,False
1784651784.800,71.7,59.0,True,False
1784651784.959,71.8,59.3,True,False
1784651785.118,72.0,59.0,True,False
1784651785.278,72.1,59.3,True,False
1784651785.437,72.3,59.3,True,False
1784651785.597,72.5,59.5,True,False
1784651785.758,72.6,60.5,True,False
1784651785.917,72.8,59.2,True,False
1784651786.527,73.4,509.3,True,True
1784651786.687,73.6,60.2,True,False
1784651787.298,74.2,509.9,True,True
1784651787.457,74.3,59.4,True,False
1784651788.067,74.9,509.4,True,True
1784651788.226,75.1,59.2,True,False
1784651788.386,75.3,59.5,True,False
1784651788.546,75.4,59.4,True,False
1784651789.155,76.0,508.9,True,True
1784651789.314,76.2,58.8,True,False
1784651789.923,76.8,508.8,True,True
1784651790.082,77.0,59.0,True,False
1784651790.242,77.1,59.3,True,False
1784651790.853,77.7,510.3,True,True
1784651791.012,77.9,59.1,True,False
1784651791.645,78.5,532.8,True,True
1784651791.806,78.7,60.1,True,False
1784651791.966,78.8,60.1,True,False
1784651792.127,79.0,61.2,True,False
1784651792.288,79.2,60.4,True,False
1784651792.448,79.3,59.6,True,False
1784651793.057,79.9,509.0,True,True
1784651793.217,80.1,59.2,True,False
1784651793.839,80.7,522.3,True,True
1784651794.000,80.9,60.2,True,False
1784651794.610,81.5,509.5,True,True
1784651794.769,81.6,59.1,True,False
1784651795.378,82.3,508.6,True,True
1784651795.538,82.4,59.5,True,False
1784651796.148,83.0,509.5,True,True
1784651796.308,83.2,60.0,True,False
1784651796.468,83.3,59.2,True,False
1784651797.077,83.9,508.7,True,True
1784651797.236,84.1,58.6,True,False
1784651797.395,84.3,59.4,True,False
1784651797.555,84.4,59.3,True,False
1784651797.714,84.6,59.0,True,False
1784651797.873,84.7,58.6,True,False
1784651798.032,84.9,59.1,True,False
1784651798.191,85.1,58.9,True,False
1784651798.350,85.2,58.5,True,False
1784651798.510,85.4,59.1,True,False
1784651799.120,86.0,509.6,True,True
1784651799.280,86.2,59.8,True,False
1784651799.889,86.8,508.8,True,True
1784651800.057,86.9,68.1,True,False
1784651800.216,87.1,59.0,True,False
1784651800.394,87.3,77.4,True,False
1784651800.554,87.4,59.4,True,False
1784651800.713,87.6,58.9,True,False
1784651800.872,87.7,58.7,True,False
1784651801.031,87.9,58.9,True,False
1784651801.640,88.5,509.2,True,True
1784651801.800,88.7,59.5,True,False
1784651802.411,89.3,510.2,True,True
1784651802.572,89.4,60.7,True,False
1784651803.181,90.1,509.0,True,True
1784651803.340,90.2,58.9,True,False
1784651803.499,90.4,58.7,True,False
1784651803.658,90.5,58.9,True,False
1784651803.817,90.7,58.7,True,False
1784651803.977,90.8,59.5,True,False
1784651804.137,91.0,59.3,True,False
1784651804.299,91.2,61.4,True,False
1784651804.459,91.3,59.8,True,False
1784651804.619,91.5,59.0,True,False
1784651804.779,91.7,59.8,True,False
1784651805.390,92.3,510.6,True,True
1784651805.549,92.4,59.3,True,False
1784651806.159,93.0,509.0,True,True
1784651806.318,93.2,59.0,True,False
1784651806.928,93.8,509.2,True,True
1784651807.087,94.0,58.9,True,False
1784651807.696,94.6,508.8,True,True
1784651807.855,94.7,59.0,True,False
1784651808.464,95.3,509.0,True,True
1784651808.623,95.5,58.7,True,False
1784651809.232,96.1,509.0,True,True
1784651809.391,96.3,59.0,True,False
1784651809.551,96.4,59.3,True,False
1784651809.710,96.6,58.7,True,False
1784651810.319,97.2,509.3,True,True
1784651810.479,97.4,59.4,True,False
1784651810.638,97.5,59.0,True,False
1784651811.248,98.1,509.0,True,True
1784651811.408,98.3,59.4,True,False
1784651812.016,98.9,508.5,True,True
1784651812.176,99.0,59.5,True,False
1784651812.336,99.2,60.0,True,False
1784651812.496,99.4,59.0,True,False
1784651812.656,99.5,59.2,True,False
1784651812.815,99.7,59.4,True,False
1784651812.975,99.8,59.1,True,False
1784651813.134,100.0,59.3,True,False
1784651813.303,100.2,68.0,True,False
1784651813.462,100.3,59.2,True,False
1784651813.622,100.5,59.1,True,False
1784651813.780,100.7,58.6,True,False
1784651813.940,100.8,59.3,True,False
1784651814.099,101.0,59.1,True,False
1784651814.259,101.1,59.3,True,False
1784651814.419,101.3,59.1,True,False
1784651814.578,101.5,59.0,True,False
1784651814.737,101.6,58.7,True,False
1784651814.912,101.8,74.2,True,False
1784651815.071,101.9,58.9,True,False
1784651815.231,102.1,59.3,True,False
1784651815.840,102.7,509.3,True,True
1784651816.000,102.9,59.0,True,False
1784651816.159,103.0,59.1,True,False
1784651816.768,103.6,508.6,True,True
1784651816.928,103.8,59.2,True,False
1784651817.537,104.4,509.0,True,True
1784651817.696,104.6,59.0,True,False
1784651817.855,104.7,58.8,True,False
1784651818.014,104.9,58.6,True,False
1784651818.173,105.0,58.5,True,False
1784651818.332,105.2,58.6,True,False
1784651818.491,105.4,59.0,True,False
1784651818.651,105.5,59.4,True,False
1784651818.827,105.7,76.2,True,False
1784651818.987,105.9,59.0,True,False
1784651819.169,106.0,82.5,True,False
1784651819.329,106.2,58.8,True,False
1784651819.488,106.4,58.4,True,False
1784651820.097,107.0,509.4,True,True
1784651820.257,107.1,58.7,True,False
1784651820.416,107.3,58.9,True,False
1784651820.576,107.4,59.4,True,False
1784651820.736,107.6,59.8,True,False
1784651820.895,107.8,59.2,True,False
1784651821.054,107.9,59.1,True,False
1784651821.213,108.1,58.7,True,False
1784651821.823,108.7,509.4,True,True
1784651821.982,108.9,58.5,True,False
1784651822.157,109.0,74.3,True,False
1784651822.316,109.2,58.8,True,False
1784651822.497,109.4,81.5,True,False
1784651822.657,109.5,59.0,True,False
1784651823.267,110.1,509.2,True,True
1784651823.425,110.3,58.5,True,False
1784651823.603,110.5,77.5,True,False
1784651824.212,111.1,509.2,True,True
1784651824.371,111.2,58.6,True,False
1784651824.531,111.4,59.6,True,False
1784651825.140,112.0,508.7,True,True
1784651825.300,112.2,58.9,True,False
1784651825.459,112.3,58.9,True,False
1784651825.618,112.5,59.2,True,False
1784651825.778,112.7,59.0,True,False
1784651826.388,113.3,510.0,True,True
1784651826.548,113.4,59.3,True,False
1784651826.708,113.6,59.2,True,False
1784651826.867,113.7,58.6,True,False
1784651827.476,114.3,509.2,True,True
1784651827.635,114.5,58.8,True,False
1784651827.794,114.7,58.4,True,False
1784651827.954,114.8,59.2,True,False
1784651828.563,115.4,508.9,True,True
1784651828.732,115.6,69.2,True,False
1784651829.342,116.2,509.0,True,True
1784651829.501,116.4,59.4,True,False
1784651829.660,116.5,58.6,True,False
1784651829.820,116.7,59.1,True,False
1784651830.428,117.3,508.8,True,True
1784651830.588,117.5,58.9,True,False
1784651831.217,118.1,529.3,True,True
1784651831.388,118.3,70.2,True,False
1784651831.547,118.4,58.8,True,False
1784651831.706,118.6,58.4,True,False
1784651831.866,118.7,59.6,True,False
1784651832.025,118.9,59.2,True,False
1784651832.185,119.1,59.1,True,False
1784651832.794,119.7,508.8,True,True
1784651832.954,119.8,59.5,True,False
1784651833.563,120.4,509.2,True,True
1784651833.722,120.6,58.5,True,False
1784651834.332,121.2,509.1,True,True
1784651834.492,121.4,59.7,True,False
1784651835.102,122.0,509.6,True,True
1784651835.261,122.1,59.0,True,False
1784651835.421,122.3,59.4,True,False
1784651835.581,122.5,59.7,True,False
1784651835.741,122.6,59.3,True,False
1784651835.901,122.8,59.8,True,False
1784651836.060,122.9,59.0,True,False
1784651836.219,123.1,59.2,True,False
1784651836.380,123.3,60.1,True,False
1784651836.989,123.9,508.9,True,True
1784651837.150,124.0,60.5,True,False
1784651837.759,124.6,509.6,True,True
1784651837.933,124.8,73.1,True,False
1784651838.104,125.0,71.3,True,False
1784651838.263,125.1,58.6,True,False
1784651838.423,125.3,59.3,True,False
1784651838.583,125.5,59.0,True,False
1784651838.742,125.6,58.8,True,False
1784651838.901,125.8,59.5,True,False
1784651839.060,125.9,58.8,True,False
1784651839.220,126.1,59.5,True,False
1784651839.380,126.3,59.5,True,False
1784651839.540,126.4,59.1,True,False
1784651840.149,127.0,509.5,True,True
1784651840.309,127.2,59.2,True,False
1784651840.918,127.8,509.0,True,True
1784651841.078,128.0,59.4,True,False
1784651841.688,128.6,509.0,True,True
1784651841.848,128.7,59.8,True,False
1784651842.457,129.3,509.2,True,True
1784651842.632,129.5,74.6,True,False
1784651843.241,130.1,508.9,True,True
1784651843.401,130.3,59.3,True,False
1784651843.561,130.4,59.3,True,False
1784651843.720,130.6,58.7,True,False
1784651844.329,131.2,508.9,True,True
1784651844.488,131.4,59.2,True,False
1784651845.099,132.0,509.8,True,True
1784651845.258,132.1,59.2,True,False
1784651845.417,132.3,58.5,True,False
1784651845.601,132.5,83.4,True,False
1784651845.760,132.6,59.2,True,False
1784651846.369,133.2,508.8,True,True
1784651846.529,133.4,59.6,True,False
1784651847.138,134.0,509.0,True,True
1784651847.308,134.2,68.8,True,False
1784651847.917,134.8,508.8,True,True
1784651848.077,134.9,59.4,True,False
1784651848.686,135.6,509.1,True,True
1784651848.867,135.7,80.7,True,False
1784651849.477,136.3,509.3,True,True
1784651849.636,136.5,59.1,True,False
1784651849.795,136.7,58.7,True,False
1784651850.404,137.3,509.0,True,True
1784651850.563,137.4,58.9,True,False
1784651851.173,138.0,509.7,True,True
1784651851.332,138.2,58.9,True,False
1784651851.941,138.8,508.9,True,True
1784651852.101,139.0,59.4,True,False
1784651852.710,139.6,509.1,True,True
1784651852.869,139.7,58.9,True,False
1784651853.478,140.4,508.8,True,True
1784651853.646,140.5,67.8,True,False
1784651853.806,140.7,59.0,True,False
1784651853.965,140.8,58.6,True,False
1784651854.573,141.4,508.5,True,True
1784651854.733,141.6,59.1,True,False
1784651855.342,142.2,508.6,True,True
1784651855.501,142.4,59.2,True,False
1784651856.110,143.0,509.2,True,True
1784651856.269,143.1,58.8,True,False
1784651856.429,143.3,59.5,True,False
1784651856.588,143.5,58.8,True,False
1784651856.748,143.6,59.3,True,False
1784651856.908,143.8,59.3,True,False
1784651857.067,143.9,58.8,True,False
1784651857.226,144.1,58.9,True,False
1784651857.385,144.3,58.7,True,False
1784651858.009,144.9,523.4,True,True
1784651858.179,145.1,69.8,True,False
1784651858.789,145.7,509.5,True,True
1784651858.965,145.8,75.8,True,False
1784651859.575,146.4,510.0,True,True
1784651859.734,146.6,58.6,True,False
1784651860.343,147.2,508.8,True,True
1784651860.502,147.4,58.9,True,False
1784651861.111,148.0,508.7,True,True
1784651861.270,148.1,58.8,True,False
1784651861.879,148.8,508.8,True,True
1784651862.039,148.9,59.3,True,False
1784651862.648,149.5,509.1,True,True
1784651862.820,149.7,72.1,True,False
1784651862.992,149.9,70.9,True,False
1784651863.152,150.0,60.1,True,False
1784651863.785,150.7,532.6,True,True
1784651863.944,150.8,58.6,True,False
1784651864.103,151.0,58.5,True,False
1784651864.263,151.1,59.3,True,False
1784651864.422,151.3,58.9,True,False
1784651864.581,151.5,59.1,True,False
1784651864.741,151.6,59.3,True,False
1784651864.900,151.8,58.5,True,False
1784651865.060,151.9,59.1,True,False
1784651865.220,152.1,59.7,True,False
1784651865.379,152.3,58.8,True,False
1784651865.988,152.9,508.8,True,True
1784651866.148,153.0,58.7,True,False
1784651866.253,153.1,5.1,False,True
1784651866.413,153.3,59.3,True,False
1784651866.572,153.4,58.9,True,False
1784651866.678,153.6,5.4,False,True
1784651867.287,154.2,508.8,True,True
1784651867.446,154.3,58.9,True,False
1784651867.606,154.5,59.5,True,False
1784651867.766,154.6,59.6,True,False
1784651867.942,154.8,75.8,True,False
1784651868.101,155.0,59.0,True,False
1784651868.261,155.1,59.9,True,False
1784651868.368,155.2,6.1,False,True
1784651868.527,155.4,59.1,True,False
1784651868.632,155.5,5.5,False,True
1784651868.738,155.6,5.5,False,True
1784651869.348,156.2,509.5,True,True
1784651869.508,156.4,59.5,True,False
1784651869.667,156.5,58.6,True,False
1784651869.826,156.7,59.4,True,False
1784651870.436,157.3,509.2,True,True
1784651870.553,157.4,17.2,False,True
1784651870.712,157.6,59.1,True,False
1784651870.872,157.7,59.4,True,False
1784651870.978,157.9,5.4,False,True
1784651871.588,158.5,509.9,True,True
1784651871.694,158.6,5.7,False,True
1784651871.853,158.7,59.0,True,False
1784651871.959,158.8,5.5,False,True
1784651872.569,159.4,509.5,True,True
1784651872.728,159.6,58.9,True,False
1784651873.338,160.2,509.0,True,True
1784651873.508,160.4,69.6,True,False
1784651874.117,161.0,509.2,True,True
1784651874.277,161.1,59.3,True,False
1784651874.382,161.3,5.5,False,True
1784651874.488,161.4,5.7,False,True
1784651874.647,161.5,59.0,True,False
1784651874.806,161.7,58.7,True,False
1784651874.912,161.8,5.6,False,True
1784651875.071,161.9,58.6,True,False
1784651875.177,162.0,5.2,False,True
1784651875.337,162.2,59.4,True,False
1784651875.946,162.8,508.8,True,True
1784651876.104,163.0,58.6,True,False
1784651876.264,163.1,59.3,True,False
1784651876.424,163.3,59.2,True,False
1784651876.530,163.4,5.7,False,True
1784651876.636,163.5,5.8,False,True
1784651876.742,163.6,5.6,False,True
1784651876.901,163.8,59.6,True,False
1784651877.061,163.9,59.3,True,False
1784651877.167,164.0,5.7,False,True
1784651877.327,164.2,59.5,True,False
1784651877.487,164.4,59.3,True,False
1784651877.646,164.5,58.5,True,False
1784651877.805,164.7,58.7,True,False
1784651877.965,164.8,59.8,True,False
1784651878.124,165.0,59.4,True,False
1784651878.283,165.2,59.1,True,False
1784651878.454,165.3,70.6,True,False
1784651878.614,165.5,59.4,True,False
1784651878.774,165.6,59.7,True,False
1784651878.934,165.8,59.9,True,False
1784651879.093,166.0,58.8,True,False
1784651879.252,166.1,58.7,True,False
1784651879.412,166.3,59.7,True,False
1784651879.571,166.4,58.5,True,False
1784651879.730,166.6,58.9,True,False
1784651879.889,166.8,58.8,True,False
1784651880.063,166.9,73.1,True,False
1784651880.222,167.1,59.0,True,False
1784651880.327,167.2,5.1,False,True
1784651880.487,167.4,59.2,True,False
1784651880.646,167.5,59.1,True,False
1784651880.806,167.7,59.1,True,False
1784651880.965,167.8,59.0,True,False
1784651881.142,168.0,76.5,True,False
1784651881.302,168.2,60.0,True,False
1784651881.461,168.3,58.7,True,False
1784651881.620,168.5,58.8,True,False
1784651881.779,168.7,58.7,True,False
1784651881.939,168.8,59.3,True,False
1784651882.548,169.4,508.9,True,True
1784651882.707,169.6,59.0,True,False
1784651882.867,169.7,59.4,True,False
1784651883.477,170.3,509.6,True,True
1784651883.636,170.5,59.0,True,False
1784651884.246,171.1,509.3,True,True
1784651884.414,171.3,67.8,True,False
1784651884.573,171.4,59.1,True,False
1784651884.732,171.6,58.7,True,False
1784651884.891,171.8,59.0,True,False
1784651885.051,171.9,58.9,True,False
1784651885.210,172.1,58.9,True,False
1784651885.369,172.2,59.1,True,False
1784651885.529,172.4,59.2,True,False
1784651885.689,172.6,59.4,True,False
1784651885.795,172.7,5.7,False,True
1784651885.901,172.8,5.8,False,True
1784651886.008,172.9,6.7,False,True
1784651886.168,173.0,59.3,True,False
1784651886.328,173.2,59.4,True,False
1784651886.434,173.3,5.7,False,True
1784651886.541,173.4,6.2,False,True
1784651886.700,173.6,59.3,True,False
1784651886.861,173.7,60.3,True,False
1784651887.020,173.9,58.8,True,False
1784651887.126,174.0,5.3,False,True
1784651887.285,174.2,59.0,True,False
1784651887.445,174.3,59.1,True,False
1784651887.604,174.5,58.5,True,False
1784651887.763,174.6,58.8,True,False
1784651887.922,174.8,58.9,True,False
1784651888.082,175.0,59.3,True,False
1784651888.187,175.1,5.2,False,True
1784651888.293,175.2,5.4,False,True
1784651888.454,175.3,60.8,True,False
1784651888.614,175.5,59.4,True,False
1784651888.774,175.6,60.2,True,False
1784651888.934,175.8,59.4,True,False
1784651889.094,176.0,59.0,True,False
1784651889.254,176.1,59.5,True,False
1784651889.414,176.3,60.2,True,False
1784651889.521,176.4,6.3,False,True
1784651889.681,176.6,60.6,True,False
1784651889.842,176.7,60.0,True,False
1784651890.002,176.9,59.6,True,False
1784651890.162,177.0,59.9,True,False
1784651890.269,177.1,6.4,False,True
1784651890.375,177.2,6.3,False,True
1784651890.482,177.4,5.9,False,True
1784651890.642,177.5,60.1,True,False
1784651890.802,177.7,59.5,True,False
1784651891.413,178.3,509.9,True,True
1784651891.572,178.4,59.7,True,False
1784651891.733,178.6,60.5,True,False
1784651891.894,178.8,60.1,True,False
1784651892.053,178.9,59.2,True,False
1784651892.662,179.5,508.9,True,True
1784651892.822,179.7,59.3,True,False
1784651893.432,180.3,509.1,True,True
1784651893.611,180.5,78.4,True,False
1784651893.716,180.6,5.5,False,True
1784651893.889,180.8,72.9,True,False
1784651894.049,180.9,59.5,True,False
1784651894.155,181.0,5.5,False,True
1784651894.261,181.1,5.7,False,True
1784651894.420,181.3,58.9,True,False
1784651894.602,181.5,81.7,True,False
1784651894.763,181.6,60.5,True,False
1784651894.924,181.8,60.3,True,False
1784651895.084,182.0,59.4,True,False
1784651895.190,182.1,5.8,False,True
1784651895.349,182.2,59.4,True,False
1784651895.509,182.4,59.4,True,False
1784651895.615,182.5,5.4,False,True
1784651895.797,182.7,82.0,True,False
1784651895.957,182.8,59.3,True,False
1784651896.116,183.0,58.8,True,False
1784651896.275,183.1,59.1,True,False
1784651896.435,183.3,60.0,True,False
1784651896.541,183.4,5.3,False,True
1784651896.647,183.5,5.8,False,True
1784651896.807,183.7,59.1,True,False
1784651896.967,183.8,59.7,True,False
1784651897.577,184.4,510.1,True,True
1784651897.738,184.6,60.6,True,False
1784651898.348,185.2,509.2,True,True
1784651898.507,185.4,58.7,True,False
1784651898.613,185.5,5.5,False,True
1784651898.772,185.6,59.4,True,False
1784651898.931,185.8,59.0,True,False
1784651899.091,186.0,59.5,True,False
1784651899.250,186.1,58.5,True,False
1784651899.425,186.3,74.8,True,False
1784651899.585,186.5,59.6,True,False
1784651899.744,186.6,59.0,True,False
1784651899.903,186.8,59.2,True,False
1784651900.065,186.9,60.8,True,False
1784651900.675,187.5,509.7,True,True
1784651900.781,187.7,6.2,False,True
1784651900.940,187.8,59.0,True,False
1784651901.550,188.4,509.1,True,True
1784651901.709,188.6,59.5,True,False
1784651901.815,188.7,5.4,False,True
1784651901.975,188.8,59.4,True,False
1784651902.081,189.0,5.5,False,True
1784651902.240,189.1,59.2,True,False
1784651902.849,189.7,508.9,True,True
1784651903.009,189.9,59.2,True,False
1784651903.169,190.0,59.2,True,False
1784651903.275,190.1,6.1,False,True
1784651903.435,190.3,59.2,True,False
1784651904.044,190.9,508.9,True,True
1784651904.205,191.1,59.8,True,False
1784651904.310,191.2,5.5,False,True
1784651904.919,191.8,508.8,True,True
1784651905.092,192.0,72.5,True,False
1784651905.198,192.1,5.2,False,True
1784651905.807,192.7,509.5,True,True
1784651905.967,192.8,59.3,True,False
1784651906.576,193.4,508.9,True,True
1784651906.735,193.6,59.2,True,False
1784651906.895,193.8,58.9,True,False
1784651907.001,193.9,5.9,False,True
1784651907.161,194.0,59.6,True,False
1784651907.320,194.2,58.9,True,False
1784651907.480,194.4,59.7,True,False
1784651907.639,194.5,59.1,True,False
1784651907.798,194.7,58.8,True,False
1784651907.967,194.8,68.3,True,False
1784651908.576,195.4,508.8,True,True
1784651908.736,195.6,58.9,True,False
1784651909.345,196.2,509.3,True,True
1784651909.504,196.4,59.0,True,False
1784651909.610,196.5,5.9,False,True
1784651910.219,197.1,508.8,True,True
1784651910.378,197.3,59.1,True,False
1784651910.989,197.9,509.9,True,True
1784651911.148,198.0,59.1,True,False
1784651911.308,198.2,59.3,True,False
1784651911.467,198.3,59.0,True,False
1784651911.626,198.5,58.9,True,False
1784651911.785,198.7,59.0,True,False
1784651911.962,198.8,76.9,True,False
1784651912.122,199.0,59.2,True,False
1784651912.281,199.2,58.9,True,False
1784651912.440,199.3,59.1,True,False
1784651913.050,199.9,509.2,True,True
1784651913.210,200.1,59.8,True,False
1784651913.369,200.2,58.9,True,False
1784651913.475,200.3,5.3,False,True
1784651914.084,201.0,508.9,True,True
1784651914.244,201.1,59.0,True,False
1784651914.853,201.7,509.1,True,True
1784651915.012,201.9,59.0,True,False
1784651915.118,202.0,5.7,False,True
1784651915.224,202.1,5.8,False,True
1784651915.383,202.3,59.3,True,False
1784651915.543,202.4,58.7,True,False
1784651915.702,202.6,59.4,True,False
1784651915.862,202.7,59.6,True,False
1784651916.472,203.3,509.6,True,True
1784651916.632,203.5,58.9,True,False
1784651917.240,204.1,508.8,True,True
1784651917.347,204.2,6.0,False,True
1784651917.506,204.4,59.7,True,False
1784651917.632,204.5,25.6,False,True
1784651917.791,204.7,59.0,True,False
1784651917.951,204.8,58.9,True,False
1784651918.111,205.0,59.6,True,False
1784651918.270,205.1,59.1,True,False
1784651918.430,205.3,59.3,True,False
1784651918.589,205.5,59.1,True,False
1784651918.749,205.6,59.9,True,False
1784651918.922,205.8,72.3,True,False
1784651919.081,206.0,59.3,True,False
1784651919.712,206.6,530.1,True,True
1784651919.872,206.7,59.3,True,False
1784651919.978,206.8,5.6,False,True
1784651920.138,207.0,59.7,True,False
1784651920.297,207.2,58.9,True,False
1784651920.403,207.3,6.4,False,True
1784651921.013,207.9,509.4,True,True
1784651921.174,208.0,59.9,True,False
1784651921.783,208.7,509.3,True,True
1784651921.889,208.8,5.4,False,True
1784651921.995,208.9,5.8,False,True
1784651922.155,209.0,58.8,True,False
1784651922.765,209.6,509.5,True,True
1784651922.924,209.8,58.9,True,False
1784651923.083,210.0,59.1,True,False
1784651923.242,210.1,58.9,True,False
1784651923.401,210.3,58.7,True,False
1784651923.507,210.4,5.9,False,True
1784651923.666,210.5,58.7,True,False
1784651923.825,210.7,58.6,True,False
1784651923.932,210.8,5.9,False,True
1784651924.092,211.0,59.6,True,False
1784651924.253,211.1,61.3,True,False
1784651924.428,211.3,74.2,True,False
1784651924.588,211.5,59.7,True,False
1784651924.747,211.6,59.2,True,False
1784651925.357,212.2,509.5,True,True
1784651925.516,212.4,59.3,True,False
1784651926.126,213.0,509.3,True,True
1784651926.286,213.2,59.2,True,False
1784651926.896,213.8,509.9,True,True
1784651927.056,213.9,59.1,True,False
1784651927.216,214.1,59.5,True,False
1784651927.375,214.2,59.4,True,False
1784651927.535,214.4,59.5,True,False
1784651928.158,215.0,522.2,True,True
1784651928.317,215.2,59.5,True,False
1784651928.926,215.8,508.7,True,True
1784651929.086,216.0,59.1,True,False
1784651929.196,216.1,10.6,False,True
1784651929.356,216.2,59.5,True,False
1784651929.516,216.4,59.3,True,False
1784651929.675,216.5,59.2,True,False
1784651929.834,216.7,59.1,True,False
1784651929.993,216.9,58.9,True,False
1784651930.603,217.5,509.1,True,True
1784651930.708,217.6,5.2,False,True
1784651930.867,217.7,59.0,True,False
1784651930.973,217.8,5.3,False,True
1784651931.133,218.0,58.9,True,False
1784651931.292,218.2,58.8,True,False
1784651931.901,218.8,509.3,True,True
1784651932.006,218.9,5.2,False,True
1784651932.112,219.0,5.4,False,True
1784651932.272,219.1,59.6,True,False
1784651932.378,219.3,5.5,False,True
1784651932.538,219.4,60.2,True,False
1784651932.717,219.6,79.0,True,False
1784651932.877,219.7,59.3,True,False
1784651932.983,219.9,5.4,False,True
1784651933.142,220.0,59.3,True,False
1784651933.751,220.6,508.9,True,True
1784651933.910,220.8,58.9,True,False
1784651934.520,221.4,509.2,True,True
1784651934.680,221.6,58.9,True,False
1784651935.289,222.2,509.4,True,True
1784651935.396,222.3,5.6,False,True
1784651935.555,222.4,59.2,True,False
1784651935.714,222.6,59.2,True,False
1784651936.323,223.2,508.6,True,True
1784651936.483,223.4,59.5,True,False
1784651937.094,224.0,510.3,True,True
1784651937.253,224.1,59.4,True,False
1784651937.413,224.3,59.0,True,False
1784651937.573,224.4,59.5,True,False
1784651937.732,224.6,59.6,True,False
1784651937.892,224.8,58.9,True,False
1784651937.998,224.9,5.8,False,True
1784651938.104,225.0,5.8,False,True
1784651938.714,225.6,509.3,True,True
1784651938.873,225.7,58.9,True,False
1784651939.032,225.9,59.2,True,False
1784651939.139,226.0,6.8,False,True
1784651939.299,226.2,60.0,True,False
1784651939.459,226.3,59.7,True,False
1784651939.619,226.5,59.5,True,False
1784651939.779,226.7,60.2,True,False
1784651939.940,226.8,60.3,True,False
1784651940.101,227.0,60.8,True,False
1784651940.210,227.1,8.0,False,True
1784651940.381,227.3,70.7,True,False
1784651940.539,227.4,58.9,True,False
1784651940.700,227.6,59.8,True,False
1784651940.860,227.7,59.7,True,False
1784651941.021,227.9,60.8,True,False
1784651941.181,228.1,60.1,True,False
1784651941.288,228.2,6.0,False,True
1784651941.394,228.3,6.4,False,True
1784651941.556,228.4,61.0,True,False
1784651942.165,229.0,509.1,True,True
1784651942.326,229.2,60.5,True,False
1784651942.434,229.3,7.5,False,True
1784651943.044,229.9,510.1,True,True
1784651943.206,230.1,61.3,True,False
1784651943.815,230.7,509.2,True,True
1784651943.975,230.8,60.0,True,False
1784651944.135,231.0,59.1,True,False
1784651944.294,231.2,59.3,True,False
1784651944.454,231.3,59.3,True,False
1784651944.560,231.4,5.5,False,True
1784651944.720,231.6,60.2,True,False
1784651944.826,231.7,5.7,False,True
1784651945.436,232.3,509.3,True,True
1784651945.596,232.5,60.0,True,False
1784651945.701,232.6,5.3,False,True
1784651945.807,232.7,5.2,False,True
1784651946.416,233.3,508.5,True,True
1784651946.575,233.4,59.3,True,False
1784651946.735,233.6,59.0,True,False
1784651946.894,233.8,59.0,True,False
1784651947.000,233.9,5.2,False,True
1784651947.159,234.0,59.3,True,False
1784651947.318,234.2,59.0,True,False
1784651947.477,234.3,59.0,True,False
1784651947.637,234.5,59.4,True,False
1784651947.797,234.7,59.7,True,False
1784651947.956,234.8,58.9,True,False
1784651948.115,235.0,58.8,True,False
1784651948.274,235.1,59.1,True,False
1784651948.434,235.3,59.2,True,False
1784651948.593,235.5,58.7,True,False
1784651948.752,235.6,58.9,True,False
1784651948.911,235.8,58.6,True,False
1784651949.016,235.9,4.9,False,True
1784651949.130,236.0,13.9,False,True
1784651949.255,236.1,24.0,False,True
1784651949.413,236.3,58.5,True,False
1784651949.573,236.4,59.4,True,False
1784651949.732,236.6,59.1,True,False
1784651950.362,237.2,529.6,True,True
1784651950.522,237.4,59.1,True,False
1784651950.628,237.5,5.9,False,True
1784651951.238,238.1,509.7,True,True
1784651951.398,238.3,59.7,True,False
1784651951.557,238.4,58.8,True,False
1784651952.167,239.0,509.8,True,True
1784651952.327,239.2,60.2,True,False
1784651952.937,239.8,509.2,True,True
1784651953.097,240.0,59.9,True,False
1784651953.706,240.6,509.1,True,True
1784651953.867,240.7,59.8,True,False
1784651953.972,240.8,5.3,False,True
1784651954.089,241.0,16.6,False,True
1784651954.267,241.1,77.8,True,False
1784651954.428,241.3,60.3,True,False
1784651954.604,241.5,75.2,True,False
1784651954.772,241.6,67.9,True,False
1784651954.931,241.8,58.8,True,False
1784651955.058,241.9,25.8,False,True
1784651955.966,242.8,808.3,True,True
1784651956.126,243.0,59.2,True,False
1784651957.052,243.9,825.9,True,True
1784651957.212,244.1,59.7,True,False
1784651958.123,245.0,809.9,True,True
1784651958.284,245.2,60.9,True,False
1784651959.193,246.1,809.0,True,True
1784651959.353,246.2,59.4,True,False
1784651959.512,246.4,58.8,True,False
1784651959.671,246.5,59.1,True,False
1784651960.581,247.5,809.3,True,True
1784651960.740,247.6,59.0,True,False
1784651961.649,248.5,809.1,True,True
1784651961.808,248.7,58.5,True,False
1784651961.967,248.8,58.7,True,False
1784651962.126,249.0,58.9,True,False
1784651962.232,249.1,5.4,False,True
1784651962.391,249.3,59.4,True,False
1784651963.318,250.2,826.8,True,True
1784651963.478,250.4,59.4,True,False
1784651963.638,250.5,59.6,True,False
1784651963.797,250.7,58.8,True,False
1784651963.903,250.8,5.7,False,True
1784651964.826,251.7,822.5,True,True
1784651964.985,251.9,58.8,True,False
1784651965.145,252.0,59.1,True,False
1784651965.250,252.1,5.3,False,True
1784651965.409,252.3,59.0,True,False
1784651965.568,252.4,59.0,True,False
1784651965.728,252.6,59.2,True,False
1784651965.887,252.8,58.4,True,False
1784651966.046,252.9,59.0,True,False
1784651966.205,253.1,59.0,True,False
1784651966.365,253.2,59.2,True,False
1784651966.525,253.4,60.0,True,False
1784651966.684,253.6,59.1,True,False
1784651966.844,253.7,59.7,True,False
1784651967.004,253.9,59.6,True,False
1784651967.164,254.0,59.7,True,False
1784651967.270,254.1,5.5,False,True
1784651967.375,254.2,5.2,False,True
1784651967.534,254.4,59.1,True,False
1784651967.694,254.6,58.8,True,False
1784651967.853,254.7,58.6,True,False
1784651968.012,254.9,58.8,True,False
1784651968.171,255.0,59.0,True,False
1784651968.277,255.1,5.9,False,True
1784651968.436,255.3,59.1,True,False
1784651968.612,255.5,75.4,True,False
1784651969.522,256.4,809.9,True,True
1784651969.682,256.6,59.0,True,False
1784651969.787,256.7,5.4,False,True
1784651969.893,256.8,5.6,False,True
1784651970.802,257.7,808.9,True,True
1784651970.962,257.8,59.9,True,False
1784651971.122,258.0,59.1,True,False
1784651971.304,258.2,81.6,True,False
1784651971.420,258.3,16.3,False,True
1784651971.526,258.4,5.3,False,True
1784651972.435,259.3,808.8,True,True
1784651972.595,259.5,59.5,True,False
1784651972.754,259.6,58.7,True,False
1784651972.913,259.8,59.6,True,False
1784651973.074,259.9,60.0,True,False
1784651973.180,260.1,5.4,False,True
1784651973.285,260.2,5.6,False,True
1784651973.445,260.3,58.9,True,False
1784651973.604,260.5,59.1,True,False
1784651973.763,260.6,59.0,True,False
1784651973.869,260.7,5.6,False,True
1784651974.037,260.9,67.7,True,False
1784651974.198,261.1,60.0,True,False
1784651975.107,262.0,809.0,True,True
1784651975.266,262.1,59.5,True,False
1784651975.426,262.3,59.0,True,False
1784651975.585,262.5,58.6,True,False
1784651976.496,263.4,810.6,True,True
1784651976.655,263.5,58.5,True,False
1784651976.814,263.7,59.1,True,False
1784651976.973,263.8,59.0,True,False
1784651977.080,264.0,6.0,False,True
1784651977.254,264.1,74.3,True,False
1784651977.360,264.2,5.2,False,True
1784651978.269,265.1,808.8,True,True
1784651978.375,265.2,5.7,False,True
1784651978.537,265.4,61.6,True,False
1784651978.643,265.5,5.3,False,True
1784651978.748,265.6,5.2,False,True
1784651979.658,266.5,810.0,True,True
1784651979.818,266.7,58.7,True,False
1784651979.977,266.8,58.8,True,False
1784651980.154,267.0,77.1,True,False
1784651980.313,267.2,58.9,True,False
1784651980.473,267.3,59.3,True,False
1784651980.632,267.5,59.0,True,False
1784651980.805,267.7,73.3,True,False
1784651980.965,267.8,59.3,True,False
1784651981.070,267.9,5.4,False,True
1784651981.980,268.9,809.2,True,True
1784651982.139,269.0,59.0,True,False
1784651983.062,269.9,823.0,True,True
1784651983.221,270.1,59.0,True,False
1784651984.140,271.0,818.4,True,True
1784651984.299,271.2,59.3,True,False
1784651985.209,272.1,809.6,True,True
1784651985.369,272.2,58.9,True,False
1784651985.474,272.3,5.3,False,True
1784651985.581,272.5,6.3,False,True
1784651985.740,272.6,59.2,True,False
1784651985.856,272.7,15.0,False,True
1784651986.015,272.9,59.0,True,False
1784651986.925,273.8,809.2,True,True
1784651987.031,273.9,5.5,False,True
1784651987.190,274.1,58.9,True,False
1784651988.099,275.0,809.1,True,True
1784651988.205,275.1,5.1,False,True
1784651988.364,275.2,59.5,True,False
1784651989.274,276.1,809.1,True,True
1784651989.433,276.3,59.1,True,False
1784651989.539,276.4,5.8,False,True
1784651989.700,276.6,59.8,True,False
1784651989.859,276.7,59.3,True,False
1784651990.021,276.9,61.2,True,False
1784651990.180,277.1,59.2,True,False
1784651991.089,278.0,808.5,True,True
1784651991.248,278.1,58.6,True,False
1784651991.354,278.2,5.6,False,True
1784651992.267,279.1,811.8,True,True
1784651992.426,279.3,59.5,True,False
1784651992.548,279.4,21.1,False,True
1784651993.457,280.3,808.9,True,True
1784651993.564,280.4,6.6,False,True
1784651993.723,280.6,59.2,True,False
1784651993.845,280.7,22.0,False,True
1784651993.953,280.8,7.3,False,True
1784651994.058,280.9,5.6,False,True
1784651994.165,281.0,5.9,False,True
1784651995.097,282.0,832.2,True,True
1784651995.203,282.1,5.7,False,True
1784651995.363,282.2,59.9,True,False
1784651995.523,282.4,59.1,True,False
1784651996.432,283.3,809.2,True,True
1784651996.593,283.5,60.4,True,False
1784651996.752,283.6,59.3,True,False
1784651996.913,283.8,59.7,True,False
1784651997.018,283.9,5.6,False,True
1784651997.178,284.1,59.2,True,False
1784651997.347,284.2,68.7,True,False
1784651997.506,284.4,58.6,True,False
1784651997.665,284.5,58.7,True,False
1784651997.784,284.7,19.5,False,True
1784651997.943,284.8,59.0,True,False
1784651998.103,285.0,59.1,True,False
1784651998.262,285.1,59.3,True,False
1784651999.172,286.0,809.4,True,True
1784651999.278,286.1,5.9,False,True
1784651999.437,286.3,59.4,True,False
1784652000.347,287.2,809.7,True,True
1784652000.507,287.4,59.6,True,False
1784652000.613,287.5,5.8,False,True
1784652000.772,287.6,59.0,True,False
1784652000.878,287.7,5.0,False,True
1784652000.983,287.9,5.5,False,True
1784652001.893,288.8,809.6,True,True
1784652002.053,288.9,59.3,True,False
1784652002.212,289.1,59.7,True,False
1784652002.373,289.2,59.7,True,False
1784652002.532,289.4,59.5,True,False
1784652002.692,289.6,60.0,True,False
1784652002.798,289.7,5.7,False,True
1784652002.974,289.8,75.3,True,False
1784652003.133,290.0,59.2,True,False
1784652003.293,290.2,59.2,True,False
1784652003.453,290.3,59.7,True,False
1784652004.363,291.2,809.4,True,True
1784652004.534,291.4,70.4,True,False
1784652004.694,291.6,59.0,True,False
1784652004.853,291.7,58.8,True,False
1784652005.012,291.9,59.1,True,False
1784652005.921,292.8,809.3,True,True
1784652006.081,293.0,59.1,True,False
1784652006.240,293.1,59.0,True,False
1784652006.399,293.3,59.1,True,False
1784652006.505,293.4,5.7,False,True
1784652006.612,293.5,5.8,False,True
1784652006.771,293.6,59.3,True,False
1784652006.932,293.8,59.8,True,False
1784652007.091,294.0,58.9,True,False
1784652007.250,294.1,59.4,True,False
1784652008.160,295.0,809.0,True,True
1784652008.265,295.1,5.6,False,True
1784652008.425,295.3,59.2,True,False
1784652009.334,296.2,808.9,True,True
1784652009.440,296.3,5.6,False,True
1784652009.599,296.5,58.9,True,False
1784652010.509,297.4,809.4,True,True
1784652010.668,297.5,58.7,True,False
1784652010.827,297.7,59.0,True,False
1784652010.933,297.8,5.6,False,True
1784652011.039,297.9,5.8,False,True
1784652011.200,298.1,60.0,True,False
1784652012.110,299.0,809.5,True,True
1784652012.269,299.1,59.2,True,False
1784652012.429,299.3,59.4,True,False
1784652013.339,300.2,809.2,True,True
1784652013.499,300.4,60.6,True,False
1784652013.659,300.5,59.7,True,False
1784652013.765,300.6,5.4,False,True
1784652014.674,301.5,808.6,True,True
1784652014.833,301.7,59.2,True,False
1784652014.993,301.9,59.1,True,False
1784652015.099,302.0,5.7,False,True
1784652015.205,302.1,5.7,False,True
1784652015.365,302.2,59.6,True,False
1784652015.525,302.4,59.7,True,False
1784652016.435,303.3,809.3,True,True
1784652016.594,303.5,59.2,True,False
1784652016.699,303.6,5.0,False,True
1784652016.805,303.7,5.4,False,True
1784652017.714,304.6,809.2,True,True
1784652017.874,304.7,59.2,True,False
1784652018.033,304.9,59.0,True,False
1784652018.193,305.1,59.4,True,False
1784652018.352,305.2,58.9,True,False
1784652018.511,305.4,59.1,True,False
1784652018.671,305.5,58.9,True,False
1784652018.840,305.7,69.3,True,False
1784652019.000,305.9,58.8,True,False
1784652019.181,306.1,81.4,True,False
1784652019.341,306.2,59.0,True,False
1784652020.250,307.1,809.8,True,True
1784652020.410,307.3,59.6,True,False
1784652020.570,307.4,59.8,True,False
1784652021.481,308.4,809.9,True,True
1784652021.663,308.5,81.7,True,False
1784652022.573,309.4,809.8,True,True
1784652022.732,309.6,59.2,True,False
1784652022.892,309.8,59.5,True,False
1784652023.052,309.9,59.3,True,False
1784652023.158,310.0,5.4,False,True
1784652023.264,310.1,6.0,False,True
1784652023.423,310.3,59.1,True,False
1784652023.583,310.5,59.2,True,False
1784652023.743,310.6,60.4,True,False
1784652024.653,311.5,809.3,True,True
1784652024.813,311.7,59.2,True,False
1784652025.722,312.6,808.8,True,True
1784652025.828,312.7,5.8,False,True
1784652025.944,312.8,16.8,False,True
1784652026.104,313.0,59.1,True,False
1784652026.263,313.1,58.8,True,False
1784652026.423,313.3,59.7,True,False
1784652027.333,314.2,809.7,True,True
1784652027.439,314.3,5.4,False,True
1784652027.545,314.4,5.6,False,True
1784652027.704,314.6,59.3,True,False
1784652027.864,314.7,59.5,True,False
1784652027.970,314.8,5.8,False,True
1784652028.130,315.0,59.4,True,False
1784652028.290,315.2,59.4,True,False
1784652028.449,315.3,58.9,True,False
1784652028.609,315.5,59.3,True,False
1784652028.715,315.6,5.5,False,True
1784652029.624,316.5,809.0,True,True
1784652029.783,316.7,59.0,True,False
1784652029.943,316.8,59.2,True,False
1784652030.103,317.0,59.7,True,False
1784652031.013,317.9,810.2,True,True
1784652031.172,318.0,58.9,True,False
1784652032.082,319.0,809.2,True,True
1784652032.242,319.1,59.6,True,False
1784652032.402,319.3,59.7,True,False
1784652032.562,319.4,59.6,True,False
1784652033.471,320.3,808.9,True,True
1784652033.631,320.5,59.3,True,False
1784652033.790,320.7,58.8,True,False
1784652033.949,320.8,59.3,True,False
1784652034.108,321.0,58.8,True,False
1784652034.214,321.1,5.5,False,True
1784652034.385,321.3,70.2,True,False
1784652034.545,321.4,59.7,True,False
1784652035.454,322.3,809.1,True,True
1784652035.636,322.5,81.6,True,False
1784652035.742,322.6,5.9,False,True
1784652036.652,323.5,808.8,True,True
1784652036.811,323.7,59.0,True,False
1784652036.983,323.9,71.4,True,False
1784652037.143,324.0,59.4,True,False
1784652037.302,324.2,59.1,True,False
1784652037.462,324.3,59.9,True,False
1784652037.623,324.5,60.5,True,False
1784652038.532,325.4,809.1,True,True
1784652038.692,325.6,59.6,True,False
1784652038.851,325.7,59.0,True,False
1784652038.957,325.8,5.7,False,True
1784652039.866,326.7,808.8,True,True
1784652040.049,326.9,82.5,True,False
1784652040.155,327.0,5.8,False,True
1784652040.261,327.1,5.7,False,True
1784652040.366,327.2,5.3,False,True
1784652040.526,327.4,59.0,True,False
1784652040.632,327.5,5.6,False,True
1784652040.738,327.6,5.8,False,True
1784652040.843,327.7,5.3,False,True
1784652041.003,327.9,59.2,True,False
1784652041.162,328.0,59.0,True,False
1784652041.321,328.2,58.8,True,False
1784652041.428,328.3,6.2,False,True
1784652041.587,328.5,59.0,True,False
1784652041.693,328.6,5.3,False,True
1784652041.852,328.7,59.2,True,False
1784652042.762,329.6,809.2,True,True
1784652042.922,329.8,59.6,True,False
1784652043.081,330.0,58.7,True,False
1784652043.240,330.1,59.0,True,False
1784652043.399,330.3,58.7,True,False
1784652043.559,330.4,59.6,True,False
1784652043.741,330.6,82.0,True,False
1784652044.651,331.5,809.9,True,True
1784652044.811,331.7,59.3,True,False
1784652044.917,331.8,5.8,False,True
1784652045.076,331.9,59.0,True,False
1784652045.251,332.1,74.2,True,False
1784652046.566,333.4,1214.7,True,True
1784652047.968,334.8,1301.9,True,True
1784652048.074,334.9,5.8,False,True
1784652050.204,337.1,2030.1,True,True
1784652051.670,338.5,1365.0,True,True
1784652053.073,339.9,1303.6,True,True
1784652055.220,342.1,2046.3,True,True
1784652056.684,343.6,1363.5,True,True
1784652058.160,345.0,1376.2,True,True
1784652059.751,346.6,1490.7,True,True
1784652061.194,348.1,1342.7,True,True
1784652062.563,349.4,1268.2,True,True
1784652062.668,349.5,5.4,False,True
1784652064.907,351.8,2137.8,True,True
1784652066.318,353.2,1310.4,True,True
1784652068.484,355.4,2066.3,True,True
1784652069.943,356.8,1358.9,True,True
1784652071.955,358.8,1910.2,True,True
1784652073.365,360.2,1310.0,True,True
1784652074.818,361.7,1352.3,True,True
1784652076.185,363.1,1267.1,True,True
1784652078.404,365.3,2118.7,True,True
1784652079.940,366.8,1436.3,True,True
1784652081.333,368.2,1292.4,True,True
1784652083.632,370.5,2198.3,True,True
1784652085.115,372.0,1382.4,True,True
1784652087.278,374.2,2062.9,True,True
1784652087.384,374.3,5.6,False,True
1784652088.786,375.7,1301.9,True,True
1784652090.305,377.2,1419.1,True,True
1784652092.535,379.4,2129.3,True,True
1784652093.912,380.8,1277.5,True,True
1784652095.385,382.3,1372.8,True,True
1784652097.586,384.5,2100.4,True,True
1784652099.056,385.9,1370.0,True,True
1784652101.204,388.1,2047.4,True,True
1784652102.640,389.5,1336.1,True,True
1784652104.782,391.7,2041.9,True,True
1784652106.294,393.2,1411.3,True,True
1784652107.707,394.6,1312.9,True,True
1784652109.877,396.7,2069.6,True,True
1784652111.202,398.1,1224.0,True,True
1784652111.308,398.2,5.7,False,True
1784652113.574,400.4,2166.3,True,True
1784652115.068,401.9,1394.2,True,True
1784652115.174,402.0,5.6,False,True
1784652115.280,402.2,5.5,False,True
1784652117.524,404.4,2143.6,True,True
1784652118.982,405.9,1357.8,True,True
1784652121.169,408.0,2086.5,True,True
1784652122.593,409.5,1324.4,True,True
1784652122.699,409.6,5.5,False,True
1784652124.093,411.0,1294.1,True,True
1784652125.467,412.3,1273.1,True,True
1784652126.715,413.6,1148.1,True,True
1784652126.821,413.7,5.4,False,True
1784652128.113,415.0,1191.6,True,True
1784652130.245,417.1,2032.2,True,True
1784652130.351,417.2,5.6,False,True
1784652131.845,418.7,1393.6,True,True
1784652133.313,420.2,1367.7,True,True
1784652134.658,421.5,1245.4,True,True
1784652136.009,422.9,1250.2,True,True
1784652137.460,424.3,1350.8,True,True
1784652138.905,425.8,1344.6,True,True
1784652140.370,427.2,1364.9,True,True
1784652141.820,428.7,1349.2,True,True
1784652141.926,428.8,5.4,False,True
1784652142.031,428.9,5.4,False,True
1784652142.137,429.0,5.8,False,True
1784652143.528,430.4,1290.3,True,True
1784652144.915,431.8,1286.5,True,True
1784652145.021,431.9,5.8,False,True
1784652146.458,433.3,1337.4,True,True
1784652147.935,434.8,1376.1,True,True
1784652149.342,436.2,1307.3,True,True
1784652150.801,437.7,1358.6,True,True
1784652152.203,439.1,1302.2,True,True
1784652153.649,440.5,1345.2,True,True
1784652155.169,442.0,1419.9,True,True
1784652156.531,443.4,1261.5,True,True
1784652156.637,443.5,5.7,False,True
1784652158.778,445.6,2040.1,True,True
1784652158.883,445.8,5.3,False,True
1784652160.411,447.3,1427.5,True,True
1784652160.517,447.4,5.7,False,True
1784652160.623,447.5,5.4,False,True
1784652162.881,449.8,2158.5,True,True
1784652164.336,451.2,1354.1,True,True
1784652165.737,452.6,1300.9,True,True
1784652167.270,454.1,1431.8,True,True
1784652168.697,455.6,1327.4,True,True
1784652169.978,456.9,1180.2,True,True
1784652170.099,457.0,21.1,False,True
1784652171.534,458.4,1334.2,True,True
1784652171.640,458.5,5.6,False,True
1784652171.745,458.6,5.1,False,True
1784652173.253,460.1,1408.0,True,True
1784652174.646,461.5,1292.5,True,True
1784652174.752,461.6,5.9,False,True
1784652174.873,461.7,21.0,False,True
1784652174.999,461.9,24.9,False,True
1784652176.490,463.4,1390.9,True,True
1784652176.596,463.5,5.4,False,True
1784652178.002,464.9,1305.9,True,True
1784652179.314,466.2,1212.2,True,True
1784652180.830,467.7,1415.4,True,True
1784652182.343,469.2,1411.9,True,True
1784652184.478,471.4,2034.8,True,True
1784652186.011,472.9,1432.4,True,True
1784652187.482,474.4,1371.0,True,True
1784652188.962,475.8,1380.2,True,True
1784652190.379,477.3,1316.6,True,True
1784652190.486,477.4,5.8,False,True
1784652191.840,478.7,1254.2,True,True
1784652193.198,480.1,1257.5,True,True
1784652194.651,481.5,1353.3,True,True
1784652194.757,481.6,5.7,False,True
1784652196.970,483.8,2112.4,True,True
1784652198.372,485.2,1302.1,True,True
1784652199.807,486.7,1334.4,True,True
1784652201.280,488.2,1373.1,True,True
1784652202.750,489.6,1369.1,True,True
1784652204.840,491.7,1990.8,True,True
1784652206.258,493.1,1317.6,True,True
1784652208.417,495.3,2058.4,True,True
1784652208.523,495.4,5.8,False,True
1784652209.939,496.8,1315.3,True,True
1784652210.045,496.9,5.5,False,True
1784652210.150,497.0,5.3,False,True
1784652210.256,497.1,5.5,False,True
1784652210.362,497.2,5.7,False,True
1784652210.468,497.3,5.4,False,True
1784652212.672,499.5,2103.9,True,True
1784652214.127,501.0,1354.9,True,True
1784652214.233,501.1,5.8,False,True
1784652214.339,501.2,5.5,False,True
1784652219.449,506.3,5009.6,False,True
1784652220.359,507.2,809.6,True,True
1784652220.464,507.3,5.4,False,True
1784652220.570,507.4,5.5,False,True
1784652220.729,507.6,58.7,True,False
1784652220.889,507.8,59.3,True,False
1784652221.049,507.9,58.9,True,False
1784652221.958,508.8,808.9,True,True
1784652222.117,509.0,58.7,True,False
1784652223.027,509.9,809.7,True,True
1784652223.186,510.1,58.7,True,False
1784652223.292,510.2,5.6,False,True
1784652223.451,510.3,59.5,True,False
1784652223.557,510.4,5.6,False,True
1784652224.467,511.3,809.5,True,True
1784652224.627,511.5,59.2,True,False
1784652225.538,512.4,810.5,True,True
1784652225.645,512.5,6.6,False,True
1784652225.805,512.7,59.6,True,False
1784652225.911,512.8,6.0,False,True
1784652226.071,512.9,59.2,True,False
1784652226.231,513.1,59.9,True,False
1784652227.141,514.0,809.8,True,True
1784652227.300,514.2,59.0,True,False
1784652227.482,514.4,81.3,True,False
1784652227.642,514.5,59.5,True,False
1784652227.824,514.7,82.7,True,False
1784652227.985,514.9,60.6,True,False
1784652228.092,515.0,6.3,False,True
1784652228.273,515.1,80.3,True,False
1784652228.379,515.3,5.6,False,True
1784652229.288,516.2,808.7,True,True
1784652229.447,516.3,59.1,True,False
1784652229.607,516.5,59.0,True,False
1784652229.766,516.6,59.0,True,False
1784652229.925,516.8,59.3,True,False
1784652230.084,517.0,58.9,True,False
1784652230.244,517.1,59.2,True,False
1784652231.153,518.0,809.4,True,True
1784652231.259,518.1,5.7,False,True
1784652231.418,518.3,58.7,True,False
1784652231.524,518.4,5.4,False,True
1784652231.683,518.6,58.8,True,False
1784652231.789,518.7,5.6,False,True
1784652231.948,518.8,59.3,True,False
1784652232.108,519.0,59.3,True,False
1784652232.267,519.1,59.0,True,False
1784652232.427,519.3,59.4,True,False
1784652232.533,519.4,5.7,False,True
1784652232.639,519.5,5.2,False,True
1784652232.798,519.7,58.9,True,False
1784652232.905,519.8,6.2,False,True
1784652233.011,519.9,5.9,False,True
1784652233.172,520.0,59.9,True,False
1784652233.332,520.2,59.8,True,False
1784652234.242,521.1,809.3,True,True
1784652234.401,521.3,59.0,True,False
1784652234.561,521.4,60.1,True,False
1784652235.470,522.3,808.6,True,True
1784652235.629,522.5,59.0,True,False
1784652235.788,522.7,59.0,True,False
1784652235.948,522.8,59.3,True,False
1784652236.108,523.0,59.5,True,False
1784652236.281,523.2,72.7,True,False
1784652237.191,524.1,809.2,True,True
1784652237.350,524.2,59.0,True,False
1784652238.260,525.1,809.6,True,True
1784652238.428,525.3,67.6,True,False
1784652239.337,526.2,809.2,True,True
1784652239.497,526.4,59.2,True,False
1784652240.406,527.3,809.3,True,True
1784652240.566,527.4,59.1,True,False
1784652240.671,527.5,5.0,False,True
1784652240.830,527.7,58.7,True,False
1784652240.935,527.8,5.3,False,True
1784652241.861,528.7,825.3,True,True
1784652242.020,528.9,58.6,True,False
1784652242.179,529.1,59.1,True,False
1784652242.339,529.2,58.8,True,False
1784652242.444,529.3,5.0,False,True
1784652242.603,529.5,59.0,True,False
1784652242.762,529.6,58.6,True,False
1784652242.921,529.8,59.1,True,False
1784652243.830,530.7,809.4,True,True
1784652243.990,530.9,59.5,True,False
1784652244.150,531.0,59.4,True,False
1784652244.309,531.2,58.9,True,False
1784652244.415,531.3,5.8,False,True
1784652244.574,531.4,59.2,True,False
1784652244.680,531.6,5.5,False,True
1784652244.839,531.7,59.2,True,False
1784652245.000,531.9,60.3,True,False
1784652245.106,532.0,5.2,False,True
1784652245.265,532.1,59.2,True,False
1784652246.174,533.0,809.2,True,True
1784652246.280,533.2,5.3,False,True
1784652246.386,533.3,5.4,False,True
1784652246.546,533.4,59.1,True,False
1784652247.455,534.3,808.9,True,True
1784652247.615,534.5,59.5,True,False
1784652247.775,534.6,59.6,True,False
1784652247.934,534.8,59.4,True,False
1784652248.094,535.0,59.3,True,False
1784652248.200,535.1,5.5,False,True
1784652248.359,535.2,59.0,True,False
1784652248.518,535.4,59.2,True,False
1784652249.428,536.3,809.4,True,True
1784652249.609,536.5,81.2,True,False
1784652249.715,536.6,5.1,False,True
1784652249.874,536.7,59.0,True,False
1784652249.980,536.9,5.4,False,True
1784652250.154,537.0,73.6,True,False
1784652250.313,537.2,58.9,True,False
1784652250.419,537.3,6.1,False,True
1784652250.525,537.4,5.5,False,True
1784652250.631,537.5,5.3,False,True
1784652250.790,537.7,59.0,True,False
1784652250.950,537.8,58.9,True,False
1784652251.859,538.7,809.2,True,True
1784652252.019,538.9,59.2,True,False
1784652252.928,539.8,808.7,True,True
1784652253.086,540.0,58.7,True,False
1784652253.996,540.9,809.6,True,True
1784652254.155,541.0,58.7,True,False
1784652254.262,541.1,6.3,False,True
1784652254.423,541.3,61.0,True,False
1784652254.583,541.5,59.6,True,False
1784652254.743,541.6,59.6,True,False
1784652254.903,541.8,60.2,True,False
1784652255.063,541.9,60.0,True,False
1784652255.223,542.1,59.7,True,False
1784652256.134,543.0,810.0,True,True
1784652256.240,543.1,6.1,False,True
1784652256.400,543.3,59.8,True,False
1784652256.560,543.4,59.7,True,False
1784652256.721,543.6,60.4,True,False
1784652257.632,544.5,810.5,True,True
1784652257.792,544.7,59.7,True,False
1784652258.703,545.6,810.3,True,True
1784652258.863,545.7,59.7,True,False
1784652259.022,545.9,59.5,True,False
1784652259.129,546.0,6.1,False,True
1784652259.253,546.1,23.1,False,True
1784652260.163,547.0,810.1,True,True
1784652260.324,547.2,60.1,True,False
1784652261.234,548.1,810.3,True,True
1784652261.341,548.2,5.8,False,True
1784652261.447,548.3,6.1,False,True
1784652261.607,548.5,60.0,True,False
1784652262.517,549.4,809.3,True,True
1784652262.678,549.5,60.6,True,False
1784652262.784,549.7,6.0,False,True
1784652262.944,549.8,59.6,True,False
1784652263.104,550.0,59.7,True,False
1784652263.229,550.1,24.4,False,True
1784652264.139,551.0,810.4,True,True
1784652264.300,551.2,60.2,True,False
1784652264.407,551.3,6.5,False,True
1784652265.317,552.2,810.0,True,True
1784652265.423,552.3,5.8,False,True
1784652265.583,552.5,59.5,True,False
1784652265.744,552.6,60.1,True,False
1784652265.904,552.8,59.5,True,False
1784652266.063,552.9,59.7,True,False
1784652266.973,553.8,809.7,True,True
1784652267.134,554.0,60.1,True,False
1784652267.294,554.2,60.0,True,False
1784652267.454,554.3,60.0,True,False
1784652267.615,554.5,60.1,True,False
1784652267.773,554.6,58.6,True,False
1784652267.943,554.8,69.0,True,False
1784652268.049,554.9,5.8,False,True
1784652268.209,555.1,59.8,True,False
1784652268.316,555.2,5.8,False,True
1784652268.476,555.3,59.9,True,False
1784652269.385,556.3,809.1,True,True
1784652269.545,556.4,59.8,True,False
1784652270.456,557.3,810.6,True,True
1784652270.617,557.5,60.6,True,False
1784652270.777,557.6,60.3,True,False
1784652270.938,557.8,59.9,True,False
1784652271.098,558.0,59.8,True,False
1784652271.205,558.1,6.9,False,True
1784652271.365,558.2,59.9,True,False
1784652271.526,558.4,60.4,True,False
1784652271.687,558.6,60.5,True,False
1784652271.848,558.7,60.8,True,False
1784652272.008,558.9,59.9,True,False
1784652272.169,559.0,60.1,True,False
1784652272.329,559.2,60.5,True,False
1784652272.489,559.4,59.7,True,False
1784652272.650,559.5,59.8,True,False
1784652273.561,560.4,811.4,True,True
1784652273.721,560.6,59.9,True,False
1784652273.882,560.8,60.0,True,False
1784652274.043,560.9,60.6,True,False
1784652274.149,561.0,5.9,False,True
1784652274.309,561.2,60.0,True,False
1784652274.470,561.3,60.6,True,False
1784652275.380,562.3,810.0,True,True
1784652275.557,562.4,76.0,True,False
1784652275.717,562.6,59.8,True,False
1784652275.889,562.8,71.8,True,False
1784652276.800,563.7,810.6,False,True
1784652276.959,563.8,58.9,False,True
1784652277.124,564.0,64.7,False,True
1784652277.284,564.2,58.9,False,True
1784652277.443,564.3,58.7,False,True
1784652277.603,564.5,59.8,False,True
1784652277.710,564.6,6.3,False,True
1784652278.623,565.5,813.0,False,True
1784652279.532,566.4,808.8,False,True
1784652279.691,566.6,58.7,False,True
1784652279.851,566.7,58.7,False,True
1784652280.010,566.9,58.8,False,True
1784652280.169,567.0,59.1,False,True
1784652280.329,567.2,59.0,False,True
1784652281.500,568.4,1071.5,False,True
1784652281.606,568.5,6.0,False,True
1784652282.515,569.4,809.0,False,True
1784652283.425,570.3,808.9,False,True
1784652284.604,571.5,1079.2,False,True
1784652284.710,571.6,5.8,False,True
1784652285.625,572.5,814.5,False,True
1784652285.732,572.6,6.1,False,True
1784652285.891,572.8,58.8,False,True
1784652287.068,573.9,1076.8,False,True
1784652288.252,575.1,1083.8,False,True
1784652289.468,576.3,1115.4,False,True
1784652289.626,576.5,58.6,False,True
1784652290.812,577.7,1084.9,False,True
1784652291.996,578.9,1083.8,False,True
1784652293.179,580.1,1083.6,False,True
1784652294.363,581.2,1083.6,False,True
1784652294.469,581.3,5.4,False,True
1784652294.628,581.5,58.7,False,True
1784652295.804,582.7,1075.5,False,True
1784652296.987,583.9,1083.5,False,True
1784652297.896,584.8,808.3,False,True
1784652298.001,584.9,5.3,False,True
1784652299.163,586.0,1061.6,False,True
1784652300.347,587.2,1083.6,False,True
1784652301.535,588.4,1087.7,False,True
1784652301.695,588.6,59.3,False,True
1784652302.875,589.7,1079.5,False,True
1784652304.060,590.9,1084.2,False,True
1784652304.969,591.8,809.6,False,True
1784652306.143,593.0,1073.3,False,True
1784652307.323,594.2,1079.7,False,True
1784652308.507,595.4,1083.9,False,True
1784652308.668,595.5,60.4,False,True
1784652309.851,596.7,1082.5,False,True
1784652310.759,597.6,808.5,False,True
1784652311.931,598.8,1071.0,False,True
1784652313.115,600.0,1083.8,False,True
1784652314.298,601.2,1083.4,False,True
1784652315.207,602.1,808.7,False,True
1784652316.379,603.3,1071.1,False,True
1784652317.563,604.4,1083.9,False,True
1784652317.723,604.6,59.8,False,True
1784652318.907,605.8,1083.4,False,True
1784652319.823,606.7,815.6,False,True
1784652320.741,607.6,818.0,False,True
1784652320.847,607.7,5.5,False,True
1784652322.042,608.9,1095.3,False,True
1784652323.226,610.1,1083.9,False,True
1784652324.414,611.3,1087.4,False,True
1784652325.598,612.5,1083.4,False,True
1784652325.756,612.6,57.8,False,True
1784652326.938,613.8,1081.1,False,True
1784652328.122,615.0,1083.6,False,True
1784652329.306,616.2,1083.5,False,True
1784652330.490,617.4,1083.6,False,True
1784652330.685,617.6,94.7,False,True
1784652331.866,618.7,1079.8,False,True
1784652332.786,619.7,820.7,False,True
1784652333.946,620.8,1059.4,False,True
1784652335.130,622.0,1082.9,False,True
1784652336.314,623.2,1084.0,False,True
1784652337.497,624.4,1083.5,False,True
1784652337.656,624.5,57.9,False,True
1784652338.841,625.7,1085.5,False,True
1784652338.948,625.8,6.2,False,True
1784652340.121,627.0,1073.1,False,True
1784652341.305,628.2,1083.5,False,True
1784652341.425,628.3,19.1,False,True
1784652342.585,629.5,1060.7,False,True
1784652342.744,629.6,58.3,False,True
1784652343.930,630.8,1086.1,True,True
1784652344.045,630.9,14.6,False,True
1784652344.206,631.1,60.3,True,False
1784652344.366,631.2,59.7,True,False
1784652344.525,631.4,59.3,True,False
1784652345.436,632.3,810.6,True,True
1784652345.596,632.5,59.6,True,False
1784652345.702,632.6,5.5,False,True
1784652345.808,632.7,6.2,False,True
1784652346.718,633.6,809.4,True,True
1784652346.889,633.8,70.4,True,False
1784652347.048,633.9,59.0,True,False
1784652347.208,634.1,59.2,True,False
1784652348.123,635.0,814.8,True,True
1784652348.282,635.2,59.7,True,False
1784652348.389,635.3,5.6,False,True
1784652348.548,635.4,59.2,True,False
1784652348.708,635.6,59.4,True,False
1784652349.622,636.5,813.3,True,True
1784652349.782,636.7,60.3,True,False
1784652350.692,637.6,809.4,True,True
1784652350.867,637.7,75.1,True,False
1784652351.785,638.7,817.9,True,True
1784652351.964,638.8,78.5,True,False
1784652352.123,639.0,59.0,True,False
1784652352.284,639.2,60.5,True,False
1784652352.443,639.3,59.0,True,False
1784652353.353,640.2,809.4,True,True
1784652353.531,640.4,77.6,True,False
1784652353.637,640.5,5.7,False,True
1784652353.797,640.7,59.4,True,False
1784652353.957,640.8,59.6,True,False
1784652354.868,641.7,811.0,True,True
1784652355.029,641.9,60.8,True,False
1784652355.940,642.8,810.9,True,True
1784652356.123,643.0,82.4,True,False
1784652356.286,643.2,62.5,True,False
1784652356.392,643.3,5.4,False,True
1784652357.302,644.2,809.8,True,True
1784652357.462,644.3,59.4,True,False
1784652357.622,644.5,60.3,True,False
1784652357.785,644.7,62.3,True,False
1784652357.945,644.8,59.6,True,False
1784652358.104,645.0,59.7,True,False
1784652358.212,645.1,6.9,False,True
1784652358.383,645.3,71.1,True,False
1784652358.545,645.4,61.6,True,False
1784652359.455,646.3,809.6,True,True
1784652359.561,646.4,5.6,False,True
1784652359.721,646.6,59.5,True,False
1784652359.880,646.8,59.2,True,False
1784652359.986,646.9,5.5,False,True
1784652360.092,647.0,5.4,False,True
1784652360.262,647.1,69.8,True,False
1784652360.423,647.3,60.2,True,False
1784652361.333,648.2,809.1,True,True
1784652361.493,648.4,59.2,True,False
1784652361.651,648.5,58.5,True,False
1784652361.772,648.6,20.2,False,True
1784652361.877,648.7,5.4,False,True
1784652362.037,648.9,59.1,True,False
1784652362.214,649.1,77.2,True,False
1784652362.374,649.2,59.6,True,False
1784652362.534,649.4,59.5,True,False
1784652362.640,649.5,5.6,False,True
1784652363.551,650.4,810.1,True,True
1784652363.657,650.5,5.4,False,True
1784652363.817,650.7,59.5,True,False
1784652363.976,650.8,59.1,True,False
1784652364.135,651.0,58.8,True,False
1784652364.295,651.2,59.5,True,False
1784652365.205,652.1,809.6,True,True
1784652365.365,652.2,59.6,True,False
1784652366.285,653.2,819.9,True,True
1784652366.445,653.3,59.5,True,False
1784652366.551,653.4,5.7,False,True
1784652366.721,653.6,69.5,True,False
1784652366.882,653.8,61.7,True,False
1784652367.792,654.7,809.4,True,True
1784652367.952,654.8,59.1,True,False
1784652368.111,655.0,59.1,True,False
1784652368.271,655.1,59.3,True,False
1784652368.430,655.3,59.5,True,False
1784652368.590,655.5,59.3,True,False
1784652368.695,655.6,5.3,False,True
1784652368.825,655.7,29.1,False,True
1784652368.985,655.9,59.9,True,False
1784652369.144,656.0,59.1,True,False
1784652369.252,656.1,6.9,False,True
1784652369.412,656.3,59.9,True,False
1784652369.584,656.5,72.1,True,False
1784652369.691,656.6,5.9,False,True
1784652369.797,656.7,5.8,False,True
1784652369.956,656.8,58.9,True,False
1784652370.116,657.0,59.1,True,False
1784652370.275,657.1,59.3,True,False
1784652370.435,657.3,59.6,True,False
1784652370.541,657.4,5.1,False,True
1784652370.700,657.6,58.6,True,False
1784652370.884,657.8,83.8,True,False
1784652371.043,657.9,59.2,True,False
1784652371.167,658.0,23.4,False,True
1784652371.344,658.2,76.6,True,False
1784652371.504,658.4,60.2,True,False
1784652371.610,658.5,5.8,False,True
1784652371.769,658.6,58.8,True,False
1784652371.929,658.8,59.1,True,False
1784652372.088,659.0,59.2,True,False
1784652372.247,659.1,59.3,True,False
1784652372.407,659.3,59.1,True,False
1784652372.567,659.4,59.7,True,False
1784652372.727,659.6,59.9,True,False
1784652372.886,659.8,59.3,True,False
1784652373.008,659.9,21.3,False,True
1784652373.167,660.0,58.9,True,False
1784652373.327,660.2,59.2,True,False
1784652373.433,660.3,6.0,False,True
1784652373.592,660.5,59.0,True,False
1784652373.752,660.6,59.4,True,False
1784652374.662,661.5,809.7,True,True
1784652374.823,661.7,60.1,True,False
1784652374.929,661.8,5.5,False,True
1784652375.839,662.7,809.5,True,True
1784652375.998,662.9,59.5,True,False
1784652376.158,663.0,59.4,True,False
1784652376.264,663.1,5.9,False,True
1784652376.425,663.3,60.4,True,False
1784652376.532,663.4,6.7,False,True
1784652376.640,663.5,7.5,False,True
1784652376.749,663.6,8.4,False,True
1784652376.855,663.7,6.1,False,True
1784652376.963,663.8,7.3,False,True
1784652377.873,664.7,810.1,True,True
1784652378.033,664.9,59.6,True,False
1784652378.943,665.8,809.6,True,True
1784652379.103,666.0,59.7,True,False
1784652379.209,666.1,5.8,False,True
1784652379.369,666.2,59.5,True,False
1784652379.529,666.4,59.5,True,False
1784652379.689,666.6,59.3,True,False
1784652379.848,666.7,59.5,True,False
1784652380.010,666.9,60.9,True,False
1784652380.171,667.0,61.6,True,False
1784652380.332,667.2,60.1,True,False
1784652381.242,668.1,809.8,True,True
1784652381.402,668.3,59.5,True,False
1784652381.508,668.4,5.6,False,True
1784652382.420,669.3,811.3,True,True
1784652382.580,669.5,59.5,True,False
1784652382.740,669.6,60.0,True,False
1784652382.900,669.8,59.8,True,False
1784652383.060,669.9,59.6,True,False
1784652383.220,670.1,60.0,True,False
1784652383.326,670.2,6.1,False,True
1784652383.433,670.3,7.1,False,True
1784652383.540,670.4,6.4,False,True
1784652383.700,670.6,59.9,True,False
1784652383.860,670.7,59.9,True,False
1784652384.021,670.9,59.7,True,False
1784652384.181,671.1,59.8,True,False
1784652384.341,671.2,59.6,True,False
1784652384.520,671.4,78.9,True,False
1784652384.680,671.6,59.9,True,False
1784652384.841,671.7,60.1,True,False
1784652384.946,671.8,5.4,False,True
1784652385.120,672.0,73.0,True,False
1784652385.282,672.2,62.3,True,False
1784652385.442,672.3,59.7,True,False
1784652385.620,672.5,77.5,True,False
1784652385.780,672.7,59.5,True,False
1784652385.939,672.8,59.6,True,False
1784652386.099,673.0,59.5,True,False
1784652386.205,673.1,5.8,False,True
1784652386.318,673.2,12.3,False,True
1784652387.227,674.1,809.1,True,True
1784652387.388,674.3,60.4,True,False
1784652387.517,674.4,29.6,False,True
1784652387.678,674.6,60.0,True,False
1784652387.839,674.7,60.7,True,False
1784652387.945,674.8,6.1,False,True
1784652388.051,674.9,5.5,False,True
1784652388.157,675.0,6.2,False,True
1784652389.082,676.0,824.2,True,True
1784652389.242,676.1,59.7,True,False
1784652389.402,676.3,60.1,True,False
1784652389.572,676.4,68.9,True,False
1784652389.734,676.6,62.0,True,False
1784652389.894,676.8,59.7,True,False
1784652390.083,677.0,88.5,True,False
1784652390.993,677.9,809.5,True,True
1784652391.153,678.0,59.4,True,False
1784652392.062,678.9,809.5,True,True
1784652392.222,679.1,59.6,True,False
1784652392.329,679.2,6.0,False,True
1784652392.488,679.4,59.5,True,False
1784652393.398,680.3,809.3,True,True
1784652393.527,680.4,28.4,False,True
1784652393.687,680.6,59.4,True,False
1784652393.815,680.7,27.8,False,True
1784652393.921,680.8,5.9,False,True
1784652394.082,681.0,61.1,True,False
1784652394.243,681.1,60.3,True,False
1784652394.403,681.3,59.7,True,False
1784652395.312,682.2,809.5,True,True
1784652395.488,682.4,74.8,True,False
1784652395.594,682.5,5.8,False,True
1784652395.753,682.6,59.5,True,False
1784652395.913,682.8,59.3,True,False
1784652396.073,682.9,60.0,True,False
1784652396.233,683.1,59.4,True,False
1784652396.393,683.3,59.5,True,False
1784652396.552,683.4,59.5,True,False
1784652397.462,684.3,809.3,True,True
1784652397.622,684.5,59.5,True,False
1784652397.782,684.7,60.0,True,False
1784652397.943,684.8,60.3,True,False
1784652398.104,685.0,60.5,True,False
1784652398.264,685.1,60.3,True,False
1784652398.442,685.3,78.0,True,False
1784652398.602,685.5,59.3,True,False
1784652398.707,685.6,5.4,False,True
1784652398.866,685.7,58.6,True,False
1784652399.026,685.9,59.3,True,False
1784652399.203,686.1,77.3,True,False
1784652399.363,686.2,58.9,True,False
1784652399.469,686.3,5.7,False,True
1784652399.575,686.4,5.3,False,True
1784652400.495,687.4,820.7,True,True
1784652400.676,687.5,79.7,True,False
1784652400.835,687.7,59.2,True,False
1784652400.995,687.9,59.5,True,False
1784652401.905,688.8,809.4,True,True
1784652402.065,688.9,59.8,True,False
1784652402.226,689.1,60.2,True,False
1784652402.385,689.3,59.1,True,False
1784652402.491,689.4,5.6,False,True
1784652402.651,689.5,59.0,True,False
1784652402.811,689.7,60.0,True,False
1784652402.970,689.8,59.1,True,False
1784652403.096,690.0,24.9,False,True
1784652403.201,690.1,5.3,False,True
1784652403.329,690.2,28.2,False,True
1784652404.239,691.1,809.9,True,True
1784652404.399,691.3,59.8,True,False
1784652405.309,692.2,809.8,True,True
1784652405.428,692.3,18.8,False,True
1784652405.588,692.5,59.4,True,False
1784652405.694,692.6,5.5,False,True
1784652405.870,692.7,75.8,True,False
1784652406.038,692.9,68.6,True,False
1784652406.199,693.1,60.1,True,False
1784652406.359,693.2,59.8,True,False
1784652406.520,693.4,60.6,True,False
1784652406.625,693.5,5.4,False,True
1784652406.785,693.7,59.2,True,False
1784652406.945,693.8,60.0,True,False
1784652407.855,694.7,809.8,True,True
1784652408.015,694.9,60.5,True,False
1784652408.176,695.0,60.4,True,False
1784652408.336,695.2,59.6,True,False
1784652408.442,695.3,6.0,False,True
1784652408.604,695.5,61.8,True,False
1784652408.789,695.7,84.3,True,False
1784652408.951,695.8,61.2,True,False
1784652409.111,696.0,59.9,True,False
1784652409.270,696.1,59.4,True,False
1784652409.430,696.3,59.7,True,False
1784652409.536,696.4,5.6,False,True
1784652410.446,697.3,809.1,True,True
1784652410.606,697.5,60.1,True,False
1784652410.765,697.6,58.6,True,False
1784652410.924,697.8,59.2,True,False
1784652411.092,698.0,68.1,True,False
1784652412.006,698.9,812.9,True,True
1784652412.112,699.0,6.0,False,True
1784652412.272,699.1,59.1,True,False
1784652412.432,699.3,60.1,True,False
1784652412.591,699.5,59.0,True,False
1784652412.752,699.6,60.8,True,False
1784652412.913,699.8,60.7,True,False
1784652413.825,700.7,811.1,True,True
1784652413.988,700.9,63.1,True,False
1784652414.095,701.0,6.1,False,True
1784652414.254,701.1,59.6,True,False
1784652414.432,701.3,77.5,True,False
1784652414.591,701.5,58.6,True,False
1784652414.697,701.6,5.7,False,True
1784652414.803,701.7,5.9,False,True
1784652415.713,702.6,809.4,True,True
1784652415.887,702.8,73.8,True,False
1784652416.797,703.7,809.5,True,True
1784652416.903,703.8,5.7,False,True
1784652417.064,703.9,60.3,True,False
1784652417.974,704.8,809.9,True,True
1784652418.134,705.0,59.3,True,False
1784652419.043,705.9,809.0,True,True
1784652419.204,706.1,60.7,True,False
1784652420.134,707.0,829.5,True,True
1784652420.294,707.2,60.4,True,False
1784652421.204,708.1,809.3,True,True
1784652421.363,708.2,59.0,True,False
1784652422.273,709.1,809.5,True,True
1784652422.433,709.3,60.1,True,False
1784652422.593,709.5,59.1,True,False
1784652422.752,709.6,59.1,True,False
1784652422.911,709.8,59.1,True,False
1784652423.072,709.9,60.5,True,False
1784652423.234,710.1,62.2,True,False
1784652424.145,711.0,810.6,True,True
1784652424.306,711.2,60.1,True,False
1784652424.466,711.3,59.6,True,False
1784652424.626,711.5,59.7,True,False
1784652425.537,712.4,810.6,True,True
1784652425.696,712.6,58.5,True,False
1784652425.802,712.7,5.6,False,True
1784652425.973,712.8,71.0,True,False
1784652426.133,713.0,59.8,True,False
1784652426.293,713.2,59.6,True,False
1784652426.453,713.3,59.5,True,False
1784652426.559,713.4,5.4,False,True
1784652426.719,713.6,59.5,True,False
1784652426.879,713.8,59.9,True,False
1784652427.038,713.9,59.3,True,False
1784652427.198,714.1,59.6,True,False
1784652427.358,714.2,59.3,True,False
1784652427.518,714.4,59.6,True,False
1784652427.678,714.5,59.4,True,False
1784652427.837,714.7,59.6,True,False
1784652427.997,714.9,59.4,True,False
1784652428.157,715.0,59.8,True,False
1784652428.263,715.1,6.1,False,True
1784652428.370,715.2,6.3,False,True
1784652429.280,716.2,809.6,True,True
1784652429.440,716.3,59.7,True,False
1784652430.349,717.2,809.4,True,True
1784652430.509,717.4,59.9,True,False
1784652431.419,718.3,809.3,True,True
1784652431.579,718.5,59.1,True,False
1784652431.739,718.6,60.2,True,False
1784652431.898,718.8,59.0,True,False
1784652432.005,718.9,6.0,False,True
1784652432.165,719.0,59.3,True,False
1784652432.270,719.1,5.5,False,True
1784652432.431,719.3,59.6,True,False
1784652432.590,719.5,59.2,True,False
1784652432.750,719.6,59.2,True,False
1784652432.910,719.8,59.9,True,False
1784652433.090,720.0,80.5,True,False
1784652433.250,720.1,59.2,True,False
1784652434.159,721.0,808.8,True,True
1784652434.319,721.2,59.1,True,False
1784652434.424,721.3,5.6,False,True
1784652434.584,721.5,59.6,True,False
1784652434.744,721.6,59.5,True,False
1784652434.903,721.8,59.2,True,False
1784652435.834,722.7,831.0,True,True
1784652435.994,722.9,59.3,True,False
1784652436.154,723.0,59.3,True,False
1784652436.314,723.2,59.7,True,False
1784652437.223,724.1,809.0,True,True
1784652437.384,724.3,60.4,True,False
1784652437.491,724.4,6.2,False,True
1784652437.651,724.5,59.7,True,False
1784652437.811,724.7,59.5,True,False
1784652437.917,724.8,5.6,False,True
1784652438.827,725.7,809.9,True,True
1784652438.998,725.9,71.0,True,False
1784652439.104,726.0,5.6,False,True
1784652439.263,726.1,59.5,True,False
1784652439.424,726.3,60.4,True,False
1784652439.585,726.5,60.3,True,False
1784652439.744,726.6,59.2,True,False
1784652439.850,726.7,5.5,False,True
1784652440.024,726.9,74.1,True,False
1784652440.933,727.8,808.7,True,True
1784652441.039,727.9,5.6,False,True
1784652441.199,728.1,59.9,True,False
1784652441.305,728.2,6.2,False,True
1784652441.465,728.3,59.2,True,False
1784652441.624,728.5,58.9,True,False
1784652441.783,728.7,58.6,True,False
1784652441.942,728.8,59.2,True,False
1784652442.048,728.9,5.6,False,True
1784652442.154,729.0,5.1,False,True
1784652443.063,729.9,808.6,True,True
1784652443.222,730.1,58.7,True,False
1784652443.381,730.3,58.9,True,False
1784652443.556,730.4,74.8,True,False
1784652443.714,730.6,58.4,True,False
1784652443.820,730.7,5.7,False,True
1784652443.979,730.9,58.7,True,False
1784652444.159,731.0,79.4,True,False
1784652444.276,731.1,16.4,False,True
1784652444.435,731.3,59.4,True,False
1784652444.595,731.5,59.2,True,False
1784652444.755,731.6,59.5,True,False
1784652444.914,731.8,58.8,True,False
1784652445.824,732.7,809.5,True,True
1784652445.983,732.9,59.4,True,False
1784652446.143,733.0,58.9,True,False
1784652446.302,733.2,59.1,True,False
1784652446.461,733.3,58.7,True,False
1784652447.374,734.2,812.7,True,True
1784652447.534,734.4,59.4,True,False
1784652447.640,734.5,5.4,False,True
1784652447.800,734.7,59.3,True,False
1784652447.959,734.8,58.7,True,False
1784652448.117,735.0,58.8,True,False
1784652448.224,735.1,5.7,False,True
1784652448.383,735.3,58.8,True,False
1784652448.543,735.4,59.2,True,False
1784652449.451,736.3,808.7,True,True
1784652449.611,736.5,58.9,True,False
1784652449.770,736.6,59.0,True,False
1784652449.876,736.7,5.5,False,True
1784652450.035,736.9,58.9,True,False
1784652450.194,737.1,58.9,True,False
1784652450.353,737.2,58.9,True,False
1784652450.513,737.4,59.7,True,False
1784652450.673,737.5,59.3,True,False
1784652451.583,738.5,809.5,True,True
1784652451.742,738.6,59.3,True,False
1784652452.652,739.5,809.2,True,True
1784652452.811,739.7,59.2,True,False
1784652452.972,739.8,60.8,True,False
1784652453.078,740.0,6.1,False,True
1784652453.184,740.1,5.9,False,True
1784652453.344,740.2,59.5,True,False
1784652453.520,740.4,75.7,True,False
1784652453.626,740.5,5.5,False,True
1784652454.549,741.4,821.9,True,True
1784652454.709,741.6,60.4,True,False
1784652454.871,741.7,60.8,True,False
1784652457.781,744.7,2810.1,False,True
1784652459.939,746.8,2058.0,False,True
1784652462.849,749.7,2809.0,False,True
1784652465.008,751.9,2058.6,False,True
1784652467.168,754.0,2059.6,False,True
1784652469.328,756.2,2060.2,False,True
1784652469.487,756.4,58.5,False,True
1784652469.593,756.5,5.8,False,True
1784652469.752,756.6,58.8,False,True
1784652469.911,756.8,59.0,False,True
1784652470.070,756.9,58.4,False,True
1784652470.228,757.1,57.9,False,True
1784652471.137,758.0,808.4,False,True
1784652471.296,758.2,58.5,False,True
1784652471.402,758.3,6.1,False,True
1784652471.561,758.4,58.4,False,True
1784652472.755,759.6,1094.5,False,True
1784652473.939,760.8,1083.7,False,True
1784652474.046,760.9,6.1,False,True
1784652474.152,761.0,6.0,False,True
1784652475.315,762.2,1063.5,False,True
1784652475.421,762.3,5.6,False,True
1784652475.580,762.5,58.3,False,True
1784652476.787,763.7,1106.9,False,True
1784652477.971,764.8,1084.1,False,True
1784652479.155,766.0,1083.7,False,True
1784652480.339,767.2,1083.1,False,True
1784652480.446,767.3,6.2,False,True
1784652481.354,768.2,808.5,False,True
1784652482.263,769.1,808.0,False,True
1784652482.369,769.2,5.7,False,True
1784652482.528,769.4,58.8,False,True
1784652483.699,770.6,1071.0,False,True
1784652484.883,771.8,1082.8,False,True
1784652486.067,772.9,1083.5,False,True
1784652487.250,774.1,1083.6,False,True
1784652488.434,775.3,1083.6,False,True
1784652488.540,775.4,5.7,False,True
1784652489.449,776.3,808.3,False,True
1784652489.555,776.4,5.5,False,True
1784652489.714,776.6,59.0,False,True
1784652490.899,777.8,1084.2,False,True
1784652492.082,779.0,1083.5,False,True
1784652492.991,779.9,808.8,False,True
1784652494.163,781.0,1071.1,False,True
1784652495.346,782.2,1083.5,False,True
1784652495.453,782.3,5.8,False,True
1784652496.361,783.2,808.3,False,True
1784652496.520,783.4,58.2,False,True
1784652497.682,784.6,1062.3,False,True
1784652498.867,785.7,1083.6,False,True
1784652500.050,786.9,1083.7,False,True
1784652501.234,788.1,1083.4,False,True
1784652502.418,789.3,1083.8,False,True
1784652502.577,789.4,58.5,False,True
1784652503.762,790.6,1084.6,False,True
1784652504.946,791.8,1083.7,False,True
1784652506.130,793.0,1083.6,False,True
1784652506.236,793.1,6.2,False,True
1784652507.410,794.3,1073.5,False,True
1784652508.320,795.2,809.3,False,True
1784652509.490,796.4,1070.1,False,True
1784652509.648,796.5,58.1,False,True
1784652510.834,797.7,1085.7,False,True
1784652512.018,798.9,1083.6,False,True
1784652513.202,800.1,1083.3,False,True
1784652514.386,801.3,1083.5,False,True
1784652515.295,802.2,808.8,False,True
1784652515.400,802.3,5.3,False,True
1784652515.559,802.4,58.7,False,True
1784652515.665,802.5,5.5,False,True
1784652516.853,803.7,1087.9,False,True
1784652518.033,804.9,1079.8,False,True
1784652519.217,806.1,1083.6,False,True
1784652520.401,807.3,1083.7,False,True
1784652520.560,807.4,58.5,False,True
1784652521.745,808.6,1084.7,False,True
1784652521.851,808.7,5.5,False,True
1784652523.025,809.9,1073.5,False,True
1784652525.188,812.1,2062.7,False,True
1784652525.349,812.2,60.2,True,False
1784652527.282,814.2,1832.9,True,True
1784652527.442,814.3,59.5,True,False
1784652527.602,814.5,60.0,True,False
1784652527.710,814.6,7.7,False,True
1784652527.870,814.7,59.5,True,False
1784652529.046,815.9,1075.9,True,True
1784652529.967,816.8,820.5,True,True
1784652530.127,817.0,59.0,True,False
1784652530.286,817.2,59.5,True,False
1784652531.478,818.4,1091.7,True,True
1784652532.466,819.3,887.2,True,True
1784652532.626,819.5,60.2,True,False
1784652532.787,819.7,60.3,True,False
1784652532.969,819.8,82.2,True,False
1784652533.075,819.9,5.8,False,True
1784652533.181,820.1,5.5,False,True
1784652533.287,820.2,5.6,False,True
1784652533.649,820.5,262.0,True,True
1784652533.809,820.7,59.5,True,False
1784652533.915,820.8,5.8,False,True
1784652535.637,822.5,1622.0,True,True
1784652535.755,822.6,17.5,False,True
1784652535.915,822.8,60.1,True,False
1784652537.106,824.0,1090.9,True,True
1784652537.267,824.1,60.0,True,False
1784652537.436,824.3,69.0,True,False
1784652537.595,824.5,58.9,True,False
1784652538.581,825.5,885.9,True,True
1784652539.494,826.4,812.2,True,True
1784652539.654,826.5,59.7,True,False
1784652539.813,826.7,59.6,True,False
1784652539.973,826.8,59.1,True,False
1784652540.079,827.0,5.5,False,True
1784652540.239,827.1,60.5,True,False
1784652540.346,827.2,6.1,False,True
1784652541.733,828.6,1286.8,True,True
1784652541.840,828.7,6.2,False,True
1784652542.020,828.9,79.8,True,False
1784652542.180,829.1,59.9,True,False
1784652542.545,829.4,264.8,True,True
1784652542.704,829.6,59.1,True,False
1784652542.811,829.7,5.9,False,True
1784652543.181,830.1,269.5,True,True
1784652543.340,830.2,59.3,True,False
1784652543.469,830.3,28.3,False,True
1784652544.658,831.5,1088.3,True,True
1784652544.817,831.7,59.7,True,False
1784652544.924,831.8,6.2,False,True
1784652546.097,833.0,1072.8,True,True
1784652547.008,833.9,809.7,True,True
1784652547.167,834.0,59.2,True,False
1784652547.326,834.2,59.2,True,False
1784652547.487,834.4,60.2,True,False
1784652547.646,834.5,58.9,True,False
1784652548.577,835.4,830.4,True,True
1784652548.737,835.6,60.2,True,False
1784652548.897,835.8,59.4,True,False
1784652549.002,835.9,5.4,False,True
1784652549.130,836.0,27.7,False,True
1784652549.290,836.2,59.5,True,False
1784652549.449,836.3,58.9,True,False
1784652549.578,836.5,28.1,False,True
1784652549.738,836.6,59.3,True,False
1784652549.897,836.8,59.1,True,False
1784652550.057,836.9,59.6,True,False
1784652550.165,837.0,7.3,False,True
1784652550.270,837.1,5.3,False,True
1784652550.392,837.3,21.5,False,True
1784652551.301,838.2,809.4,True,True
1784652551.462,838.3,59.9,True,False
1784652552.371,839.2,808.8,True,True
1784652552.530,839.4,59.1,True,False
1784652552.689,839.6,59.2,True,False
1784652552.849,839.7,59.4,True,False
1784652552.955,839.8,5.9,False,True
1784652553.864,840.7,809.2,True,True
1784652554.024,840.9,59.3,True,False
1784652554.936,841.8,811.9,True,True
1784652555.098,842.0,61.1,True,False
1784652555.204,842.1,5.6,False,True
1784652556.126,843.0,821.8,True,True
1784652556.286,843.2,60.2,True,False
1784652556.392,843.3,6.0,False,True
1784652557.315,844.2,822.7,True,True
1784652557.498,844.4,82.4,True,False
1784652557.658,844.5,59.0,True,False
1784652557.837,844.7,79.1,True,False
1784652557.997,844.9,59.4,True,False
1784652558.157,845.0,60.4,True,False
1784652558.317,845.2,59.1,True,False
1784652558.476,845.3,59.3,True,False
1784652558.636,845.5,59.2,True,False
1784652558.795,845.7,59.3,True,False
1784652558.955,845.8,59.2,True,False
1784652559.114,846.0,59.3,True,False
1784652559.274,846.1,59.7,True,False
1784652559.434,846.3,59.4,True,False
1784652559.593,846.5,59.4,True,False
1784652559.753,846.6,59.4,True,False
1784652559.913,846.8,59.0,True,False
1784652560.839,847.7,826.2,True,True
1784652560.998,847.9,58.9,True,False
1784652561.158,848.0,58.9,True,False
1784652561.285,848.2,26.7,False,True
1784652562.196,849.1,811.0,True,True
1784652562.357,849.2,60.4,True,False
1784652562.474,849.3,16.7,False,True
1784652563.383,850.3,809.3,True,True
1784652563.544,850.4,60.1,True,False
1784652563.726,850.6,82.3,True,False
1784652563.886,850.8,59.2,True,False
1784652564.811,851.7,825.4,True,True
1784652564.971,851.8,59.5,True,False
1784652565.089,852.0,18.0,False,True
1784652565.999,852.9,809.4,True,True
1784652566.158,853.0,59.4,True,False
1784652566.318,853.2,59.1,True,False
1784652567.244,854.1,826.1,True,True
1784652567.403,854.3,59.3,True,False
1784652568.313,855.2,809.1,True,True
1784652568.472,855.3,59.0,True,False
1784652568.632,855.5,59.2,True,False
1784652568.791,855.7,59.0,True,False
1784652568.951,855.8,59.2,True,False
1784652569.111,856.0,59.0,True,False
1784652569.270,856.1,59.6,True,False
1784652569.450,856.3,79.2,True,False
1784652569.556,856.4,5.4,False,True
1784652569.715,856.6,58.9,True,False
1784652570.626,857.5,810.2,True,True
1784652570.785,857.7,59.0,True,False
1784652571.695,858.6,809.6,True,True
1784652571.878,858.8,82.6,True,False
1784652571.984,858.9,6.1,False,True
1784652572.894,859.8,809.8,True,True
1784652573.054,859.9,59.6,True,False
1784652573.214,860.1,59.2,True,False
1784652573.340,860.2,26.4,False,True
1784652573.500,860.4,59.8,True,False
1784652573.660,860.5,59.0,True,False
1784652573.819,860.7,59.2,True,False
1784652573.925,860.8,5.7,False,True
1784652574.835,861.7,809.3,True,True
1784652574.941,861.8,5.5,False,True
1784652575.101,862.0,59.6,True,False
1784652575.207,862.1,6.2,False,True
1784652575.381,862.3,73.4,True,False
1784652575.549,862.4,68.1,True,False
1784652575.665,862.5,15.7,False,True
1784652576.575,863.4,809.1,True,True
1784652576.734,863.6,59.1,True,False
1784652577.655,864.5,820.9,True,True
1784652577.816,864.7,59.9,True,False
1784652577.979,864.9,63.1,True,False
1784652578.140,865.0,61.2,True,False
1784652578.300,865.2,59.6,True,False
1784652578.460,865.3,59.6,True,False
1784652578.619,865.5,59.1,True,False
1784652578.725,865.6,5.6,False,True
1784652579.635,866.5,809.7,True,True
1784652579.795,866.7,59.0,True,False
1784652579.901,866.8,5.8,False,True
1784652580.007,866.9,5.9,False,True
1784652580.132,867.0,24.4,False,True
1784652580.309,867.2,77.0,True,False
1784652580.415,867.3,5.4,False,True
1784652580.586,867.5,70.5,True,False
1784652580.745,867.6,58.6,True,False
1784652580.906,867.8,60.5,True,False
1784652581.066,867.9,59.8,True,False
1784652581.172,868.0,6.1,False,True
1784652581.332,868.2,59.2,True,False
1784652581.492,868.4,59.8,True,False
1784652582.401,869.3,809.3,True,True
1784652582.507,869.4,5.1,False,True
1784652582.666,869.5,59.3,True,False
1784652582.826,869.7,59.1,True,False
1784652582.943,869.8,17.3,False,True
1784652583.853,870.7,809.1,True,True
1784652584.012,870.9,58.7,True,False
1784652584.922,871.8,809.6,True,True
1784652585.081,872.0,59.1,True,False
1784652585.241,872.1,59.1,True,False
1784652586.150,873.0,809.4,True,True
1784652586.256,873.1,5.8,False,True
1784652586.415,873.3,58.7,True,False
1784652587.335,874.2,819.7,True,True
1784652587.496,874.4,60.1,True,False
1784652587.601,874.5,5.2,False,True
1784652588.510,875.4,809.1,True,True
1784652588.670,875.5,59.8,True,False
1784652588.777,875.6,6.0,False,True
1784652589.686,876.6,809.0,True,True
1784652589.845,876.7,58.9,True,False
1784652589.953,876.8,7.1,False,True
1784652590.113,877.0,59.9,True,False
1784652590.272,877.1,59.3,True,False
1784652590.379,877.3,6.4,False,True
1784652590.485,877.4,5.1,False,True
1784652591.394,878.3,809.3,True,True
1784652591.553,878.4,59.2,True,False
1784652592.463,879.3,809.5,True,True
1784652592.623,879.5,59.6,True,False
1784652592.782,879.7,58.8,True,False
1784652592.941,879.8,58.9,True,False
1784652593.101,880.0,59.5,True,False
1784652593.260,880.1,59.0,True,False
1784652593.421,880.3,60.0,True,False
1784652593.526,880.4,5.3,False,True
1784652593.707,880.6,80.4,True,False
1784652594.625,881.5,818.2,True,True
1784652594.785,881.7,59.0,True,False
1784652594.944,881.8,59.6,True,False
1784652595.120,882.0,74.9,True,False
1784652595.279,882.2,59.0,True,False
1784652595.439,882.3,59.8,True,False
1784652596.349,883.2,809.9,True,True
1784652596.508,883.4,59.3,True,False
1784652596.668,883.5,59.1,True,False
1784652596.845,883.7,76.6,True,False
1784652597.004,883.9,59.0,True,False
1784652597.916,884.8,811.4,True,True
1784652598.077,884.9,60.7,True,False
1784652598.987,885.9,809.5,True,True
1784652599.146,886.0,59.1,True,False
1784652599.253,886.1,6.1,False,True
1784652599.380,886.3,27.2,False,True
1784652599.540,886.4,59.7,True,False
1784652600.450,887.3,809.4,True,True
1784652600.610,887.5,60.0,True,False
1784652601.519,888.4,809.3,True,True
1784652601.699,888.6,79.1,True,False
1784652601.860,888.7,61.3,True,False
1784652601.967,888.8,6.1,False,True
1784652602.127,889.0,59.7,True,False
1784652602.287,889.2,60.4,True,False
1784652602.393,889.3,5.9,False,True
1784652602.553,889.4,59.5,True,False
1784652602.713,889.6,60.1,True,False
1784652602.873,889.7,59.8,True,False
1784652603.783,890.7,809.8,True,True
1784652603.943,890.8,59.4,True,False
1784652604.103,891.0,58.9,True,False
1784652604.262,891.1,58.8,True,False
1784652604.422,891.3,59.6,True,False
1784652604.581,891.5,59.4,True,False
1784652604.740,891.6,58.8,True,False
1784652604.901,891.8,60.5,True,False
1784652605.811,892.7,809.7,True,True
1784652605.972,892.8,60.2,True,False
1784652606.078,893.0,5.6,False,True
1784652606.256,893.1,77.3,True,False
1784652606.416,893.3,60.3,True,False
1784652606.523,893.4,6.3,False,True
1784652606.682,893.6,59.2,True,False
1784652606.842,893.7,59.1,True,False
1784652607.002,893.9,59.4,True,False
1784652607.162,894.0,59.9,True,False
1784652607.322,894.2,59.9,True,False
1784652607.428,894.3,6.0,False,True
1784652607.589,894.5,60.5,True,False
1784652607.763,894.6,73.0,True,False
1784652607.935,894.8,72.1,True,False
1784652608.104,895.0,68.4,True,False
1784652609.013,895.9,808.8,True,True
1784652609.173,896.0,59.2,True,False
1784652610.082,897.0,808.9,True,True
1784652610.242,897.1,59.7,True,False
1784652610.347,897.2,5.8,False,True
1784652610.508,897.4,60.0,True,False
1784652610.614,897.5,5.9,False,True
1784652611.542,898.4,827.0,True,True
1784652611.701,898.6,59.4,True,False
1784652612.610,899.5,809.2,True,True
1784652612.716,899.6,5.2,False,True
1784652612.875,899.7,58.9,True,False
1784652612.981,899.9,5.6,False,True
1784652613.141,900.0,59.5,True,False
1784652614.050,900.9,809.3,True,True
1784652614.157,901.0,5.7,False,True
1784652614.325,901.2,68.3,True,False
1784652614.431,901.3,5.4,False,True
1784652615.341,902.2,809.8,True,True
1784652615.501,902.4,59.4,True,False
1784652615.662,902.5,60.4,True,False
1784652615.822,902.7,60.3,True,False
1784652616.002,902.9,79.3,True,False
1784652616.162,903.0,59.6,True,False
1784652616.268,903.1,5.9,False,True
1784652616.374,903.2,5.5,False,True
1784652616.480,903.4,5.6,False,True
1784652616.639,903.5,59.0,True,False
1784652617.548,904.4,808.7,True,True
1784652617.654,904.5,5.6,False,True
1784652617.778,904.7,23.3,False,True
1784652617.937,904.8,59.2,True,False
1784652618.097,905.0,59.5,True,False
1784652618.257,905.1,59.7,True,False
1784652618.417,905.3,59.4,True,False
1784652618.576,905.4,59.0,True,False
1784652618.735,905.6,58.8,True,False
1784652618.895,905.8,59.9,True,False
1784652619.055,905.9,60.0,True,False
1784652619.966,906.8,810.7,True,True
1784652620.088,907.0,21.1,False,True
1784652620.248,907.1,59.7,True,False
1784652620.354,907.2,6.6,False,True
1784652621.264,908.1,809.5,True,True
1784652621.425,908.3,59.6,True,False
1784652621.531,908.4,5.9,False,True
1784652621.690,908.6,59.0,True,False
1784652621.796,908.7,5.6,False,True
1784652621.955,908.8,59.0,True,False
1784652622.115,909.0,59.7,True,False
1784652622.221,909.1,5.7,False,True
1784652622.380,909.3,58.8,True,False
1784652622.540,909.4,59.5,True,False
1784652622.700,909.6,59.7,True,False
1784652622.861,909.7,59.7,True,False
1784652622.967,909.8,5.7,False,True
1784652623.876,910.7,809.4,True,True
1784652624.059,910.9,82.4,True,False
1784652624.969,911.8,809.4,True,True
1784652625.129,912.0,60.0,True,False
1784652626.040,912.9,811.4,True,True
1784652626.200,913.1,59.3,True,False
1784652626.360,913.2,59.3,True,False
1784652626.522,913.4,61.9,True,False
1784652626.628,913.5,5.8,False,True
1784652626.737,913.6,8.5,False,True
1784652626.897,913.8,59.8,True,False
1784652627.071,913.9,73.3,True,False
1784652627.231,914.1,60.2,True,False
1784652627.337,914.2,5.6,False,True
1784652627.505,914.4,67.8,True,False
1784652627.665,914.5,59.7,True,False
1784652627.824,914.7,59.6,True,False
1784652628.734,915.6,809.1,True,True
1784652628.894,915.8,59.6,True,False
1784652629.017,915.9,22.9,False,True
1784652629.926,916.8,809.1,True,True
1784652630.085,917.0,58.9,True,False
1784652630.244,917.1,58.7,True,False
1784652630.403,917.3,58.6,True,False
1784652630.563,917.4,59.3,True,False
1784652630.721,917.6,58.8,True,False
1784652630.881,917.8,59.6,True,False
1784652631.041,917.9,59.3,True,False
1784652631.223,918.1,81.9,True,False
1784652631.384,918.3,60.5,True,False
1784652631.544,918.4,59.6,True,False
1784652631.650,918.5,6.1,False,True
1784652631.810,918.7,59.3,True,False
1784652631.969,918.8,58.6,True,False
1784652632.129,919.0,59.4,True,False
1784652632.235,919.1,6.0,False,True
1784652632.362,919.2,27.2,False,True
1784652632.468,919.3,5.1,False,True
1784652632.626,919.5,58.8,True,False
1784652632.799,919.7,71.9,True,False
1784652633.708,920.6,808.9,True,True
1784652633.868,920.7,59.6,True,False
1784652634.028,920.9,59.5,True,False
1784652634.187,921.1,59.0,True,False
1784652634.346,921.2,58.7,True,False
1784652634.505,921.4,59.0,True,False
1784652634.665,921.5,59.5,True,False
1784652634.824,921.7,58.9,True,False
1784652634.930,921.8,5.2,False,True
1784652635.089,922.0,59.0,True,False
1784652635.248,922.1,58.7,True,False
1784652635.408,922.3,59.6,True,False
1784652635.567,922.4,58.9,True,False
1784652635.726,922.6,59.1,True,False
1784652636.644,923.5,817.8,True,True
1784652636.804,923.7,59.1,True,False
1784652636.909,923.8,5.3,False,True
1784652637.015,923.9,5.2,False,True
1784652637.184,924.1,69.4,True,False
1784652637.345,924.2,59.7,True,False
1784652637.505,924.4,59.7,True,False
1784652637.611,924.5,5.9,False,True
1784652638.537,925.4,826.2,True,True
1784652638.697,925.6,59.6,True,False
1784652639.606,926.5,808.8,True,True
1784652639.765,926.6,58.9,True,False
1784652640.696,927.6,830.8,True,True
1784652640.856,927.7,59.6,True,False
1784652640.962,927.8,5.8,False,True
1784652641.067,927.9,5.0,False,True
1784652641.173,928.0,5.3,False,True
1784652641.332,928.2,58.8,True,False
1784652641.492,928.4,59.6,True,False
1784652641.614,928.5,21.7,False,True
1784652642.526,929.4,811.4,True,True
1784652642.686,929.6,59.8,True,False
1784652642.846,929.7,59.7,True,False
1784652643.016,929.9,69.8,True,False
1784652643.185,930.1,68.4,True,False
1784652643.344,930.2,59.3,True,False
1784652644.253,931.1,808.8,True,True
1784652644.412,931.3,58.9,True,False
1784652644.595,931.5,82.4,True,False
1784652644.701,931.6,5.2,False,True
1784652644.806,931.7,5.3,False,True
1784652644.912,931.8,5.4,False,True
1784652645.072,931.9,59.5,True,False
1784652645.980,932.9,808.9,True,True
1784652646.140,933.0,59.2,True,False
1784652646.245,933.1,5.3,False,True
1784652646.405,933.3,59.2,True,False
1784652646.511,933.4,5.3,False,True
1784652647.419,934.3,808.7,True,True
1784652647.579,934.5,59.5,True,False
1784652647.685,934.6,5.6,False,True
1784652647.791,934.7,5.3,False,True
1784652647.897,934.8,5.7,False,True
1784652648.816,935.7,819.2,True,True
1784652648.976,935.8,59.5,True,False
1784652649.136,936.0,60.0,True,False
1784652649.296,936.2,59.1,True,False
1784652650.225,937.1,829.1,True,True
1784652650.385,937.3,59.1,True,False
1784652650.491,937.4,6.1,False,True
1784652650.597,937.5,5.6,False,True
1784652650.757,937.6,59.6,True,False
1784652650.863,937.7,5.8,False,True
1784652650.969,937.8,5.7,False,True
1784652651.141,938.0,71.2,True,False
1784652652.050,938.9,809.4,True,True
1784652652.157,939.0,6.4,False,True
1784652652.327,939.2,69.1,True,False
1784652653.236,940.1,808.8,True,True
1784652653.396,940.3,59.4,True,False
1784652654.305,941.2,808.9,True,True
1784652654.465,941.3,60.2,True,False
1784652654.572,941.4,6.2,False,True
1784652654.747,941.6,74.8,True,False
1784652654.906,941.8,59.3,True,False
1784652655.816,942.7,810.1,True,True
1784652655.976,942.8,59.3,True,False
1784652656.136,943.0,59.1,True,False
1784652656.296,943.2,59.4,True,False
1784652656.402,943.3,5.6,False,True
1784652656.508,943.4,5.8,False,True
1784652656.668,943.5,59.3,True,False
1784652656.828,943.7,59.9,True,False
1784652657.738,944.6,809.8,True,True
1784652657.897,944.8,59.3,True,False
1784652658.004,944.9,5.9,False,True
1784652658.164,945.0,60.2,True,False
1784652659.074,945.9,809.6,True,True
1784652659.234,946.1,59.3,True,False
1784652659.340,946.2,5.3,False,True
1784652659.445,946.3,5.2,False,True
1784652660.354,947.2,809.0,True,True
1784652660.513,947.4,59.1,True,False
1784652660.694,947.6,80.3,True,False
1784652660.854,947.7,59.7,True,False
1784652661.765,948.6,810.6,True,True
1784652661.924,948.8,59.2,True,False
1784652662.834,949.7,809.5,True,True
1784652662.994,949.9,59.8,True,False
1784652663.154,950.0,59.7,True,False
