ts,elapsed_s,latency_ms,ok,sla_violated
1784652834.239,0.1,89.1,True,False
1784652834.401,0.3,61.2,True,False
1784652834.563,0.4,61.7,True,False
1784652834.723,0.6,59.7,True,False
1784652834.883,0.7,59.6,True,False
1784652835.042,0.9,59.1,True,False
1784652835.202,1.1,59.3,True,False
1784652835.361,1.2,59.1,True,False
1784652835.522,1.4,61.0,True,False
1784652835.682,1.5,59.3,True,False
1784652835.841,1.7,58.7,True,False
1784652836.001,1.9,59.4,True,False
1784652836.176,2.0,74.8,True,False
1784652836.346,2.2,69.4,True,False
1784652836.528,2.4,82.2,True,False
1784652836.687,2.5,58.7,True,False
1784652836.869,2.7,80.8,True,False
1784652837.028,2.9,59.0,True,False
1784652837.188,3.0,60.0,True,False
1784652837.348,3.2,60.3,True,False
1784652837.507,3.4,58.7,True,False
1784652837.689,3.5,81.1,True,False
1784652837.849,3.7,59.8,True,False
1784652838.008,3.9,58.7,True,False
1784652838.168,4.0,58.8,True,False
1784652838.327,4.2,59.5,True,False
1784652838.487,4.3,59.2,True,False
1784652838.646,4.5,59.1,True,False
1784652838.826,4.7,79.5,True,False
1784652838.985,4.8,58.9,True,False
1784652839.145,5.0,59.9,True,False
1784652839.305,5.2,59.2,True,False
1784652839.476,5.3,70.6,True,False
1784652839.637,5.5,59.9,True,False
1784652839.819,5.7,81.8,True,False
1784652839.979,5.8,59.7,True,False
1784652840.138,6.0,59.2,True,False
1784652840.298,6.1,59.6,True,False
1784652840.458,6.3,59.3,True,False
1784652840.618,6.5,59.5,True,False
1784652840.777,6.6,59.0,True,False
1784652840.936,6.8,59.1,True,False
1784652841.096,6.9,58.9,True,False
1784652841.255,7.1,58.9,True,False
1784652841.415,7.3,59.3,True,False
1784652841.573,7.4,58.7,True,False
1784652841.732,7.6,58.7,True,False
1784652841.892,7.7,59.4,True,False
1784652842.051,7.9,59.1,True,False
1784652842.211,8.1,59.1,True,False
1784652842.370,8.2,59.0,True,False
1784652842.531,8.4,60.6,True,False
1784652842.690,8.5,58.3,True,False
1784652842.864,8.7,74.8,True,False
1784652843.024,8.9,59.2,True,False
1784652843.204,9.1,80.3,True,False
1784652843.363,9.2,58.6,True,False
1784652843.522,9.4,58.6,True,False
1784652843.696,9.5,73.5,True,False
1784652843.854,9.7,58.3,True,False
1784652844.037,9.9,81.8,True,False
1784652844.196,10.0,59.0,True,False
1784652844.355,10.2,58.9,True,False
1784652844.515,10.4,59.3,True,False
1784652844.675,10.5,59.2,True,False
1784652844.834,10.7,58.5,True,False
1784652844.993,10.8,59.2,True,False
1784652845.153,11.0,59.0,True,False
1784652845.311,11.2,58.2,True,False
1784652845.471,11.3,59.3,True,False
1784652845.630,11.5,59.1,True,False
1784652845.789,11.6,58.9,True,False
1784652845.948,11.8,58.6,True,False
1784652846.107,12.0,58.7,True,False
1784652846.266,12.1,58.8,True,False
1784652846.426,12.3,59.2,True,False
1784652846.585,12.4,58.8,True,False
1784652846.744,12.6,59.0,True,False
1784652846.904,12.8,59.2,True,False
1784652847.063,12.9,59.1,True,False
1784652847.222,13.1,59.1,True,False
1784652847.382,13.2,59.3,True,False
1784652847.541,13.4,59.2,True,False
1784652847.702,13.6,60.2,True,False
1784652847.862,13.7,59.8,True,False
1784652848.021,13.9,58.9,True,False
1784652848.180,14.0,58.9,True,False
1784652848.339,14.2,58.4,True,False
1784652848.499,14.3,59.3,True,False
1784652848.658,14.5,58.7,True,False
1784652848.817,14.7,59.0,True,False
1784652848.976,14.8,58.8,True,False
1784652849.135,15.0,58.6,True,False
1784652849.294,15.1,59.1,True,False
1784652849.454,15.3,58.8,True,False
1784652849.613,15.5,59.2,True,False
1784652849.790,15.6,76.9,True,False
1784652849.950,15.8,59.1,True,False
1784652850.109,16.0,59.1,True,False
1784652850.268,16.1,58.9,True,False
1784652850.427,16.3,59.0,True,False
1784652850.587,16.4,58.9,True,False
1784652850.746,16.6,58.8,True,False
1784652850.905,16.8,59.3,True,False
1784652851.065,16.9,59.1,True,False
1784652851.224,17.1,59.2,True,False
1784652851.384,17.2,59.2,True,False
1784652851.543,17.4,59.1,True,False
1784652851.703,17.6,58.9,True,False
1784652851.862,17.7,58.7,True,False
1784652852.042,17.9,79.8,True,False
1784652852.210,18.1,67.4,True,False
1784652852.369,18.2,58.6,True,False
1784652852.528,18.4,59.2,True,False
1784652852.707,18.6,78.9,True,False
1784652852.866,18.7,58.8,True,False
1784652853.026,18.9,59.4,True,False
1784652853.202,19.1,75.4,True,False
1784652853.361,19.2,59.1,True,False
1784652853.520,19.4,58.8,True,False
1784652853.680,19.5,58.8,True,False
1784652853.838,19.7,58.6,True,False
1784652853.998,19.8,59.3,True,False
1784652854.157,20.0,58.7,True,False
1784652854.316,20.2,59.2,True,False
1784652854.475,20.3,59.0,True,False
1784652854.634,20.5,58.8,True,False
1784652854.793,20.6,58.7,True,False
1784652854.953,20.8,58.8,True,False
1784652855.113,21.0,59.7,True,False
1784652855.291,21.1,77.6,True,False
1784652855.450,21.3,59.0,True,False
1784652855.630,21.5,78.9,True,False
1784652855.801,21.7,70.7,True,False
1784652855.959,21.8,58.7,True,False
1784652856.141,22.0,81.2,True,False
1784652856.311,22.2,69.8,True,False
1784652856.470,22.3,59.2,True,False
1784652856.653,22.5,82.0,True,False
1784652856.812,22.7,58.7,True,False
1784652856.991,22.8,78.9,True,False
1784652857.150,23.0,59.1,True,False
1784652857.310,23.2,59.3,True,False
1784652857.469,23.3,59.1,True,False
1784652857.629,23.5,60.1,True,False
1784652857.788,23.6,58.7,True,False
1784652857.947,23.8,58.6,True,False
1784652858.106,24.0,58.8,True,False
1784652858.278,24.1,71.4,True,False
1784652858.438,24.3,60.0,True,False
1784652858.619,24.5,80.1,True,False
1784652858.778,24.6,58.7,True,False
1784652858.937,24.8,58.6,True,False
1784652859.096,24.9,58.7,True,False
1784652859.256,25.1,59.9,True,False
1784652859.415,25.3,59.2,True,False
1784652859.575,25.4,59.5,True,False
1784652859.734,25.6,58.7,True,False
1784652859.892,25.7,58.6,True,False
1784652860.051,25.9,58.6,True,False
1784652860.211,26.1,59.0,True,False
1784652860.387,26.2,76.2,True,False
1784652860.546,26.4,58.9,True,False
1784652860.706,26.6,59.3,True,False
1784652860.865,26.7,59.2,True,False
1784652861.024,26.9,58.9,True,False
1784652861.183,27.0,58.6,True,False
1784652861.342,27.2,58.6,True,False
1784652861.501,27.4,58.9,True,False
1784652861.660,27.5,58.6,True,False
1784652861.819,27.7,58.8,True,False
1784652861.996,27.8,76.9,True,False
1784652862.155,28.0,58.5,True,False
1784652862.316,28.2,60.5,True,False
1784652862.475,28.3,58.8,True,False
1784652862.634,28.5,58.6,True,False
1784652862.793,28.6,58.8,True,False
1784652862.952,28.8,58.5,True,False
1784652863.111,29.0,58.9,True,False
1784652863.271,29.1,59.1,True,False
1784652863.431,29.3,60.1,True,False
1784652863.606,29.5,75.1,True,False
1784652863.766,29.6,59.1,True,False
1784652863.925,29.8,59.1,True,False
1784652864.084,29.9,58.5,True,False
1784652864.243,30.1,58.8,True,False
1784652864.403,30.3,59.2,True,False
1784652864.562,30.4,59.2,True,False
1784652864.722,30.6,59.2,True,False
1784652864.882,30.7,59.5,True,False
1784652865.042,30.9,59.0,True,False
1784652865.202,31.1,59.9,True,False
1784652865.384,31.2,81.8,True,False
1784652865.555,31.4,70.9,True,False
1784652865.724,31.6,69.2,True,False
1784652865.883,31.7,58.6,True,False
1784652866.042,31.9,58.7,True,False
1784652866.218,32.1,75.8,True,False
1784652866.377,32.2,58.7,True,False
1784652866.537,32.4,59.6,True,False
1784652866.696,32.5,58.8,True,False
1784652866.855,32.7,58.7,True,False
1784652867.014,32.9,58.9,True,False
1784652867.174,33.0,59.0,True,False
1784652867.334,33.2,59.8,True,False
1784652867.493,33.3,59.1,True,False
1784652867.653,33.5,59.1,True,False
1784652867.812,33.7,59.0,True,False
1784652867.993,33.8,80.4,True,False
1784652868.151,34.0,58.5,True,False
1784652868.310,34.2,58.8,True,False
1784652868.470,34.3,59.0,True,False
1784652868.629,34.5,59.0,True,False
1784652868.788,34.6,58.7,True,False
1784652868.948,34.8,59.5,True,False
1784652869.107,35.0,59.0,True,False
1784652869.266,35.1,58.5,True,False
1784652869.425,35.3,58.6,True,False
1784652869.602,35.5,76.2,True,False
1784652869.761,35.6,58.5,True,False
1784652869.920,35.8,58.7,True,False
1784652870.079,35.9,58.8,True,False
1784652870.238,36.1,58.7,True,False
1784652870.420,36.3,81.9,True,False
1784652870.579,36.4,59.2,True,False
1784652870.747,36.6,66.7,True,False
1784652870.907,36.8,59.5,True,False
1784652871.066,36.9,58.8,True,False
1784652871.224,37.1,58.7,True,False
1784652871.384,37.2,59.5,True,False
1784652871.544,37.4,59.1,True,False
1784652871.703,37.6,58.7,True,False
1784652871.862,37.7,58.8,True,False
1784652872.022,37.9,59.3,True,False
1784652872.190,38.0,67.5,True,False
1784652872.350,38.2,59.1,True,False
1784652872.508,38.4,58.7,True,False
1784652872.667,38.5,58.8,True,False
1784652872.827,38.7,59.2,True,False
1784652872.986,38.8,58.9,True,False
1784652873.145,39.0,58.7,True,False
1784652873.304,39.2,59.2,True,False
1784652873.464,39.3,58.8,True,False
1784652873.623,39.5,59.0,True,False
1784652873.782,39.6,58.7,True,False
1784652873.941,39.8,58.6,True,False
1784652874.112,40.0,70.8,True,False
1784652874.273,40.1,60.0,True,False
1784652874.432,40.3,59.3,True,False
1784652874.608,40.5,75.2,True,False
1784652874.778,40.6,70.0,True,False
1784652874.937,40.8,58.7,True,False
1784652875.095,40.9,58.4,True,False
1784652875.255,41.1,59.4,True,False
1784652875.415,41.3,58.7,True,False
1784652875.574,41.4,58.7,True,False
1784652875.733,41.6,59.0,True,False
1784652875.892,41.7,58.4,True,False
1784652876.051,41.9,59.0,True,False
1784652876.211,42.1,59.0,True,False
1784652876.378,42.2,66.8,True,False
1784652876.537,42.4,59.1,True,False
1784652876.697,42.5,58.8,True,False
1784652876.856,42.7,59.1,True,False
1784652877.014,42.9,58.6,True,False
1784652877.173,43.0,58.6,True,False
1784652877.333,43.2,59.6,True,False
1784652877.493,43.3,59.2,True,False
1784652877.653,43.5,59.4,True,False
1784652877.812,43.7,58.8,True,False
1784652877.994,43.8,81.9,True,False
1784652878.154,44.0,59.4,True,False
1784652878.336,44.2,82.1,True,False
1784652878.505,44.4,68.5,True,False
1784652878.664,44.5,58.8,True,False
1784652878.823,44.7,58.5,True,False
1784652879.003,44.9,79.7,True,False
1784652879.162,45.0,59.0,True,False
1784652879.321,45.2,59.1,True,False
1784652879.481,45.3,59.5,True,False
1784652879.640,45.5,58.9,True,False
1784652879.799,45.6,58.9,True,False
1784652879.959,45.8,59.1,True,False
1784652880.118,46.0,58.7,True,False
1784652880.277,46.1,59.0,True,False
1784652880.436,46.3,58.9,True,False
1784652880.596,46.4,59.0,True,False
1784652880.768,46.6,72.8,True,False
1784652880.928,46.8,59.4,True,False
1784652881.087,46.9,58.6,True,False
1784652881.246,47.1,58.9,True,False
1784652881.406,47.3,59.0,True,False
1784652881.565,47.4,59.3,True,False
1784652881.743,47.6,77.2,True,False
1784652881.912,47.8,68.5,True,False
1784652882.071,47.9,58.6,True,False
1784652882.230,48.1,58.7,True,False
1784652882.389,48.2,58.9,True,False
1784652882.548,48.4,58.9,True,False
1784652882.707,48.6,59.0,True,False
1784652882.867,48.7,59.3,True,False
1784652883.025,48.9,58.8,True,False
1784652883.185,49.0,59.2,True,False
1784652883.344,49.2,58.9,True,False
1784652883.503,49.4,59.1,True,False
1784652883.662,49.5,58.7,True,False
1784652883.821,49.7,58.8,True,False
1784652883.980,49.8,58.8,True,False
1784652884.139,50.0,58.6,True,False
1784652884.312,50.2,72.8,True,False
1784652884.471,50.3,58.7,True,False
1784652884.631,50.5,59.7,True,False
1784652884.791,50.6,59.6,True,False
1784652884.950,50.8,58.6,True,False
1784652885.109,51.0,58.9,True,False
1784652885.269,51.1,59.5,True,False
1784652885.441,51.3,71.5,True,False
1784652885.602,51.5,60.7,True,False
1784652885.761,51.6,58.7,True,False
1784652885.920,51.8,59.0,True,False
1784652886.091,51.9,70.3,True,False
1784652886.249,52.1,58.4,True,False
1784652886.409,52.3,59.3,True,False
1784652886.568,52.4,58.8,True,False
1784652886.728,52.6,59.6,True,False
1784652886.909,52.8,81.2,True,False
1784652887.068,52.9,58.9,True,False
1784652887.227,53.1,58.6,True,False
1784652887.387,53.2,60.0,True,False
1784652887.546,53.4,58.9,True,False
1784652887.706,53.6,59.4,True,False
1784652887.865,53.7,58.9,True,False
1784652888.024,53.9,58.6,True,False
1784652888.183,54.0,58.8,True,False
1784652888.343,54.2,59.0,True,False
1784652888.502,54.4,59.0,True,False
1784652888.662,54.5,59.5,True,False
1784652888.821,54.7,58.9,True,False
1784652888.980,54.8,59.0,True,False
1784652889.139,55.0,58.8,True,False
1784652889.321,55.2,81.4,True,False
1784652889.491,55.3,69.9,True,False
1784652889.651,55.5,59.6,True,False
1784652889.818,55.7,67.2,True,False
1784652889.978,55.8,59.6,True,False
1784652890.138,56.0,59.6,True,False
1784652890.297,56.1,59.1,True,False
1784652890.457,56.3,58.9,True,False
1784652890.617,56.5,59.4,True,False
1784652890.775,56.6,58.4,True,False
1784652890.935,56.8,59.3,True,False
1784652891.095,56.9,59.3,True,False
1784652891.254,57.1,58.7,True,False
1784652891.413,57.3,59.1,True,False
1784652891.582,57.4,69.1,True,False
1784652891.742,57.6,59.0,True,False
1784652891.902,57.8,59.5,True,False
1784652892.077,57.9,74.7,True,False
1784652892.236,58.1,58.6,True,False
1784652892.395,58.2,58.7,True,False
1784652892.576,58.4,80.5,True,False
1784652892.734,58.6,58.7,True,False
1784652892.915,58.8,80.5,True,False
1784652893.075,58.9,59.1,True,False
1784652893.234,59.1,58.8,True,False
1784652893.393,59.2,58.8,True,False
1784652893.553,59.4,60.1,True,False
1784652893.712,59.6,58.6,True,False
1784652893.891,59.7,78.7,True,False
1784652894.061,59.9,69.7,True,False
1784652894.221,60.1,59.0,True,False
1784652894.381,60.2,59.4,True,False
1784652894.540,60.4,59.2,True,False
1784652894.699,60.5,59.1,True,False
1784652894.878,60.7,78.8,True,False
1784652895.047,60.9,68.4,True,False
1784652895.216,61.1,68.8,True,False
1784652895.376,61.2,59.3,True,False
1784652895.556,61.4,79.5,True,False
1784652895.715,61.6,58.9,True,False
1784652895.874,61.7,58.7,True,False
1784652896.033,61.9,58.8,True,False
1784652896.193,62.0,59.3,True,False
1784652896.802,62.7,509.0,True,True
1784652896.961,62.8,58.5,True,False
1784652897.120,63.0,59.1,True,False
1784652897.279,63.1,58.8,True,False
1784652897.439,63.3,59.5,True,False
1784652897.599,63.4,59.3,True,False
1784652897.758,63.6,58.8,True,False
1784652898.367,64.2,508.5,True,True
1784652898.526,64.4,59.0,True,False
1784652898.686,64.5,59.3,True,False
1784652898.845,64.7,58.9,True,False
1784652899.004,64.9,58.7,True,False
1784652899.163,65.0,59.2,True,False
1784652899.795,65.6,531.0,True,True
1784652899.954,65.8,58.7,True,False
1784652900.113,66.0,58.9,True,False
1784652900.722,66.6,508.9,True,True
1784652900.883,66.7,60.2,True,False
1784652901.051,66.9,67.5,True,False
1784652901.210,67.1,58.9,True,False
1784652901.369,67.2,58.9,True,False
1784652901.978,67.8,508.9,True,True
1784652902.138,68.0,59.2,True,False
1784652902.747,68.6,508.7,True,True
1784652902.919,68.8,71.8,True,False
1784652903.078,68.9,58.8,True,False
1784652903.687,69.5,508.8,True,True
1784652903.846,69.7,59.1,True,False
1784652904.455,70.3,509.0,True,True
1784652904.614,70.5,58.7,True,False
1784652904.773,70.6,59.2,True,False
1784652904.933,70.8,59.4,True,False
1784652905.092,70.9,59.0,True,False
1784652905.252,71.1,59.5,True,False
1784652905.861,71.7,509.3,True,True
1784652906.021,71.9,59.4,True,False
1784652906.631,72.5,509.1,True,True
1784652906.791,72.6,59.2,True,False
1784652907.399,73.2,508.7,True,True
1784652907.572,73.4,71.8,True,False
1784652907.731,73.6,59.3,True,False
1784652907.891,73.7,59.3,True,False
1784652908.050,73.9,59.1,True,False
1784652908.669,74.5,517.7,True,True
1784652908.828,74.7,58.8,True,False
1784652909.437,75.3,508.7,True,True
1784652909.596,75.4,58.8,True,False
1784652910.205,76.1,508.9,True,True
1784652910.364,76.2,58.6,True,False
1784652910.524,76.4,59.0,True,False
1784652910.691,76.5,67.3,True,False
1784652910.851,76.7,59.1,True,False
1784652911.010,76.9,59.2,True,False
1784652911.170,77.0,59.6,True,False
1784652911.779,77.6,508.7,True,True
1784652911.961,77.8,81.1,True,False
1784652912.120,78.0,59.2,True,False
1784652912.279,78.1,58.6,True,False
1784652912.907,78.8,527.5,True,True
1784652913.067,78.9,59.3,True,False
1784652913.676,79.5,509.2,True,True
1784652913.835,79.7,59.0,True,False
1784652913.995,79.8,58.7,True,False
1784652914.154,80.0,59.5,True,False
1784652914.763,80.6,508.7,True,True
1784652914.923,80.8,59.5,True,False
1784652915.532,81.4,509.0,True,True
1784652915.691,81.5,58.7,True,False
1784652915.850,81.7,58.9,True,False
1784652916.010,81.9,59.1,True,False
1784652916.619,82.5,508.5,True,True
1784652916.778,82.6,58.7,True,False
1784652916.937,82.8,59.2,True,False
1784652917.097,82.9,58.8,True,False
1784652917.266,83.1,69.0,True,False
1784652917.426,83.3,59.0,True,False
1784652917.585,83.4,59.2,True,False
1784652918.194,84.0,508.8,True,True
1784652918.353,84.2,58.8,True,False
1784652918.513,84.4,59.0,True,False
1784652918.672,84.5,59.2,True,False
1784652918.832,84.7,59.6,True,False
1784652919.442,85.3,509.0,True,True
1784652919.601,85.5,58.6,True,False
1784652919.760,85.6,59.0,True,False
1784652920.369,86.2,508.7,True,True
1784652920.543,86.4,73.8,True,False
1784652921.153,87.0,509.0,True,True
1784652921.312,87.2,59.0,True,False
1784652921.921,87.8,508.8,True,True
1784652922.081,87.9,59.1,True,False
1784652922.240,88.1,59.0,True,False
1784652922.850,88.7,509.3,True,True
1784652923.009,88.9,58.7,True,False
1784652923.168,89.0,58.6,True,False
1784652923.776,89.6,508.8,True,True
1784652923.935,89.8,58.6,True,False
1784652924.544,90.4,508.5,True,True
1784652924.704,90.6,59.3,True,False
1784652924.863,90.7,58.8,True,False
1784652925.473,91.3,509.4,True,True
1784652925.632,91.5,59.0,True,False
1784652925.791,91.6,58.9,True,False
1784652925.950,91.8,58.6,True,False
1784652926.126,92.0,75.9,True,False
1784652926.285,92.1,58.6,True,False
1784652926.894,92.7,509.2,True,True
1784652927.070,92.9,75.9,True,False
1784652927.230,93.1,58.8,True,False
1784652927.411,93.3,81.1,True,False
1784652927.570,93.4,58.6,True,False
1784652928.180,94.0,509.4,True,True
1784652928.339,94.2,58.9,True,False
1784652928.948,94.8,508.8,True,True
1784652929.121,95.0,73.7,True,False
1784652929.280,95.1,58.6,True,False
1784652929.440,95.3,58.9,True,False
1784652929.599,95.4,59.1,True,False
1784652929.770,95.6,70.6,True,False
1784652929.929,95.8,59.0,True,False
1784652930.089,95.9,59.3,True,False
1784652930.265,96.1,75.8,True,False
1784652930.438,96.3,72.9,True,False
1784652930.597,96.4,58.7,True,False
1784652931.206,97.1,509.0,True,True
1784652931.365,97.2,58.6,True,False
1784652931.991,97.8,524.9,True,True
1784652932.151,98.0,59.6,True,False
1784652932.760,98.6,509.2,True,True
1784652932.919,98.8,58.6,True,False
1784652933.078,98.9,59.5,True,False
1784652933.688,99.5,508.8,True,True
1784652933.849,99.7,60.3,True,False
1784652934.009,99.9,59.7,True,False
1784652934.168,100.0,59.1,True,False
1784652934.327,100.2,58.6,True,False
1784652934.486,100.3,58.9,True,False
1784652934.647,100.5,60.6,True,False
1784652934.807,100.7,59.2,True,False
1784652934.967,100.8,59.4,True,False
1784652935.126,101.0,59.0,True,False
1784652935.735,101.6,509.0,True,True
1784652935.894,101.7,58.9,True,False
1784652936.504,102.4,508.8,True,True
1784652936.662,102.5,58.4,True,False
1784652936.821,102.7,58.5,True,False
1784652937.431,103.3,509.4,True,True
1784652937.610,103.5,78.9,True,False
1784652937.768,103.6,58.6,True,False
1784652937.948,103.8,79.4,True,False
1784652938.119,104.0,71.1,True,False
1784652938.279,104.1,59.8,True,False
1784652938.439,104.3,59.7,True,False
1784652938.600,104.4,60.0,True,False
1784652939.209,105.1,508.9,True,True
1784652939.380,105.2,70.7,True,False
1784652939.539,105.4,59.0,True,False
1784652939.699,105.5,59.0,True,False
1784652940.308,106.2,508.7,True,True
1784652940.468,106.3,59.7,True,False
1784652941.077,106.9,508.5,True,True
1784652941.235,107.1,58.4,True,False
1784652941.844,107.7,509.1,True,True
1784652942.004,107.9,58.9,True,False
1784652942.163,108.0,59.1,True,False
1784652942.322,108.2,59.1,True,False
1784652942.932,108.8,509.3,True,True
1784652943.091,108.9,58.7,True,False
1784652943.275,109.1,82.9,True,False
1784652943.893,109.7,517.8,True,True
1784652944.052,109.9,59.0,True,False
1784652944.661,110.5,508.4,True,True
1784652944.820,110.7,59.4,True,False
1784652944.980,110.8,59.0,True,False
1784652945.139,111.0,59.0,True,False
1784652945.299,111.1,59.2,True,False
1784652945.458,111.3,59.2,True,False
1784652945.618,111.5,59.5,True,False
1784652946.227,112.1,508.8,True,True
1784652946.385,112.2,58.5,True,False
1784652946.995,112.8,508.9,True,True
1784652947.154,113.0,58.5,True,False
1784652947.313,113.2,58.9,True,False
1784652947.473,113.3,60.2,True,False
1784652947.632,113.5,58.8,True,False
1784652947.802,113.7,69.2,True,False
1784652947.972,113.8,70.3,True,False
1784652948.132,114.0,59.9,True,False
1784652948.291,114.1,58.6,True,False
1784652948.900,114.7,508.8,True,True
1784652949.075,114.9,74.6,True,False
1784652949.234,115.1,59.1,True,False
1784652949.393,115.2,58.8,True,False
1784652949.552,115.4,58.9,True,False
1784652949.712,115.6,58.7,True,False
1784652950.320,116.2,508.6,True,True
1784652950.480,116.3,59.1,True,False
1784652951.089,116.9,508.8,True,True
1784652951.249,117.1,59.5,True,False
1784652951.858,117.7,509.0,True,True
1784652952.017,117.9,59.0,True,False
1784652952.198,118.0,80.4,True,False
1784652952.357,118.2,58.8,True,False
1784652952.516,118.4,59.0,True,False
1784652952.675,118.5,58.9,True,False
1784652952.834,118.7,58.7,True,False
1784652952.993,118.8,58.6,True,False
1784652953.174,119.0,81.2,True,False
1784652953.334,119.2,59.3,True,False
1784652953.494,119.3,59.5,True,False
1784652954.103,120.0,508.7,True,True
1784652954.262,120.1,58.9,True,False
1784652954.871,120.7,508.7,True,True
1784652955.030,120.9,58.8,True,False
1784652955.190,121.0,58.9,True,False
1784652955.799,121.6,509.5,True,True
1784652955.959,121.8,59.2,True,False
1784652956.118,122.0,58.7,True,False
1784652956.277,122.1,59.3,True,False
1784652956.438,122.3,59.7,True,False
1784652956.597,122.4,59.0,True,False
1784652956.756,122.6,59.0,True,False
1784652956.915,122.8,58.8,True,False
1784652957.075,122.9,59.0,True,False
1784652957.234,123.1,58.8,True,False
1784652957.394,123.2,59.9,True,False
1784652957.553,123.4,58.7,True,False
1784652957.712,123.6,58.8,True,False
1784652957.871,123.7,58.9,True,False
1784652958.030,123.9,58.8,True,False
1784652958.189,124.0,58.7,True,False
1784652958.348,124.2,58.9,True,False
1784652958.507,124.4,59.1,True,False
1784652958.667,124.5,59.6,True,False
1784652958.827,124.7,58.9,True,False
1784652958.987,124.8,59.1,True,False
1784652959.147,125.0,60.0,True,False
1784652959.307,125.2,59.7,True,False
1784652959.467,125.3,59.3,True,False
1784652959.626,125.5,59.1,True,False
1784652959.785,125.6,58.9,True,False
1784652959.945,125.8,59.1,True,False
1784652960.104,126.0,59.0,True,False
1784652960.263,126.1,58.9,True,False
1784652960.422,126.3,59.1,True,False
1784652960.581,126.4,58.8,True,False
1784652960.758,126.6,76.2,True,False
1784652960.918,126.8,59.6,True,False
1784652961.097,126.9,78.8,True,False
1784652961.256,127.1,58.9,True,False
1784652961.438,127.3,81.0,True,False
1784652961.597,127.4,58.9,True,False
1784652961.756,127.6,58.8,True,False
1784652961.916,127.8,59.2,True,False
1784652962.075,127.9,58.9,True,False
1784652962.234,128.1,58.9,True,False
1784652962.393,128.2,58.9,True,False
1784652962.563,128.4,69.4,True,False
1784652962.721,128.6,58.5,True,False
1784652962.880,128.7,58.6,True,False
1784652963.039,128.9,58.7,True,False
1784652963.199,129.0,59.6,True,False
1784652963.359,129.2,59.0,True,False
1784652963.518,129.4,58.9,True,False
1784652963.676,129.5,58.4,True,False
1784652963.836,129.7,59.5,True,False
1784652964.015,129.9,78.5,True,False
1784652964.174,130.0,58.6,True,False
1784652964.333,130.2,58.7,True,False
1784652964.493,130.3,60.2,True,False
1784652964.652,130.5,58.7,True,False
1784652964.812,130.7,59.3,True,False
1784652964.972,130.8,59.2,True,False
1784652965.131,131.0,59.2,True,False
1784652965.292,131.1,59.8,True,False
1784652965.451,131.3,58.8,True,False
1784652965.610,131.5,59.0,True,False
1784652965.790,131.6,80.4,True,False
1784652965.959,131.8,68.0,True,False
1784652966.118,132.0,59.6,True,False
1784652966.277,132.1,58.9,True,False
1784652966.437,132.3,59.1,True,False
1784652966.596,132.4,58.9,True,False
1784652966.755,132.6,59.1,True,False
1784652966.914,132.8,58.8,True,False
1784652967.074,132.9,59.3,True,False
1784652967.253,133.1,79.4,True,False
1784652967.413,133.3,59.3,True,False
1784652967.572,133.4,58.6,True,False
1784652967.731,133.6,59.0,True,False
1784652967.890,133.7,58.8,True,False
1784652968.049,133.9,58.7,True,False
1784652968.209,134.1,59.2,True,False
1784652968.369,134.2,59.0,True,False
1784652968.528,134.4,59.2,True,False
1784652968.706,134.6,77.9,True,False
1784652968.876,134.7,69.6,True,False
1784652969.035,134.9,58.8,True,False
1784652969.195,135.0,59.8,True,False
1784652969.355,135.2,59.4,True,False
1784652969.514,135.4,59.0,True,False
1784652969.673,135.5,58.5,True,False
1784652969.854,135.7,80.7,True,False
1784652970.013,135.9,58.9,True,False
1784652970.172,136.0,59.1,True,False
1784652970.332,136.2,59.9,True,False
1784652970.492,136.3,59.7,True,False
1784652970.651,136.5,58.7,True,False
1784652970.811,136.7,59.4,True,False
1784652970.971,136.8,59.6,True,False
1784652971.130,137.0,59.1,True,False
1784652971.289,137.1,58.7,True,False
1784652971.448,137.3,58.7,True,False
1784652971.607,137.5,59.0,True,False
1784652971.766,137.6,58.7,True,False
1784652971.939,137.8,71.8,True,False
1784652972.098,137.9,59.2,True,False
1784652972.257,138.1,58.8,True,False
1784652972.416,138.3,58.8,True,False
1784652972.575,138.4,59.0,True,False
1784652972.734,138.6,58.3,True,False
1784652972.893,138.7,58.9,True,False
1784652973.052,138.9,58.9,True,False
1784652973.211,139.1,58.6,True,False
1784652973.371,139.2,59.4,True,False
1784652973.530,139.4,59.6,True,False
1784652973.690,139.5,58.8,True,False
1784652973.871,139.7,80.9,True,False
1784652974.030,139.9,59.1,True,False
1784652974.189,140.0,58.8,True,False
1784652974.351,140.2,61.5,True,False
1784652974.511,140.4,60.0,True,False
1784652974.670,140.5,58.7,True,False
1784652974.829,140.7,59.3,True,False
1784652974.989,140.8,59.6,True,False
1784652975.171,141.0,81.5,True,False
1784652975.331,141.2,60.3,True,False
1784652975.491,141.3,59.4,True,False
1784652975.650,141.5,58.7,True,False
1784652975.809,141.7,58.9,True,False
1784652975.969,141.8,58.8,True,False
1784652976.128,142.0,59.0,True,False
1784652976.287,142.1,58.6,True,False
1784652976.446,142.3,58.9,True,False
1784652976.624,142.5,77.0,True,False
1784652976.783,142.6,58.7,True,False
1784652976.942,142.8,59.2,True,False
1784652977.122,143.0,79.2,True,False
1784652977.282,143.1,59.9,True,False
1784652977.442,143.3,60.1,True,False
1784652977.616,143.5,73.7,True,False
1784652977.775,143.6,58.6,True,False
1784652977.934,143.8,58.8,True,False
1784652978.093,143.9,58.9,True,False
1784652978.253,144.1,58.8,True,False
1784652978.412,144.3,58.8,True,False
1784652978.571,144.4,59.2,True,False
1784652978.732,144.6,59.7,True,False
1784652978.891,144.7,59.2,True,False
1784652979.050,144.9,58.8,True,False
1784652979.209,145.1,58.5,True,False
1784652979.369,145.2,59.6,True,False
1784652979.528,145.4,59.2,True,False
1784652979.689,145.5,60.0,True,False
1784652979.849,145.7,59.7,True,False
1784652980.008,145.9,58.5,True,False
1784652980.175,146.0,67.0,True,False
1784652980.335,146.2,59.2,True,False
1784652980.494,146.3,59.1,True,False
1784652980.653,146.5,58.7,True,False
1784652980.812,146.7,58.7,True,False
1784652980.972,146.8,59.1,True,False
1784652981.131,147.0,58.6,True,False
1784652981.290,147.1,59.2,True,False
1784652981.450,147.3,59.1,True,False
1784652981.609,147.5,59.1,True,False
1784652981.769,147.6,59.8,True,False
1784652981.928,147.8,58.7,True,False
1784652982.088,147.9,59.4,True,False
1784652982.248,148.1,59.3,True,False
1784652982.408,148.3,59.5,True,False
1784652982.568,148.4,59.8,True,False
1784652982.742,148.6,73.9,True,False
1784652982.901,148.8,59.0,True,False
1784652983.061,148.9,59.3,True,False
1784652983.221,149.1,59.7,True,False
1784652983.380,149.2,59.1,True,False
1784652983.539,149.4,58.8,True,False
1784652983.698,149.5,59.0,True,False
1784652983.858,149.7,59.0,True,False
1784652984.017,149.9,59.0,True,False
1784652984.176,150.0,59.1,True,False
1784652984.336,150.2,59.0,True,False
1784652984.496,150.3,59.6,True,False
1784652984.675,150.5,78.2,True,False
1784652984.833,150.7,58.5,True,False
1784652984.994,150.8,59.7,True,False
1784652985.153,151.0,59.2,True,False
1784652985.314,151.2,60.8,True,False
1784652985.474,151.3,59.4,True,False
1784652985.633,151.5,58.9,True,False
1784652985.793,151.6,59.7,True,False
1784652985.951,151.8,58.6,True,False
1784652986.126,152.0,74.0,True,False
1784652986.295,152.1,69.4,True,False
1784652986.401,152.3,5.9,False,True
1784652986.575,152.4,74.1,True,False
1784652986.735,152.6,59.3,True,False
1784652986.894,152.7,59.2,True,False
1784652987.071,152.9,76.2,True,False
1784652987.230,153.1,59.3,True,False
1784652987.390,153.2,59.2,True,False
1784652987.549,153.4,59.4,True,False
1784652987.655,153.5,5.2,False,True
1784652987.814,153.7,58.7,True,False
1784652987.973,153.8,58.9,True,False
1784652988.133,154.0,59.5,True,False
1784652988.292,154.1,58.9,True,False
1784652988.451,154.3,58.9,True,False
1784652988.610,154.5,59.1,True,False
1784652988.716,154.6,5.5,False,True
1784652988.876,154.7,59.6,True,False
1784652989.036,154.9,59.5,True,False
1784652989.196,155.0,59.7,True,False
1784652989.355,155.2,58.8,True,False
1784652989.515,155.4,59.3,True,False
1784652989.674,155.5,59.0,True,False
1784652989.834,155.7,59.4,True,False
1784652989.993,155.8,58.8,True,False
1784652990.172,156.0,78.5,True,False
1784652990.344,156.2,72.1,True,False
1784652990.504,156.4,59.0,True,False
1784652990.662,156.5,58.4,True,False
1784652990.822,156.7,59.0,True,False
1784652990.942,156.8,19.8,False,True
1784652991.101,157.0,58.9,True,False
1784652991.261,157.1,59.6,True,False
1784652991.421,157.3,60.1,True,False
1784652991.527,157.4,5.8,False,True
1784652991.710,157.6,82.8,True,False
1784652991.869,157.7,59.1,True,False
1784652992.051,157.9,81.4,True,False
1784652992.210,158.1,58.9,True,False
1784652992.370,158.2,59.0,True,False
1784652992.475,158.3,5.6,False,True
1784652992.581,158.4,5.5,False,True
1784652992.742,158.6,60.6,True,False
1784652992.901,158.8,58.8,True,False
1784652993.007,158.9,5.3,False,True
1784652993.166,159.0,59.4,True,False
1784652993.326,159.2,59.0,True,False
1784652993.485,159.3,59.3,True,False
1784652993.647,159.5,60.7,True,False
1784652993.806,159.7,59.3,True,False
1784652993.912,159.8,5.3,False,True
1784652994.017,159.9,5.3,False,True
1784652994.141,160.0,23.5,False,True
1784652994.247,160.1,5.4,False,True
1784652994.406,160.3,58.9,True,False
1784652994.512,160.4,5.6,False,True
1784652994.671,160.5,58.8,True,False
1784652994.778,160.6,7.1,False,True
1784652994.938,160.8,59.1,True,False
1784652995.098,160.9,59.5,True,False
1784652995.257,161.1,59.2,True,False
1784652995.418,161.3,60.3,True,False
1784652995.524,161.4,5.9,False,True
1784652995.699,161.5,74.4,True,False
1784652995.858,161.7,58.9,True,False
1784652996.017,161.9,58.5,True,False
1784652996.176,162.0,58.5,True,False
1784652996.335,162.2,58.9,True,False
1784652996.495,162.3,59.3,True,False
1784652996.654,162.5,58.9,True,False
1784652996.813,162.7,58.8,True,False
1784652996.972,162.8,58.8,True,False
1784652997.132,163.0,59.4,True,False
1784652997.238,163.1,5.7,False,True
1784652997.344,163.2,5.5,False,True
1784652997.504,163.4,59.6,True,False
1784652997.662,163.5,58.7,True,False
1784652997.821,163.7,58.6,True,False
1784652997.981,163.8,58.9,True,False
1784652998.141,164.0,60.1,True,False
1784652998.247,164.1,5.5,False,True
1784652998.406,164.3,58.7,True,False
1784652998.512,164.4,6.2,False,True
1784652998.672,164.5,59.6,True,False
1784652998.831,164.7,59.0,True,False
1784652998.937,164.8,5.5,False,True
1784652999.119,165.0,81.9,True,False
1784652999.279,165.1,59.3,True,False
1784652999.460,165.3,80.3,True,False
1784652999.630,165.5,70.1,True,False
1784652999.789,165.6,58.9,True,False
1784652999.950,165.8,60.2,True,False
1784653000.056,165.9,5.9,False,True
1784653000.163,166.0,6.6,False,True
1784653000.270,166.1,6.8,False,True
1784653000.429,166.3,59.0,True,False
1784653000.602,166.5,72.8,True,False
1784653000.762,166.6,59.1,True,False
1784653000.943,166.8,81.1,True,False
1784653001.102,167.0,58.5,True,False
1784653001.208,167.1,5.5,False,True
1784653001.313,167.2,5.0,False,True
1784653001.486,167.3,72.6,True,False
1784653001.592,167.4,5.4,False,True
1784653001.751,167.6,58.8,True,False
1784653001.920,167.8,67.8,True,False
1784653002.079,167.9,58.7,True,False
1784653002.238,168.1,58.8,True,False
1784653002.397,168.2,58.8,True,False
1784653002.556,168.4,59.0,True,False
1784653002.715,168.6,58.6,True,False
1784653002.874,168.7,58.9,True,False
1784653003.033,168.9,58.7,True,False
1784653003.193,169.0,59.2,True,False
1784653003.352,169.2,59.2,True,False
1784653003.512,169.4,59.5,True,False
1784653003.671,169.5,58.5,True,False
1784653003.830,169.7,58.6,True,False
1784653003.989,169.8,58.7,True,False
1784653004.094,169.9,5.3,False,True
1784653004.200,170.0,5.2,False,True
1784653004.359,170.2,58.6,True,False
1784653004.518,170.4,59.3,True,False
1784653004.677,170.5,58.7,True,False
1784653004.783,170.6,5.4,False,True
1784653004.943,170.8,59.7,True,False
1784653005.049,170.9,5.5,False,True
1784653005.155,171.0,6.1,False,True
1784653005.315,171.2,60.2,True,False
1784653005.421,171.3,5.7,False,True
1784653005.580,171.4,58.6,True,False
1784653005.739,171.6,59.0,True,False
1784653005.898,171.7,59.0,True,False
1784653006.058,171.9,59.0,True,False
1784653006.218,172.1,59.5,True,False
1784653006.378,172.2,59.4,True,False
1784653006.537,172.4,58.6,True,False
1784653006.696,172.5,58.5,True,False
1784653006.864,172.7,68.1,True,False
1784653007.036,172.9,71.7,True,False
1784653007.196,173.0,59.2,True,False
1784653007.356,173.2,59.5,True,False
1784653007.462,173.3,5.9,False,True
1784653007.621,173.5,58.7,True,False
1784653007.726,173.6,5.4,False,True
1784653007.885,173.7,58.6,True,False
1784653008.044,173.9,59.2,True,False
1784653008.203,174.1,58.4,True,False
1784653008.381,174.2,77.1,True,False
1784653008.486,174.3,5.3,False,True
1784653008.645,174.5,58.9,True,False
1784653008.804,174.7,58.9,True,False
1784653008.963,174.8,58.8,True,False
1784653009.122,175.0,58.6,True,False
1784653009.292,175.1,69.5,True,False
1784653009.451,175.3,58.8,True,False
1784653009.610,175.5,58.5,True,False
1784653009.787,175.6,76.5,True,False
1784653009.945,175.8,58.7,True,False
1784653010.105,176.0,58.8,True,False
1784653010.264,176.1,58.9,True,False
1784653010.435,176.3,70.6,True,False
1784653010.593,176.4,58.6,True,False
1784653010.753,176.6,58.9,True,False
1784653010.912,176.8,59.2,True,False
1784653011.072,176.9,59.1,True,False
1784653011.231,177.1,59.0,True,False
1784653011.391,177.2,59.5,True,False
1784653011.572,177.4,80.6,True,False
1784653011.731,177.6,58.7,True,False
1784653011.890,177.7,58.6,True,False
1784653012.066,177.9,76.1,True,False
1784653012.225,178.1,58.9,True,False
1784653012.406,178.3,80.6,True,False
1784653012.566,178.4,59.0,True,False
1784653012.725,178.6,58.9,True,False
1784653012.831,178.7,5.2,False,True
1784653012.990,178.8,59.6,True,False
1784653013.149,179.0,59.0,True,False
1784653013.308,179.2,58.8,True,False
1784653013.468,179.3,59.5,True,False
1784653013.574,179.4,6.1,False,True
1784653013.734,179.6,59.1,True,False
1784653013.892,179.7,58.7,True,False
1784653014.052,179.9,59.2,True,False
1784653014.211,180.1,59.4,True,False
1784653014.371,180.2,59.5,True,False
1784653014.531,180.4,59.3,True,False
1784653014.636,180.5,5.4,False,True
1784653014.742,180.6,5.3,False,True
1784653014.848,180.7,5.2,False,True
1784653014.953,180.8,5.1,False,True
1784653015.113,181.0,59.3,True,False
1784653015.272,181.1,59.8,True,False
1784653015.379,181.2,6.4,False,True
1784653015.562,181.4,82.5,True,False
1784653015.730,181.6,67.7,True,False
1784653015.890,181.7,59.5,True,False
1784653015.995,181.8,5.4,False,True
1784653016.102,182.0,6.7,False,True
1784653016.262,182.1,59.4,True,False
1784653016.422,182.3,59.9,True,False
1784653016.583,182.4,60.0,True,False
1784653016.743,182.6,59.7,True,False
1784653016.903,182.8,59.6,True,False
1784653017.062,182.9,59.5,True,False
1784653017.222,183.1,59.0,True,False
1784653017.381,183.2,59.5,True,False
1784653017.542,183.4,60.2,True,False
1784653017.649,183.5,6.6,False,True
1784653017.754,183.6,5.6,False,True
1784653017.915,183.8,59.6,True,False
1784653018.074,183.9,59.0,True,False
1784653018.196,184.0,22.1,False,True
1784653018.355,184.2,59.2,True,False
1784653018.516,184.4,59.9,True,False
1784653018.676,184.5,59.8,True,False
1784653018.781,184.6,5.4,False,True
1784653018.941,184.8,59.5,True,False
1784653019.116,185.0,74.2,True,False
1784653019.275,185.1,58.9,True,False
1784653019.434,185.3,58.8,True,False
1784653019.539,185.4,5.3,False,True
1784653019.699,185.5,59.3,True,False
1784653019.858,185.7,59.1,True,False
1784653020.018,185.9,59.0,True,False
1784653020.177,186.0,59.1,True,False
1784653020.336,186.2,59.2,True,False
1784653020.442,186.3,5.8,False,True
1784653020.602,186.5,59.6,True,False
1784653020.761,186.6,58.7,True,False
1784653020.932,186.8,70.6,True,False
1784653021.101,187.0,68.3,True,False
1784653021.261,187.1,59.3,True,False
1784653021.420,187.3,59.7,True,False
1784653021.526,187.4,5.4,False,True
1784653021.632,187.5,5.3,False,True
1784653021.791,187.6,59.1,True,False
1784653021.951,187.8,59.7,True,False
1784653022.111,188.0,59.4,True,False
1784653022.270,188.1,59.2,True,False
1784653022.429,188.3,58.9,True,False
1784653022.589,188.4,58.7,True,False
1784653022.694,188.5,5.6,False,True
1784653022.854,188.7,59.1,True,False
1784653023.012,188.9,58.3,True,False
1784653023.171,189.0,58.5,True,False
1784653023.288,189.1,16.5,False,True
1784653023.448,189.3,59.8,True,False
1784653023.608,189.5,58.8,True,False
1784653023.766,189.6,58.2,True,False
1784653023.925,189.8,58.9,True,False
1784653024.055,189.9,29.5,False,True
1784653024.214,190.1,58.5,True,False
1784653024.387,190.2,72.3,True,False
1784653024.547,190.4,59.6,True,False
1784653024.706,190.6,59.0,True,False
1784653024.865,190.7,58.9,True,False
1784653024.971,190.8,4.9,False,True
1784653025.130,191.0,58.5,True,False
1784653025.289,191.1,59.5,True,False
1784653025.448,191.3,58.9,True,False
1784653025.608,191.5,59.7,True,False
1784653025.767,191.6,58.3,True,False
1784653025.926,191.8,58.8,True,False
1784653026.085,191.9,58.7,True,False
1784653026.204,192.1,18.1,False,True
1784653026.363,192.2,58.7,True,False
1784653026.522,192.4,59.1,True,False
1784653026.681,192.5,58.6,True,False
1784653026.787,192.6,5.3,False,True
1784653026.946,192.8,58.8,True,False
1784653027.064,192.9,18.3,False,True
1784653027.170,193.0,5.1,False,True
1784653027.276,193.1,5.5,False,True
1784653027.437,193.3,60.7,True,False
1784653027.542,193.4,5.4,False,True
1784653027.648,193.5,5.5,False,True
1784653027.807,193.7,58.6,True,False
1784653027.966,193.8,58.6,True,False
1784653028.126,194.0,59.6,True,False
1784653028.285,194.1,58.9,True,False
1784653028.444,194.3,59.1,True,False
1784653028.604,194.5,59.2,True,False
1784653028.763,194.6,58.5,True,False
1784653028.879,194.7,16.4,False,True
1784653028.985,194.8,5.0,False,True
1784653029.144,195.0,58.7,True,False
1784653029.305,195.2,60.6,True,False
1784653029.464,195.3,59.8,True,False
1784653029.644,195.5,79.6,True,False
1784653029.750,195.6,5.2,False,True
1784653029.909,195.8,58.8,True,False
1784653030.068,195.9,58.9,True,False
1784653030.228,196.1,59.2,True,False
1784653030.387,196.2,58.8,True,False
1784653030.546,196.4,58.9,True,False
1784653030.705,196.6,58.3,True,False
1784653030.810,196.7,5.0,False,True
1784653030.971,196.8,59.9,True,False
1784653031.130,197.0,58.9,True,False
1784653031.289,197.1,58.5,True,False
1784653031.395,197.2,5.5,False,True
1784653031.554,197.4,59.2,True,False
1784653031.713,197.6,58.5,True,False
1784653031.872,197.7,58.2,True,False
1784653032.030,197.9,58.4,True,False
1784653032.135,198.0,5.2,False,True
1784653032.294,198.1,58.6,True,False
1784653032.454,198.3,58.8,True,False
1784653032.624,198.5,69.4,True,False
1784653032.730,198.6,6.3,False,True
1784653032.889,198.7,58.5,True,False
1784653032.994,198.8,5.2,False,True
1784653033.154,199.0,58.9,True,False
1784653033.313,199.2,59.2,True,False
1784653033.472,199.3,58.8,True,False
1784653033.631,199.5,58.5,True,False
1784653033.790,199.6,58.5,True,False
1784653033.968,199.8,77.7,True,False
1784653034.127,200.0,59.0,True,False
1784653034.308,200.2,80.5,True,False
1784653034.467,200.3,58.7,True,False
1784653034.573,200.4,5.4,False,True
1784653034.741,200.6,68.1,True,False
1784653034.847,200.7,5.2,False,True
1784653034.966,200.8,18.8,False,True
1784653035.125,201.0,58.6,True,False
1784653035.296,201.1,70.5,True,False
1784653035.455,201.3,59.3,True,False
1784653035.614,201.5,58.5,True,False
1784653035.791,201.6,76.9,True,False
1784653035.897,201.7,5.1,False,True
1784653036.002,201.9,5.1,False,True
1784653036.161,202.0,59.1,True,False
1784653036.266,202.1,4.9,False,True
1784653036.443,202.3,75.9,True,False
1784653036.601,202.5,58.4,True,False
1784653036.760,202.6,58.9,True,False
1784653036.919,202.8,58.7,True,False
1784653037.078,202.9,58.5,True,False
1784653037.237,203.1,58.8,True,False
1784653037.397,203.2,59.3,True,False
1784653037.557,203.4,59.2,True,False
1784653037.715,203.6,58.5,True,False
1784653037.831,203.7,15.2,False,True
1784653037.991,203.8,59.6,True,False
1784653038.099,203.9,8.1,False,True
1784653038.258,204.1,58.7,True,False
1784653038.418,204.3,59.3,True,False
1784653038.579,204.4,60.2,True,False
1784653038.738,204.6,58.8,True,False
1784653038.897,204.7,59.5,True,False
1784653039.056,204.9,58.6,True,False
1784653039.161,205.0,4.6,False,True
1784653039.320,205.2,58.7,True,False
1784653039.480,205.3,59.4,True,False
1784653039.654,205.5,73.9,True,False
1784653039.813,205.7,58.6,True,False
1784653039.918,205.8,5.0,False,True
1784653040.077,205.9,58.7,True,False
1784653040.183,206.0,5.4,False,True
1784653040.288,206.1,5.1,False,True
1784653040.447,206.3,58.6,True,False
1784653040.607,206.5,59.1,True,False
1784653040.766,206.6,59.0,True,False
1784653040.871,206.7,5.0,False,True
1784653040.977,206.8,5.7,False,True
1784653041.082,206.9,5.0,False,True
1784653041.188,207.0,5.3,False,True
1784653041.369,207.2,80.8,True,False
1784653041.475,207.3,5.8,False,True
1784653041.581,207.4,5.4,False,True
1784653041.741,207.6,58.8,True,False
1784653041.900,207.7,59.0,True,False
1784653042.060,207.9,59.6,True,False
1784653042.239,208.1,78.9,True,False
1784653042.398,208.2,59.1,True,False
1784653042.558,208.4,59.1,True,False
1784653042.717,208.6,58.8,True,False
1784653042.822,208.7,5.3,False,True
1784653042.928,208.8,5.4,False,True
1784653043.088,208.9,59.5,True,False
1784653043.248,209.1,59.8,True,False
1784653043.418,209.3,69.5,True,False
1784653043.536,209.4,18.0,False,True
1784653043.641,209.5,5.1,False,True
1784653043.800,209.6,58.6,True,False
1784653043.978,209.8,77.2,True,False
1784653044.137,210.0,58.8,True,False
1784653044.296,210.1,58.7,True,False
1784653044.455,210.3,58.7,True,False
1784653044.614,210.5,59.1,True,False
1784653044.773,210.6,58.6,True,False
1784653044.932,210.8,59.0,True,False
1784653045.093,210.9,60.1,True,False
1784653045.253,211.1,59.3,True,False
1784653045.412,211.3,59.4,True,False
1784653045.572,211.4,59.3,True,False
1784653045.677,211.5,5.3,False,True
1784653045.837,211.7,59.1,True,False
1784653045.996,211.8,59.3,True,False
1784653046.155,212.0,58.7,True,False
1784653046.325,212.2,69.0,True,False
1784653046.484,212.3,59.1,True,False
1784653046.651,212.5,66.9,True,False
1784653046.811,212.7,58.9,True,False
1784653046.993,212.8,81.8,True,False
1784653047.151,213.0,58.6,True,False
1784653047.257,213.1,5.9,False,True
1784653047.417,213.3,59.3,True,False
1784653047.576,213.4,59.1,True,False
1784653047.735,213.6,58.8,True,False
1784653047.896,213.7,60.9,True,False
1784653048.056,213.9,59.6,True,False
1784653048.215,214.1,58.7,True,False
1784653048.377,214.2,61.4,True,False
1784653048.559,214.4,80.9,True,False
1784653048.718,214.6,58.8,True,False
1784653048.877,214.7,59.0,True,False
1784653049.038,214.9,60.0,True,False
1784653049.197,215.0,58.6,True,False
1784653049.357,215.2,59.4,True,False
1784653049.516,215.4,58.9,True,False
1784653049.675,215.5,58.8,True,False
1784653049.835,215.7,59.8,True,False
1784653049.994,215.8,58.7,True,False
1784653050.153,216.0,58.3,True,False
1784653050.311,216.2,58.6,True,False
1784653050.471,216.3,59.4,True,False
1784653050.630,216.5,58.9,True,False
1784653050.790,216.6,59.3,True,False
1784653050.950,216.8,59.9,True,False
1784653051.121,217.0,71.1,True,False
1784653051.281,217.1,59.8,True,False
1784653051.463,217.3,81.4,True,False
1784653051.623,217.5,59.7,True,False
1784653051.782,217.6,58.9,True,False
1784653051.942,217.8,59.0,True,False
1784653052.101,218.0,59.1,True,False
1784653052.260,218.1,58.7,True,False
1784653052.419,218.3,58.5,True,False
1784653052.578,218.4,58.9,True,False
1784653052.738,218.6,59.3,True,False
1784653052.897,218.7,59.1,True,False
1784653053.057,218.9,59.3,True,False
1784653053.216,219.1,58.5,True,False
1784653053.322,219.2,5.5,False,True
1784653053.481,219.3,58.9,True,False
1784653053.664,219.5,82.5,True,False
1784653053.823,219.7,59.6,True,False
1784653053.983,219.8,59.3,True,False
1784653054.143,220.0,59.3,True,False
1784653054.302,220.2,59.3,True,False
1784653054.462,220.3,59.6,True,False
1784653054.637,220.5,74.0,True,False
1784653054.807,220.7,70.0,True,False
1784653054.967,220.8,59.6,True,False
1784653055.127,221.0,59.3,True,False
1784653055.307,221.2,79.8,True,False
1784653055.476,221.3,69.6,True,False
1784653055.646,221.5,69.7,True,False
1784653055.806,221.7,59.0,True,False
1784653055.912,221.8,5.5,False,True
1784653056.071,221.9,59.0,True,False
1784653056.230,222.1,59.2,True,False
1784653056.390,222.2,58.9,True,False
1784653056.550,222.4,60.2,True,False
1784653056.710,222.6,59.1,True,False
1784653056.869,222.7,59.2,True,False
1784653057.030,222.9,59.5,True,False
1784653057.207,223.1,77.4,True,False
1784653057.367,223.2,58.9,True,False
1784653057.527,223.4,60.1,True,False
1784653057.687,223.5,59.4,True,False
1784653057.847,223.7,59.0,True,False
1784653058.006,223.9,59.1,True,False
1784653058.166,224.0,59.7,True,False
1784653058.325,224.2,59.1,True,False
1784653058.495,224.3,70.0,True,False
1784653058.655,224.5,59.5,True,False
1784653058.815,224.7,59.5,True,False
1784653058.975,224.8,59.6,True,False
1784653059.081,224.9,5.8,False,True
1784653059.240,225.1,59.2,True,False
1784653059.400,225.2,59.1,True,False
1784653059.506,225.4,5.3,False,True
1784653059.665,225.5,59.1,True,False
1784653059.824,225.7,59.0,True,False
1784653060.000,225.8,75.7,True,False
1784653060.159,226.0,58.4,True,False
1784653060.318,226.2,59.3,True,False
1784653060.478,226.3,59.7,True,False
1784653060.639,226.5,59.9,True,False
1784653060.798,226.6,58.8,True,False
1784653060.957,226.8,59.1,True,False
1784653061.118,227.0,60.1,True,False
1784653061.299,227.1,81.3,True,False
1784653061.458,227.3,58.6,True,False
1784653061.617,227.5,59.2,True,False
1784653061.777,227.6,58.9,True,False
1784653061.883,227.7,5.5,False,True
1784653062.041,227.9,58.6,True,False
1784653062.201,228.1,59.0,True,False
1784653062.360,228.2,58.7,True,False
1784653062.520,228.4,59.4,True,False
1784653062.696,228.5,75.8,True,False
1784653062.855,228.7,59.1,True,False
1784653063.014,228.9,59.0,True,False
1784653063.174,229.0,59.1,True,False
1784653063.333,229.2,59.2,True,False
1784653063.493,229.3,59.8,True,False
1784653063.653,229.5,59.2,True,False
1784653063.812,229.7,58.7,True,False
1784653063.929,229.8,16.6,False,True
1784653064.088,229.9,58.8,True,False
1784653064.248,230.1,59.2,True,False
1784653064.408,230.3,59.7,True,False
1784653064.513,230.4,5.1,False,True
1784653064.673,230.5,59.3,True,False
1784653064.832,230.7,58.7,True,False
1784653064.938,230.8,5.6,False,True
1784653065.097,230.9,59.3,True,False
1784653065.203,231.1,5.0,False,True
1784653065.362,231.2,59.3,True,False
1784653065.468,231.3,5.4,False,True
1784653065.627,231.5,59.1,True,False
1784653065.786,231.6,58.9,True,False
1784653065.946,231.8,58.8,True,False
1784653066.105,232.0,59.1,True,False
1784653066.264,232.1,59.0,True,False
1784653066.370,232.2,5.4,False,True
1784653066.530,232.4,59.0,True,False
1784653066.689,232.5,59.1,True,False
1784653066.849,232.7,59.4,True,False
1784653067.019,232.9,70.4,True,False
1784653067.179,233.0,59.6,True,False
1784653067.339,233.2,59.7,True,False
1784653067.500,233.3,59.9,True,False
1784653067.672,233.5,72.0,True,False
1784653067.832,233.7,59.7,True,False
1784653067.938,233.8,5.5,False,True
1784653068.098,233.9,59.7,True,False
1784653068.258,234.1,60.1,True,False
1784653068.418,234.3,59.4,True,False
1784653068.578,234.4,60.1,True,False
1784653068.738,234.6,59.3,True,False
1784653068.911,234.8,72.5,True,False
1784653069.017,234.9,5.3,False,True
1784653069.122,235.0,5.3,False,True
1784653069.281,235.1,58.7,True,False
1784653069.441,235.3,59.7,True,False
1784653069.601,235.5,59.8,True,False
1784653069.708,235.6,6.5,False,True
1784653069.813,235.7,5.3,False,True
1784653069.972,235.8,58.2,True,False
1784653070.130,236.0,58.5,True,False
1784653070.289,236.1,58.5,True,False
1784653070.448,236.3,58.5,True,False
1784653070.628,236.5,79.9,True,False
1784653070.788,236.6,58.9,True,False
1784653070.947,236.8,58.9,True,False
1784653071.106,237.0,59.3,True,False
1784653071.265,237.1,58.7,True,False
1784653071.425,237.3,59.3,True,False
1784653071.585,237.4,59.1,True,False
1784653071.744,237.6,58.9,True,False
1784653071.903,237.8,59.0,True,False
1784653072.062,237.9,58.6,True,False
1784653072.222,238.1,59.9,True,False
1784653072.328,238.2,5.3,False,True
1784653072.433,238.3,5.1,False,True
1784653072.593,238.4,59.0,True,False
1784653072.752,238.6,59.3,True,False
1784653072.912,238.8,59.3,True,False
1784653073.071,238.9,58.7,True,False
1784653073.230,239.1,58.8,True,False
1784653073.336,239.2,5.5,False,True
1784653073.495,239.3,59.2,True,False
1784653073.653,239.5,58.5,True,False
1784653073.813,239.7,59.2,True,False
1784653073.981,239.8,67.6,True,False
1784653074.141,240.0,59.5,True,False
1784653074.300,240.1,58.9,True,False
1784653074.459,240.3,58.8,True,False
1784653074.617,240.5,58.3,True,False
1784653074.777,240.6,59.6,True,False
1784653074.884,240.7,6.1,False,True
1784653075.044,240.9,59.4,True,False
1784653075.202,241.1,58.6,True,False
1784653075.362,241.2,59.1,True,False
1784653075.521,241.4,58.7,True,False
1784653075.680,241.5,59.1,True,False
1784653075.840,241.7,59.2,True,False
1784653076.000,241.8,59.2,True,False
1784653076.105,242.0,4.8,False,True
1784653077.013,242.9,808.1,True,True
1784653077.173,243.0,59.1,True,False
1784653077.349,243.2,75.9,True,False
1784653077.509,243.4,59.6,True,False
1784653078.418,244.3,808.8,True,True
1784653078.577,244.4,59.1,True,False
1784653079.487,245.3,809.3,True,True
1784653079.646,245.5,59.0,True,False
1784653079.751,245.6,5.0,False,True
1784653080.660,246.5,808.9,True,True
1784653080.820,246.7,59.3,True,False
1784653080.925,246.8,5.3,False,True
1784653081.834,247.7,808.8,True,True
1784653081.940,247.8,5.3,False,True
1784653082.099,247.9,58.5,True,False
1784653082.205,248.1,5.1,False,True
1784653083.114,249.0,808.9,True,True
1784653083.273,249.1,59.2,True,False
1784653084.182,250.0,808.7,True,True
1784653084.342,250.2,59.1,True,False
1784653084.501,250.4,59.1,True,False
1784653084.661,250.5,59.3,True,False
1784653085.571,251.4,809.5,True,True
1784653085.729,251.6,58.5,True,False
1784653086.660,252.5,830.5,True,True
1784653086.820,252.7,59.5,True,False
1784653087.729,253.6,808.9,True,True
1784653087.888,253.7,58.9,True,False
1784653088.797,254.6,808.7,True,True
1784653088.956,254.8,59.2,True,False
1784653089.115,255.0,58.9,True,False
1784653089.274,255.1,58.6,True,False
1784653089.433,255.3,58.8,True,False
1784653089.593,255.4,58.7,True,False
1784653090.501,256.4,808.8,True,True
1784653090.661,256.5,59.2,True,False
1784653090.821,256.7,59.9,True,False
1784653090.981,256.8,59.1,True,False
1784653091.149,257.0,68.2,True,False
1784653092.068,257.9,818.4,True,True
1784653092.229,258.1,60.1,True,False
1784653093.138,259.0,809.3,True,True
1784653093.244,259.1,5.5,False,True
1784653093.403,259.3,59.1,True,False
1784653093.563,259.4,59.2,True,False
1784653093.722,259.6,59.0,True,False
1784653093.897,259.7,74.4,True,False
1784653094.056,259.9,59.1,True,False
1784653094.215,260.1,58.7,True,False
1784653094.374,260.2,58.8,True,False
1784653094.532,260.4,58.4,True,False
1784653094.638,260.5,5.5,False,True
1784653094.797,260.6,58.8,True,False
1784653094.956,260.8,58.6,True,False
1784653095.115,261.0,59.2,True,False
1784653095.274,261.1,58.5,True,False
1784653095.434,261.3,59.8,True,False
1784653095.540,261.4,5.1,False,True
1784653095.665,261.5,25.3,False,True
1784653095.824,261.7,59.2,True,False
1784653095.931,261.8,5.8,False,True
1784653096.840,262.7,808.9,True,True
1784653097.000,262.8,59.9,True,False
1784653097.909,263.8,809.0,True,True
1784653098.069,263.9,59.3,True,False
1784653098.978,264.8,809.1,True,True
1784653099.137,265.0,59.0,True,False
1784653099.297,265.1,59.5,True,False
1784653099.456,265.3,59.0,True,False
1784653099.616,265.5,59.1,True,False
1784653099.775,265.6,58.8,True,False
1784653099.935,265.8,59.4,True,False
1784653100.102,266.0,67.5,True,False
1784653100.261,266.1,58.7,True,False
1784653101.170,267.0,808.9,True,True
1784653101.330,267.2,59.9,True,False
1784653102.240,268.1,808.9,True,True
1784653102.399,268.2,59.3,True,False
1784653103.308,269.2,808.8,True,True
1784653103.414,269.3,5.7,False,True
1784653103.520,269.4,5.7,False,True
1784653103.679,269.5,59.1,True,False
1784653103.838,269.7,58.9,True,False
1784653103.998,269.8,59.0,True,False
1784653104.103,270.0,5.3,False,True
1784653104.263,270.1,59.3,True,False
1784653104.440,270.3,77.3,True,False
1784653104.601,270.5,60.0,True,False
1784653104.761,270.6,59.3,True,False
1784653105.670,271.5,809.3,True,True
1784653105.830,271.7,59.1,True,False
1784653105.990,271.8,59.6,True,False
1784653106.149,272.0,59.0,True,False
1784653106.308,272.2,59.1,True,False
1784653106.468,272.3,59.7,True,False
1784653106.652,272.5,83.3,True,False
1784653107.561,273.4,809.4,True,True
1784653107.720,273.6,58.7,True,False
1784653108.629,274.5,808.9,True,True
1784653108.789,274.6,59.6,True,False
1784653109.699,275.5,809.3,True,True
1784653109.858,275.7,59.1,True,False
1784653110.781,276.6,823.2,True,True
1784653110.941,276.8,58.9,True,False
1784653111.850,277.7,809.3,True,True
1784653112.011,277.9,60.0,True,False
1784653112.170,278.0,59.1,True,False
1784653112.329,278.2,59.1,True,False
1784653112.489,278.3,59.2,True,False
1784653112.648,278.5,58.5,True,False
1784653113.557,279.4,808.8,True,True
1784653113.716,279.6,58.5,True,False
1784653114.626,280.5,809.2,True,True
1784653114.785,280.6,59.4,True,False
1784653115.695,281.5,809.1,True,True
1784653115.854,281.7,58.6,True,False
1784653116.778,282.6,824.7,True,True
1784653116.938,282.8,58.9,True,False
1784653117.848,283.7,809.6,True,True
1784653118.007,283.9,59.1,True,False
1784653118.167,284.0,59.4,True,False
1784653118.327,284.2,59.2,True,False
1784653119.235,285.1,808.6,True,True
1784653119.395,285.2,59.1,True,False
1784653119.554,285.4,59.0,True,False
1784653119.713,285.6,58.9,True,False
1784653119.872,285.7,58.7,True,False
1784653120.781,286.6,809.0,True,True
1784653120.941,286.8,59.1,True,False
1784653121.123,287.0,82.7,True,False
1784653121.283,287.1,59.4,True,False
1784653122.192,288.0,808.8,True,True
1784653122.367,288.2,73.9,True,False
1784653123.288,289.1,821.2,True,True
1784653123.448,289.3,59.1,True,False
1784653124.357,290.2,809.0,True,True
1784653124.526,290.4,68.7,True,False
1784653124.685,290.5,59.1,True,False
1784653124.845,290.7,59.0,True,False
1784653125.004,290.9,59.2,True,False
1784653125.914,291.8,809.5,True,True
1784653126.019,291.9,5.2,False,True
1784653126.179,292.0,59.3,True,False
1784653127.099,292.9,819.3,True,True
1784653127.258,293.1,58.9,True,False
1784653127.418,293.3,59.9,True,False
1784653127.578,293.4,59.6,True,False
1784653127.738,293.6,59.6,True,False
1784653127.898,293.7,59.0,True,False
1784653128.069,293.9,71.0,True,False
1784653128.978,294.8,808.3,True,True
1784653129.138,295.0,59.6,True,False
1784653130.047,295.9,808.9,True,True
1784653130.206,296.1,58.8,True,False
1784653130.365,296.2,58.6,True,False
1784653130.524,296.4,59.0,True,False
1784653131.453,297.3,828.3,True,True
1784653131.633,297.5,79.9,True,False
1784653131.750,297.6,16.8,False,True
1784653132.660,298.5,809.1,True,True
1784653132.819,298.7,58.4,True,False
1784653132.979,298.8,59.9,True,False
1784653133.139,299.0,59.8,True,False
1784653133.297,299.1,58.7,True,False
1784653133.474,299.3,76.7,True,False
1784653133.634,299.5,59.3,True,False
1784653133.793,299.6,58.8,True,False
1784653134.703,300.6,809.1,True,True
1784653134.862,300.7,58.9,True,False
1784653135.786,301.6,824.4,True,True
1784653135.946,301.8,58.9,True,False
1784653136.104,302.0,58.7,True,False
1784653136.263,302.1,58.6,True,False
1784653136.423,302.3,59.6,True,False
1784653136.582,302.4,58.7,True,False
1784653136.756,302.6,73.1,True,False
1784653136.914,302.8,58.7,True,False
1784653137.074,302.9,59.0,True,False
1784653137.233,303.1,59.6,True,False
1784653138.143,304.0,809.1,True,True
1784653138.303,304.2,59.9,True,False
1784653138.463,304.3,59.6,True,False
1784653138.622,304.5,59.1,True,False
1784653139.532,305.4,809.3,True,True
1784653139.691,305.5,59.3,True,False
1784653139.851,305.7,58.9,True,False
1784653140.010,305.9,59.5,True,False
1784653140.115,306.0,5.0,False,True
1784653140.275,306.1,59.6,True,False
1784653140.435,306.3,59.0,True,False
1784653140.595,306.4,59.8,True,False
1784653140.755,306.6,59.6,True,False
1784653140.914,306.8,59.1,True,False
1784653141.073,306.9,59.6,True,False
1784653141.233,307.1,59.2,True,False
1784653141.392,307.2,59.1,True,False
1784653141.552,307.4,59.7,True,False
1784653141.712,307.6,59.2,True,False
1784653141.871,307.7,58.7,True,False
1784653142.030,307.9,58.8,True,False
1784653142.190,308.0,59.3,True,False
1784653142.349,308.2,58.9,True,False
1784653142.524,308.4,73.9,True,False
1784653142.693,308.5,69.5,True,False
1784653143.604,309.5,810.6,True,True
1784653143.763,309.6,59.1,True,False
1784653144.672,310.5,809.0,True,True
1784653144.832,310.7,59.3,True,False
1784653145.741,311.6,808.7,True,True
1784653145.901,311.8,59.4,True,False
1784653146.062,311.9,60.5,True,False
1784653146.221,312.1,59.0,True,False
1784653147.131,313.0,809.5,True,True
1784653147.291,313.1,59.4,True,False
1784653147.396,313.2,5.0,False,True
1784653147.502,313.4,5.2,False,True
1784653147.672,313.5,69.9,True,False
1784653147.832,313.7,59.1,True,False
1784653148.741,314.6,809.1,True,True
1784653148.915,314.8,73.5,True,False
1784653149.824,315.7,808.8,True,True
1784653149.984,315.8,59.2,True,False
1784653150.144,316.0,60.3,True,False
1784653150.305,316.2,59.8,True,False
1784653151.214,317.1,809.3,True,True
1784653151.374,317.2,59.2,True,False
1784653152.284,318.1,809.7,True,True
1784653152.444,318.3,60.2,True,False
1784653152.550,318.4,5.8,False,True
1784653153.460,319.3,810.1,True,True
1784653153.620,319.5,59.2,True,False
1784653153.779,319.6,58.9,True,False
1784653153.885,319.7,5.6,False,True
1784653154.794,320.6,809.5,True,True
1784653154.953,320.8,58.5,True,False
1784653155.863,321.7,809.9,True,True
1784653156.023,321.9,59.3,True,False
1784653156.182,322.0,58.9,True,False
1784653156.341,322.2,58.9,True,False
1784653157.273,323.1,831.5,True,True
1784653157.432,323.3,58.8,True,False
1784653157.607,323.5,74.5,True,False
1784653157.766,323.6,59.0,True,False
1784653157.926,323.8,59.5,True,False
1784653158.835,324.7,809.0,True,True
1784653159.015,324.9,80.0,True,False
1784653159.924,325.8,808.8,True,True
1784653160.083,325.9,58.8,True,False
1784653160.190,326.0,5.6,False,True
1784653160.349,326.2,58.9,True,False
1784653160.508,326.4,58.9,True,False
1784653160.667,326.5,58.8,True,False
1784653161.576,327.4,809.0,True,True
1784653161.736,327.6,59.3,True,False
1784653162.645,328.5,809.0,True,True
1784653162.751,328.6,5.7,False,True
1784653162.911,328.8,59.0,True,False
1784653163.820,329.7,808.8,True,True
1784653163.979,329.8,59.5,True,False
1784653164.889,330.7,808.9,True,True
1784653165.048,330.9,58.8,True,False
1784653165.958,331.8,809.9,True,True
1784653166.117,332.0,59.0,True,False
1784653166.277,332.1,59.6,True,False
1784653168.495,334.3,2117.8,True,True
1784653168.601,334.5,5.3,False,True
1784653170.139,336.0,1438.2,True,True
1784653171.533,337.4,1293.8,True,True
1784653172.989,338.8,1355.5,True,True
1784653173.095,338.9,5.7,False,True
1784653174.606,340.5,1409.8,True,True
1784653176.776,342.6,2069.6,True,True
1784653178.146,344.0,1269.8,True,True
1784653180.301,346.2,2055.0,True,True
1784653180.407,346.3,5.7,False,True
1784653181.817,347.7,1309.3,True,True
1784653183.958,349.8,2041.0,True,True
1784653185.412,351.3,1354.0,True,True
1784653186.837,352.7,1324.9,True,True
1784653189.062,354.9,2124.6,True,True
1784653190.571,356.4,1409.2,True,True
1784653192.032,357.9,1360.3,True,True
1784653193.419,359.3,1287.0,True,True
1784653195.640,361.5,2120.9,True,True
1784653196.919,362.8,1178.8,True,True
1784653199.001,364.9,1981.4,True,True
1784653199.106,365.0,5.1,False,True
1784653199.212,365.1,5.6,False,True
1784653200.632,366.5,1319.4,True,True
1784653200.737,366.6,5.2,False,True
1784653202.174,368.0,1336.0,True,True
1784653204.221,370.1,1947.0,True,True
1784653205.722,371.6,1400.4,True,True
1784653207.038,372.9,1216.2,True,True
1784653209.252,375.1,2113.5,True,True
1784653209.358,375.2,5.3,False,True
1784653209.464,375.3,5.3,False,True
1784653210.875,376.7,1311.2,True,True
1784653213.060,378.9,2084.8,True,True
1784653214.477,380.3,1316.3,True,True
1784653216.549,382.4,1972.4,True,True
1784653217.993,383.8,1343.2,True,True
1784653220.036,385.9,1943.7,True,True
1784653221.437,387.3,1299.8,True,True
1784653223.717,389.6,2179.6,True,True
1784653225.172,391.0,1354.7,True,True
1784653227.413,393.3,2140.5,True,True
1784653228.863,394.7,1350.1,True,True
1784653230.248,396.1,1285.2,True,True
1784653231.721,397.6,1372.2,True,True
1784653233.156,399.0,1335.4,True,True
1784653234.662,400.5,1405.4,True,True
1784653234.768,400.6,5.3,False,True
1784653236.966,402.8,2097.5,True,True
1784653238.354,404.2,1287.5,True,True
1784653239.705,405.6,1251.0,True,True
1784653241.223,407.1,1417.7,True,True
1784653242.718,408.6,1395.0,True,True
1784653244.071,409.9,1253.2,True,True
1784653245.595,411.4,1423.3,True,True
1784653247.075,412.9,1379.9,True,True
1784653247.180,413.0,5.2,False,True
1784653248.596,414.4,1315.6,True,True
1784653250.782,416.6,2085.9,True,True
1784653252.304,418.2,1421.2,True,True
1784653252.410,418.3,5.9,False,True
1784653253.941,419.8,1431.0,True,True
1784653254.048,419.9,5.9,False,True
1784653255.448,421.3,1300.1,True,True
1784653256.968,422.8,1419.9,True,True
1784653259.155,425.0,2086.0,True,True
1784653260.556,426.4,1301.5,True,True
1784653262.703,428.6,2046.6,True,True
1784653264.153,430.0,1349.2,True,True
1784653266.339,432.2,2086.2,True,True
1784653267.780,433.6,1340.9,True,True
1784653269.309,435.2,1428.6,True,True
1784653271.569,437.4,2159.1,True,True
1784653273.065,438.9,1395.8,True,True
1784653275.136,441.0,1970.7,True,True
1784653276.526,442.4,1290.2,True,True
1784653277.875,443.7,1248.8,True,True
1784653279.327,445.2,1351.3,True,True
1784653281.523,447.4,2096.3,True,True
1784653282.911,448.8,1288.0,True,True
1784653284.253,450.1,1241.3,True,True
1784653286.549,452.4,2196.1,True,True
1784653286.655,452.5,5.4,False,True
1784653288.073,453.9,1317.2,True,True
1784653290.262,456.1,2089.5,True,True
1784653291.727,457.6,1364.8,True,True
1784653293.185,459.0,1356.8,True,True
1784653294.678,460.5,1392.8,True,True
1784653296.159,462.0,1380.8,True,True
1784653296.265,462.1,5.5,False,True
1784653297.736,463.6,1370.7,True,True
1784653299.849,465.7,2013.1,True,True
1784653301.260,467.1,1309.8,True,True
1784653303.418,469.3,2057.7,True,True
1784653304.829,470.7,1311.2,True,True
1784653306.301,472.2,1371.7,True,True
1784653307.756,473.6,1354.3,True,True
1784653309.145,475.0,1289.3,True,True
1784653310.654,476.5,1408.3,True,True
1784653312.869,478.7,2115.4,True,True
1784653314.213,480.1,1242.8,True,True
1784653316.432,482.3,2118.4,True,True
1784653317.818,483.7,1286.4,True,True
1784653319.143,485.0,1224.1,True,True
1784653321.269,487.1,2026.0,True,True
1784653322.722,488.6,1352.5,True,True
1784653324.115,490.0,1293.0,True,True
1784653325.612,491.5,1396.1,True,True
1784653326.993,492.8,1280.8,True,True
1784653328.498,494.3,1405.1,True,True
1784653330.675,496.5,2077.3,True,True
1784653332.051,497.9,1275.7,True,True
1784653333.449,499.3,1297.5,True,True
1784653334.870,500.7,1320.3,True,True
1784653336.724,502.6,1753.8,True,True
1784653336.830,502.7,5.4,False,True
1784653336.990,502.8,59.5,True,False
1784653337.899,503.7,809.0,True,True
1784653338.058,503.9,59.2,True,False
1784653338.164,504.0,5.4,False,True
1784653339.073,504.9,808.5,True,True
1784653339.233,505.1,60.0,True,False
1784653339.392,505.2,59.2,True,False
1784653339.552,505.4,59.2,True,False
1784653339.711,505.6,58.9,True,False
1784653339.871,505.7,59.3,True,False
1784653340.031,505.9,59.7,True,False
1784653340.202,506.1,71.0,True,False
1784653341.111,507.0,809.2,True,True
1784653341.271,507.1,59.5,True,False
1784653342.180,508.0,808.7,True,True
1784653342.340,508.2,59.4,True,False
1784653343.249,509.1,808.7,True,True
1784653343.408,509.3,58.8,True,False
1784653343.515,509.4,6.2,False,True
1784653343.675,509.5,59.5,True,False
1784653343.834,509.7,58.6,True,False
1784653343.993,509.8,59.3,True,False
1784653344.154,510.0,60.1,True,False
1784653344.271,510.1,16.7,False,True
1784653345.199,511.0,828.4,True,True
1784653345.359,511.2,59.1,True,False
1784653345.464,511.3,5.3,False,True
1784653345.570,511.4,5.4,False,True
1784653345.729,511.6,58.8,True,False
1784653345.888,511.7,58.9,True,False
1784653346.797,512.6,809.1,True,True
1784653346.957,512.8,59.1,True,False
1784653347.116,513.0,58.5,True,False
1784653347.221,513.1,5.3,False,True
1784653347.381,513.2,59.2,True,False
1784653348.290,514.1,808.9,True,True
1784653348.449,514.3,59.1,True,False
1784653349.374,515.2,824.5,True,True
1784653349.533,515.4,58.9,True,False
1784653350.442,516.3,808.9,True,True
1784653350.548,516.4,5.5,False,True
1784653350.707,516.6,59.1,True,False
1784653351.617,517.5,809.0,True,True
1784653351.776,517.6,58.8,True,False
1784653351.958,517.8,81.7,True,False
1784653352.117,518.0,58.8,True,False
1784653352.276,518.1,58.9,True,False
1784653352.381,518.2,5.1,False,True
1784653352.541,518.4,59.6,True,False
1784653352.701,518.6,59.7,True,False
1784653352.808,518.7,6.0,False,True
1784653353.718,519.6,810.0,True,True
1784653353.878,519.7,59.7,True,False
1784653354.038,519.9,59.7,True,False
1784653354.197,520.0,59.0,True,False
1784653355.106,521.0,808.8,True,True
1784653355.279,521.1,72.0,True,False
1784653356.188,522.0,808.6,True,True
1784653356.347,522.2,59.0,True,False
1784653357.257,523.1,809.2,True,True
1784653357.416,523.3,58.8,True,False
1784653358.325,524.2,808.9,True,True
1784653358.485,524.3,59.3,True,False
1784653358.644,524.5,59.0,True,False
1784653358.804,524.7,59.3,True,False
1784653358.910,524.8,5.6,False,True
1784653359.069,524.9,59.0,True,False
1784653359.228,525.1,58.5,True,False
1784653360.137,526.0,809.4,True,True
1784653360.243,526.1,5.5,False,True
1784653360.418,526.3,74.7,True,False
1784653360.578,526.4,59.9,True,False
1784653360.738,526.6,60.0,True,False
1784653360.898,526.7,59.4,True,False
1784653361.808,527.7,809.4,True,True
1784653361.967,527.8,59.1,True,False
1784653362.876,528.7,809.3,True,True
1784653363.036,528.9,59.1,True,False
1784653363.141,529.0,4.9,False,True
1784653364.052,529.9,810.6,True,True
1784653364.211,530.1,59.0,True,False
1784653365.121,531.0,809.0,True,True
1784653365.280,531.1,59.2,True,False
1784653365.440,531.3,59.8,True,False
1784653366.371,532.2,830.0,True,True
1784653366.530,532.4,59.0,True,False
1784653367.439,533.3,808.7,True,True
1784653367.599,533.4,59.5,True,False
1784653367.704,533.6,5.3,False,True
1784653367.864,533.7,58.9,True,False
1784653368.023,533.9,59.0,True,False
1784653368.198,534.0,74.7,True,False
1784653368.368,534.2,70.1,True,False
1784653368.528,534.4,59.7,True,False
1784653368.689,534.5,60.4,True,False
1784653368.849,534.7,60.4,True,False
1784653368.955,534.8,5.7,False,True
1784653369.864,535.7,809.1,True,True
1784653370.025,535.9,59.9,True,False
1784653370.131,536.0,5.8,False,True
1784653370.291,536.1,60.1,True,False
1784653371.201,537.1,809.7,True,True
1784653371.360,537.2,59.0,True,False
1784653371.466,537.3,5.3,False,True
1784653372.375,538.2,809.0,True,True
1784653372.535,538.4,59.5,True,False
1784653372.640,538.5,5.1,False,True
1784653372.746,538.6,5.3,False,True
1784653372.851,538.7,5.2,False,True
1784653372.956,538.8,5.2,False,True
1784653373.062,538.9,5.7,False,True
1784653373.168,539.0,5.6,False,True
1784653374.077,539.9,808.6,True,True
1784653374.236,540.1,59.1,True,False
1784653375.146,541.0,809.2,True,True
1784653375.305,541.2,58.7,True,False
1784653375.465,541.3,59.2,True,False
1784653376.374,542.2,809.0,True,True
1784653376.534,542.4,58.9,True,False
1784653376.693,542.5,58.7,True,False
1784653376.861,542.7,67.7,True,False
1784653377.020,542.9,58.8,True,False
1784653377.180,543.0,59.7,True,False
1784653377.340,543.2,59.3,True,False
1784653377.499,543.3,59.4,True,False
1784653378.409,544.3,809.2,True,True
1784653378.515,544.4,5.9,False,True
1784653378.691,544.5,75.5,True,False
1784653378.850,544.7,58.7,True,False
1784653378.955,544.8,5.2,False,True
1784653379.061,544.9,5.3,False,True
1784653379.221,545.1,59.8,True,False
1784653380.132,546.0,810.5,True,True
1784653380.237,546.1,5.4,False,True
1784653380.397,546.2,59.2,True,False
1784653381.318,547.2,820.5,True,True
1784653381.496,547.3,77.4,True,False
1784653382.405,548.3,809.2,True,True
1784653382.565,548.4,59.1,True,False
1784653383.474,549.3,809.0,True,True
1784653383.633,549.5,59.2,True,False
1784653384.543,550.4,809.5,True,True
1784653384.649,550.5,6.1,False,True
1784653384.809,550.7,59.2,True,False
1784653385.718,551.6,808.7,True,True
1784653385.877,551.7,59.3,True,False
1784653386.036,551.9,58.7,True,False
1784653386.196,552.0,59.2,True,False
1784653387.119,553.0,823.2,True,True
1784653387.278,553.1,59.0,True,False
1784653387.449,553.3,70.6,True,False
1784653387.609,553.5,59.3,True,False
1784653387.769,553.6,59.5,True,False
1784653387.929,553.8,59.4,True,False
1784653388.838,554.7,808.9,True,True
1784653388.997,554.8,59.0,True,False
1784653389.157,555.0,59.5,True,False
1784653389.317,555.2,59.7,True,False
1784653390.226,556.1,809.2,True,True
1784653390.386,556.2,59.9,True,False
1784653390.493,556.3,6.3,False,True
1784653390.652,556.5,59.0,True,False
1784653390.812,556.7,59.3,True,False
1784653390.971,556.8,58.9,True,False
1784653391.077,556.9,5.7,False,True
1784653391.236,557.1,59.5,True,False
1784653392.146,558.0,809.4,True,True
1784653392.251,558.1,5.1,False,True
1784653392.411,558.3,59.2,True,False
1784653393.320,559.2,808.8,True,True
1784653393.479,559.3,59.2,True,False
1784653394.389,560.2,808.9,True,True
1784653394.561,560.4,72.7,True,False
1784653394.721,560.6,58.8,True,False
1784653394.880,560.7,58.5,True,False
1784653395.789,561.6,809.0,True,True
1784653395.948,561.8,59.3,True,False
1784653396.876,562.7,826.9,True,True
1784653397.036,562.9,59.7,True,False
1784653397.197,563.0,60.5,True,False
1784653397.356,563.2,58.6,False,True
1784653397.514,563.4,58.2,False,True
1784653397.673,563.5,58.2,False,True
1784653397.840,563.7,67.1,False,True
1784653397.999,563.8,57.8,False,True
1784653398.157,564.0,58.4,False,True
1784653398.319,564.2,61.2,False,True
1784653398.489,564.3,70.3,False,True
1784653398.647,564.5,57.6,False,True
1784653398.752,564.6,5.0,False,True
1784653398.918,564.8,65.6,False,True
1784653399.090,564.9,71.4,False,True
1784653399.248,565.1,58.1,False,True
1784653399.417,565.3,68.7,False,True
1784653399.576,565.4,58.0,False,True
1784653400.752,566.6,1075.7,False,True
1784653401.660,567.5,808.0,False,True
1784653402.579,568.4,818.6,False,True
1784653403.760,569.6,1080.6,False,True
1784653404.944,570.8,1084.0,False,True
1784653406.128,572.0,1083.5,False,True
1784653407.312,573.2,1083.8,False,True
1784653408.500,574.3,1088.0,False,True
1784653409.408,575.3,808.3,False,True
1784653409.573,575.4,64.0,False,True
1784653410.735,576.6,1062.2,False,True
1784653410.842,576.7,5.5,False,True
1784653412.015,577.9,1073.5,False,True
1784653412.923,578.8,807.8,False,True
1784653413.832,579.7,808.2,False,True
1784653414.991,580.8,1059.4,False,True
1784653416.175,582.0,1083.4,False,True
1784653417.363,583.2,1087.5,False,True
1784653417.522,583.4,58.3,False,True
1784653418.703,584.6,1080.8,False,True
1784653419.618,585.5,814.0,False,True
1784653420.526,586.4,807.8,False,True
1784653420.632,586.5,6.5,False,True
1784653420.738,586.6,5.8,False,True
1784653421.903,587.8,1064.5,False,True
1784653422.009,587.9,5.5,False,True
1784653423.183,589.0,1073.9,False,True
1784653424.367,590.2,1083.3,False,True
1784653424.525,590.4,57.9,False,True
1784653425.711,591.6,1085.5,False,True
1784653426.895,592.7,1083.1,False,True
1784653428.079,593.9,1083.9,False,True
1784653429.263,595.1,1084.1,False,True
1784653430.447,596.3,1083.4,False,True
1784653430.605,596.5,58.2,False,True
1784653431.791,597.6,1085.2,False,True
1784653432.974,598.8,1083.5,False,True
1784653434.159,600.0,1083.8,False,True
1784653435.072,600.9,812.9,False,True
1784653435.980,601.8,808.6,False,True
1784653436.917,602.8,836.1,False,True
1784653437.826,603.7,809.1,False,True
1784653438.735,604.6,808.6,False,True
1784653439.654,605.5,818.1,False,True
1784653440.847,606.7,1092.2,False,True
1784653442.030,607.9,1083.4,False,True
1784653442.940,608.8,809.0,False,True
1784653444.110,610.0,1070.0,False,True
1784653445.294,611.1,1083.4,False,True
1784653446.202,612.1,808.2,False,True
1784653447.374,613.2,1071.2,False,True
1784653447.532,613.4,58.2,False,True
1784653449.454,615.3,1821.0,False,True
1784653449.615,615.5,61.4,False,True
1784653450.798,616.6,1082.0,False,True
1784653451.721,617.6,822.8,False,True
1784653452.910,618.8,1088.4,False,True
1784653454.094,619.9,1083.8,False,True
1784653455.278,621.1,1084.1,False,True
1784653456.462,622.3,1083.6,False,True
1784653456.620,622.5,57.8,False,True
1784653457.806,623.7,1085.8,False,True
1784653458.990,624.8,1083.5,False,True
1784653460.173,626.0,1083.5,False,True
1784653461.362,627.2,1087.9,False,True
1784653461.520,627.4,58.1,False,True
1784653462.701,628.6,1080.4,False,True
1784653462.807,628.7,5.9,False,True
1784653463.718,629.6,810.7,True,True
1784653463.878,629.7,59.1,True,False
1784653464.037,629.9,59.2,True,False
1784653464.197,630.0,59.5,True,False
1784653464.356,630.2,58.8,True,False
1784653464.516,630.4,59.9,True,False
1784653465.426,631.3,808.8,True,True
1784653465.585,631.4,58.7,True,False
1784653465.691,631.5,5.5,False,True
1784653465.861,631.7,70.0,True,False
1784653466.031,631.9,70.2,True,False
1784653466.940,632.8,808.7,True,True
1784653467.101,633.0,60.6,True,False
1784653468.010,633.9,808.8,True,True
1784653468.169,634.0,58.5,True,False
1784653468.329,634.2,59.4,True,False
1784653468.434,634.3,5.6,False,True
1784653468.594,634.4,59.1,True,False
1784653468.770,634.6,76.7,True,False
1784653468.930,634.8,59.3,True,False
1784653469.116,635.0,86.0,True,False
1784653470.025,635.9,808.8,True,True
1784653470.184,636.0,58.4,True,False
1784653470.343,636.2,58.8,True,False
1784653470.525,636.4,81.1,True,False
1784653470.684,636.5,58.9,True,False
1784653470.843,636.7,58.9,True,False
1784653471.752,637.6,808.8,True,True
1784653471.916,637.8,63.0,True,False
1784653472.075,637.9,58.9,True,False
1784653472.235,638.1,58.9,True,False
1784653473.144,639.0,809.0,True,True
1784653473.304,639.2,59.4,True,False
1784653473.487,639.3,83.4,True,False
1784653473.646,639.5,58.5,True,False
1784653473.816,639.7,69.2,True,False
1784653474.725,640.6,809.0,True,True
1784653474.884,640.7,59.0,True,False
1784653475.794,641.6,809.0,True,True
1784653475.952,641.8,58.4,True,False
1784653476.875,642.7,822.3,True,True
1784653477.034,642.9,58.9,True,False
1784653477.193,643.0,59.4,True,False
1784653477.371,643.2,77.9,True,False
1784653477.531,643.4,59.4,True,False
1784653477.690,643.5,58.6,True,False
1784653477.850,643.7,59.8,True,False
1784653478.009,643.9,58.8,True,False
1784653478.168,644.0,58.7,True,False
1784653479.077,644.9,808.8,True,True
1784653479.236,645.1,58.8,True,False
1784653479.416,645.3,79.3,True,False
1784653480.325,646.2,808.8,True,True
1784653480.485,646.3,59.2,True,False
1784653481.394,647.2,808.8,True,True
1784653481.571,647.4,77.2,True,False
1784653481.732,647.6,60.1,True,False
1784653481.891,647.7,59.0,True,False
1784653482.050,647.9,58.5,True,False
1784653482.215,648.1,65.0,True,False
1784653482.374,648.2,58.8,True,False
1784653483.284,649.1,809.1,True,True
1784653483.443,649.3,58.8,True,False
1784653483.621,649.5,77.5,True,False
1784653484.530,650.4,809.3,True,True
1784653484.636,650.5,5.3,False,True
1784653484.795,650.6,58.9,True,False
1784653484.954,650.8,58.6,True,False
1784653485.060,650.9,5.3,False,True
1784653485.986,651.8,826.4,True,True
1784653486.145,652.0,58.5,True,False
1784653487.073,652.9,827.8,True,True
1784653487.232,653.1,58.9,True,False
1784653488.141,654.0,808.8,True,True
1784653488.300,654.1,58.7,True,False
1784653488.459,654.3,58.8,True,False
1784653488.619,654.5,58.9,True,False
1784653488.793,654.6,73.8,True,False
1784653489.702,655.6,809.0,True,True
1784653489.871,655.7,69.0,True,False
1784653490.780,656.6,808.8,True,True
1784653490.951,656.8,70.1,True,False
1784653491.056,656.9,5.5,False,True
1784653491.162,657.0,5.2,False,True
1784653492.071,657.9,809.0,True,True
1784653492.231,658.1,59.5,True,False
1784653493.159,659.0,827.1,True,True
1784653493.318,659.2,58.7,True,False
1784653493.424,659.3,5.3,False,True
1784653493.583,659.4,58.8,True,False
1784653493.742,659.6,59.4,True,False
1784653493.902,659.8,59.7,True,False
1784653494.071,659.9,68.8,True,False
1784653494.230,660.1,58.8,True,False
1784653495.140,661.0,809.1,True,True
1784653495.299,661.1,58.8,True,False
1784653496.209,662.1,809.1,True,True
1784653496.369,662.2,59.9,True,False
1784653497.278,663.1,809.0,True,True
1784653497.438,663.3,59.6,True,False
1784653497.598,663.4,59.8,True,False
1784653498.509,664.4,810.5,True,True
1784653498.671,664.5,61.6,True,False
1784653499.581,665.4,809.8,True,True
1784653499.740,665.6,59.1,True,False
1784653499.900,665.7,59.6,True,False
1784653500.059,665.9,59.1,True,False
1784653500.985,666.8,825.2,True,True
1784653501.144,667.0,59.3,True,False
1784653502.071,667.9,826.2,True,True
1784653502.230,668.1,59.3,True,False
1784653503.140,669.0,809.8,True,True
1784653503.299,669.1,58.6,True,False
1784653503.458,669.3,59.1,True,False
1784653503.618,669.5,59.0,True,False
1784653503.777,669.6,59.5,True,False
1784653503.954,669.8,77.0,True,False
1784653504.061,669.9,5.9,False,True
1784653504.984,670.8,822.8,True,True
1784653505.143,671.0,59.0,True,False
1784653505.322,671.2,79.2,True,False
1784653506.232,672.1,809.3,True,True
1784653506.392,672.2,59.1,True,False
1784653507.302,673.2,809.7,True,True
1784653507.471,673.3,68.5,True,False
1784653507.631,673.5,59.9,True,False
1784653507.790,673.6,59.2,True,False
1784653507.950,673.8,59.6,True,False
1784653508.860,674.7,809.1,True,True
1784653509.019,674.9,59.2,True,False
1784653509.179,675.0,59.3,True,False
1784653509.338,675.2,59.2,True,False
1784653509.444,675.3,5.5,False,True
1784653509.615,675.5,70.3,True,False
1784653509.774,675.6,59.4,True,False
1784653509.949,675.8,74.1,True,False
1784653510.115,676.0,66.4,True,False
1784653511.037,676.9,820.8,True,True
1784653511.196,677.0,59.4,True,False
1784653511.356,677.2,59.7,True,False
1784653511.515,677.4,58.7,True,False
1784653511.675,677.5,59.0,True,False
1784653511.834,677.7,59.1,True,False
1784653511.940,677.8,5.5,False,True
1784653512.046,677.9,5.6,False,True
1784653512.215,678.1,69.2,True,False
1784653512.375,678.2,59.5,True,False
1784653512.534,678.4,59.1,True,False
1784653513.445,679.3,809.6,True,True
1784653513.604,679.5,59.0,True,False
1784653514.515,680.4,810.7,True,True
1784653514.674,680.5,59.3,True,False
1784653515.584,681.4,809.1,True,True
1784653515.744,681.6,59.7,True,False
1784653515.915,681.8,70.7,True,False
1784653516.074,681.9,59.3,True,False
1784653516.235,682.1,60.5,True,False
1784653516.394,682.2,59.3,True,False
1784653517.304,683.2,809.3,True,True
1784653517.464,683.3,59.8,True,False
1784653518.374,684.2,809.7,True,True
1784653518.534,684.4,59.1,True,False
1784653518.694,684.5,60.0,True,False
1784653519.624,685.5,830.1,True,True
1784653519.802,685.7,76.8,True,False
1784653519.962,685.8,59.5,True,False
1784653520.121,686.0,59.2,True,False
1784653520.281,686.1,59.5,True,False
1784653520.451,686.3,69.5,True,False
1784653520.610,686.5,59.3,True,False
1784653521.519,687.4,808.7,True,True
1784653521.678,687.5,58.6,True,False
1784653521.837,687.7,58.6,True,False
1784653521.942,687.8,5.3,False,True
1784653522.101,688.0,58.9,True,False
1784653522.261,688.1,59.0,True,False
1784653523.170,689.0,808.9,True,True
1784653523.330,689.2,59.5,True,False
1784653524.239,690.1,809.0,True,True
1784653524.398,690.2,58.7,True,False
1784653524.558,690.4,59.3,True,False
1784653524.717,690.6,59.6,True,False
1784653524.895,690.7,77.0,True,False
1784653525.066,690.9,71.4,True,False
1784653525.226,691.1,58.9,True,False
1784653525.385,691.2,59.1,True,False
1784653525.561,691.4,75.8,True,False
1784653525.734,691.6,72.7,True,False
1784653525.893,691.7,58.6,True,False
1784653526.052,691.9,58.7,True,False
1784653526.211,692.1,58.9,True,False
1784653526.370,692.2,58.8,True,False
1784653526.531,692.4,60.7,True,False
1784653526.691,692.5,59.2,True,False
1784653526.850,692.7,58.7,True,False
1784653527.009,692.9,58.8,True,False
1784653527.168,693.0,58.6,True,False
1784653527.328,693.2,59.2,True,False
1784653527.487,693.3,59.3,True,False
1784653527.646,693.5,58.6,True,False
1784653527.806,693.7,59.1,True,False
1784653528.715,694.6,809.5,True,True
1784653528.894,694.7,78.5,True,False
1784653529.813,695.7,818.5,True,True
1784653529.972,695.8,58.8,True,False
1784653530.882,696.7,808.9,True,True
1784653531.042,696.9,59.7,True,False
1784653531.201,697.1,59.6,True,False
1784653531.361,697.2,59.6,True,False
1784653532.270,698.1,808.6,True,True
1784653532.430,698.3,58.8,True,False
1784653532.536,698.4,5.6,False,True
1784653532.695,698.5,58.9,True,False
1784653533.604,699.5,808.8,True,True
1784653533.710,699.6,5.3,False,True
1784653533.869,699.7,59.2,True,False
1784653534.779,700.6,809.0,True,True
1784653534.938,700.8,58.9,True,False
1784653535.847,701.7,808.9,True,True
1784653536.007,701.9,59.2,True,False
1784653536.916,702.8,809.3,True,True
1784653537.076,702.9,59.8,True,False
1784653537.182,703.0,6.0,False,True
1784653538.092,703.9,808.9,True,True
1784653538.198,704.0,5.3,False,True
1784653538.304,704.2,5.4,False,True
1784653538.463,704.3,59.0,True,False
1784653538.622,704.5,59.3,True,False
1784653538.781,704.6,58.8,True,False
1784653538.941,704.8,58.8,True,False
1784653539.099,704.9,58.8,True,False
1784653539.259,705.1,59.0,True,False
1784653539.418,705.3,59.7,True,False
1784653539.577,705.4,58.9,True,False
1784653539.737,705.6,59.3,True,False
1784653539.897,705.7,60.1,True,False
1784653540.004,705.9,5.4,False,True
1784653540.163,706.0,59.5,True,False
1784653540.322,706.2,59.0,True,False
1784653540.490,706.3,67.7,True,False
1784653540.649,706.5,59.0,True,False
1784653541.559,707.4,809.8,True,True
1784653541.719,707.6,58.8,True,False
1784653542.629,708.5,809.8,True,True
1784653542.789,708.6,59.9,True,False
1784653542.948,708.8,58.6,True,False
1784653543.107,709.0,58.8,True,False
1784653543.266,709.1,58.8,True,False
1784653544.175,710.0,808.5,True,True
1784653544.335,710.2,60.0,True,False
1784653545.245,711.1,809.6,True,True
1784653545.404,711.3,58.9,True,False
1784653545.510,711.4,5.5,False,True
1784653546.419,712.3,808.7,True,True
1784653546.578,712.4,59.2,True,False
1784653547.488,713.3,809.2,True,True
1784653547.647,713.5,58.6,True,False
1784653547.806,713.7,58.6,True,False
1784653547.965,713.8,59.5,True,False
1784653548.071,713.9,5.5,False,True
1784653548.176,714.0,5.4,False,True
1784653548.335,714.2,58.8,True,False
1784653548.495,714.3,59.8,True,False
1784653548.655,714.5,59.0,True,False
1784653549.564,715.4,808.9,True,True
1784653549.748,715.6,83.5,True,False
1784653549.906,715.8,58.5,True,False
1784653550.075,715.9,68.0,True,False
1784653550.234,716.1,59.1,True,False
1784653551.144,717.0,809.5,True,True
1784653551.303,717.2,58.9,True,False
1784653551.463,717.3,59.6,True,False
1784653551.622,717.5,58.5,True,False
1784653551.781,717.6,58.9,True,False
1784653551.941,717.8,59.4,True,False
1784653552.850,718.7,809.2,True,True
1784653553.010,718.9,59.1,True,False
1784653553.169,719.0,58.9,True,False
1784653553.275,719.1,5.5,False,True
1784653554.202,720.1,826.7,True,True
1784653554.361,720.2,58.9,True,False
1784653555.271,721.1,809.3,True,True
1784653555.431,721.3,59.6,True,False
1784653555.591,721.4,59.4,True,False
1784653555.751,721.6,60.0,True,False
1784653556.660,722.5,808.5,True,True
1784653556.819,722.7,59.1,True,False
1784653557.728,723.6,808.9,True,True
1784653557.888,723.7,59.5,True,False
1784653558.797,724.6,809.2,True,True
1784653558.980,724.8,81.9,True,False
1784653559.889,725.7,809.1,True,True
1784653560.049,725.9,59.1,True,False
1784653560.208,726.1,59.2,True,False
1784653560.314,726.2,5.1,False,True
1784653561.222,727.1,808.6,True,True
1784653561.382,727.2,59.2,True,False
1784653562.291,728.1,809.1,True,True
1784653562.450,728.3,58.6,True,False
1784653563.361,729.2,810.1,True,True
1784653563.520,729.4,59.5,True,False
1784653564.430,730.3,809.0,True,True
1784653564.589,730.4,59.0,True,False
1784653564.748,730.6,58.8,True,False
1784653564.907,730.8,58.8,True,False
1784653565.066,730.9,58.6,True,False
1784653565.975,731.8,808.7,True,True
1784653566.135,732.0,59.5,True,False
1784653566.314,732.2,78.6,True,False
1784653567.223,733.1,808.8,True,True
1784653567.382,733.2,59.4,True,False
1784653568.292,734.1,809.0,True,True
1784653568.451,734.3,59.0,True,False
1784653568.610,734.5,58.7,True,False
1784653569.520,735.4,809.5,True,True
1784653569.680,735.5,59.9,True,False
1784653570.589,736.4,809.2,True,True
1784653570.749,736.6,59.9,True,False
1784653570.857,736.7,7.3,False,True
1784653571.765,737.6,808.5,True,True
1784653571.871,737.7,5.0,False,True
1784653571.976,737.8,5.1,False,True
1784653572.135,738.0,58.6,True,False
1784653572.295,738.1,59.2,True,False
1784653573.204,739.1,808.9,True,True
1784653573.363,739.2,58.4,True,False
1784653574.272,740.1,809.1,True,True
1784653574.454,740.3,81.4,True,False
1784653575.364,741.2,809.6,True,True
1784653575.523,741.4,58.6,True,False
1784653578.433,744.3,2810.1,False,True
1784653581.357,747.2,2822.7,False,True
1784653584.265,750.1,2808.5,False,True
1784653587.187,753.0,2822.0,False,True
1784653590.096,755.9,2808.9,False,True
1784653590.274,756.1,77.4,False,True
1784653590.433,756.3,57.8,False,True
1784653590.590,756.4,57.6,False,True
1784653590.749,756.6,58.6,False,True
1784653590.907,756.8,57.7,False,True
1784653591.066,756.9,57.9,False,True
1784653591.171,757.0,5.3,False,True
1784653592.079,757.9,807.7,False,True
1784653592.988,758.8,808.1,False,True
1784653594.188,760.0,1100.0,False,True
1784653595.111,761.0,823.3,False,True
1784653596.020,761.9,808.0,False,True
1784653597.224,763.1,1103.8,False,True
1784653597.383,763.2,58.4,False,True
1784653598.291,764.1,807.9,False,True
1784653599.464,765.3,1072.7,False,True
1784653600.648,766.5,1084.0,False,True
1784653601.832,767.7,1083.2,False,True
1784653603.020,768.9,1087.8,False,True
1784653604.200,770.0,1079.7,False,True
1784653604.358,770.2,58.2,False,True
1784653606.279,772.1,1821.0,False,True
1784653606.437,772.3,57.7,False,True
1784653607.623,773.5,1086.0,False,True
1784653608.807,774.7,1083.8,False,True
1784653609.992,775.8,1084.0,False,True
1784653611.179,777.0,1087.2,False,True
1784653611.349,777.2,69.6,False,True
1784653613.287,779.1,1837.6,False,True
1784653613.445,779.3,57.8,False,True
1784653614.631,780.5,1086.0,False,True
1784653614.737,780.6,5.2,False,True
1784653614.842,780.7,5.1,False,True
1784653616.011,781.9,1068.2,False,True
1784653617.191,783.0,1079.9,False,True
1784653617.349,783.2,58.2,False,True
1784653618.535,784.4,1085.5,False,True
1784653619.719,785.6,1083.6,False,True
1784653619.825,785.7,5.2,False,True
1784653620.999,786.8,1074.3,False,True
1784653622.183,788.0,1083.1,False,True
1784653622.362,788.2,78.6,False,True
1784653623.527,789.4,1065.0,False,True
1784653624.711,790.6,1083.7,False,True
1784653625.895,791.7,1083.8,False,True
1784653627.079,792.9,1083.5,False,True
1784653627.999,793.8,820.7,False,True
1784653629.158,795.0,1058.6,False,True
1784653629.317,795.2,57.9,False,True
1784653630.503,796.4,1085.8,False,True
1784653631.686,797.5,1083.4,False,True
1784653632.594,798.4,807.7,False,True
1784653633.503,799.4,808.7,False,True
1784653634.411,800.3,807.8,False,True
1784653635.320,801.2,808.1,False,True
1784653637.254,803.1,1834.4,False,True
1784653638.163,804.0,808.3,False,True
1784653638.322,804.2,58.5,False,True
1784653639.495,805.3,1072.9,False,True
1784653640.682,806.5,1087.3,False,True
1784653641.862,807.7,1079.6,False,True
1784653643.046,808.9,1083.6,False,True
1784653644.230,810.1,1083.8,False,True
1784653644.389,810.2,58.0,False,True
1784653645.574,811.4,1084.9,False,True
1784653646.482,812.3,808.1,False,True
1784653646.602,812.5,18.7,False,True
1784653647.782,813.6,1079.8,False,True
1784653648.966,814.8,1083.8,False,True
1784653650.150,816.0,1084.0,False,True
1784653650.318,816.2,67.8,False,True
1784653652.230,818.1,1811.5,False,True
1784653652.388,818.2,57.9,False,True
1784653653.578,819.4,1090.1,True,True
1784653653.738,819.6,59.2,True,False
1784653653.845,819.7,5.8,False,True
1784653654.210,820.1,265.2,True,True
1784653654.316,820.2,5.4,False,True
1784653654.475,820.3,58.8,True,False
1784653654.634,820.5,59.0,True,False
1784653654.739,820.6,5.5,False,True
1784653655.911,821.8,1071.1,True,True
1784653656.070,821.9,59.5,True,False
1784653656.232,822.1,61.5,True,False
1784653656.798,822.6,465.5,True,True
1784653658.206,824.1,1307.3,True,True
1784653658.311,824.2,5.4,False,True
1784653659.500,825.3,1088.5,True,True
1784653659.660,825.5,59.9,True,False
1784653660.021,825.9,261.0,True,True
1784653660.182,826.0,59.8,True,False
1784653661.092,826.9,810.0,True,True
1784653661.454,827.3,261.6,True,True
1784653662.363,828.2,809.1,True,True
1784653664.524,830.4,2060.4,False,True
1784653665.433,831.3,809.2,True,True
1784653665.592,831.4,58.9,True,False
1784653665.752,831.6,59.1,True,False
1784653666.663,832.5,809.9,True,True
1784653666.845,832.7,81.9,True,False
1784653667.755,833.6,809.7,True,True
1784653667.914,833.8,58.7,True,False
1784653668.074,833.9,59.9,True,False
1784653668.233,834.1,58.4,True,False
1784653668.422,834.3,88.5,True,False
1784653668.528,834.4,5.8,False,True
1784653669.459,835.3,830.6,True,True
1784653669.619,835.5,59.7,True,False
1784653669.780,835.6,60.2,True,False
1784653669.940,835.8,59.9,True,False
1784653670.100,835.9,59.7,True,False
1784653670.259,836.1,59.2,True,False
1784653670.419,836.3,58.9,True,False
1784653670.525,836.4,5.7,False,True
1784653670.684,836.5,59.2,True,False
1784653670.845,836.7,60.0,True,False
1784653671.004,836.9,59.1,True,False
1784653671.163,837.0,59.1,True,False
1784653671.322,837.2,59.1,True,False
1784653671.482,837.3,59.9,True,False
1784653671.642,837.5,59.2,True,False
1784653671.803,837.7,60.1,True,False
1784653671.962,837.8,59.5,True,False
1784653672.872,838.7,809.5,True,True
1784653673.032,838.9,59.5,True,False
1784653673.192,839.0,59.6,True,False
1784653674.101,840.0,808.9,True,True
1784653674.260,840.1,58.7,True,False
1784653674.419,840.3,59.3,True,False
1784653675.329,841.2,809.3,True,True
1784653675.490,841.3,60.0,True,False
1784653675.649,841.5,59.2,True,False
1784653675.831,841.7,81.5,True,False
1784653675.992,841.8,60.0,True,False
1784653676.902,842.8,809.9,True,True
1784653677.062,842.9,59.5,True,False
1784653677.168,843.0,5.9,False,True
1784653677.274,843.1,5.5,False,True
1784653677.434,843.3,59.7,True,False
1784653677.594,843.4,59.7,True,False
1784653677.754,843.6,59.7,True,False
1784653677.915,843.8,60.1,True,False
1784653678.096,843.9,80.9,True,False
1784653678.201,844.1,5.4,False,True
1784653678.361,844.2,59.5,True,False
1784653679.270,845.1,809.0,True,True
1784653679.430,845.3,59.3,True,False
1784653679.590,845.4,59.3,True,False
1784653679.749,845.6,58.9,True,False
1784653679.929,845.8,79.4,True,False
1784653680.089,845.9,59.0,True,False
1784653680.998,846.8,809.1,True,True
1784653681.158,847.0,59.2,True,False
1784653681.263,847.1,5.3,False,True
1784653681.423,847.3,59.6,True,False
1784653681.583,847.4,59.4,True,False
1784653682.493,848.3,809.7,True,True
1784653682.652,848.5,58.8,True,False
1784653682.811,848.7,58.8,True,False
1784653682.970,848.8,59.2,True,False
1784653683.129,849.0,58.9,True,False
1784653684.052,849.9,821.9,True,True
1784653684.211,850.1,59.4,True,False
1784653685.140,851.0,828.3,True,True
1784653685.300,851.1,59.6,True,False
1784653685.459,851.3,58.9,True,False
1784653685.619,851.5,59.2,True,False
1784653686.528,852.4,808.9,True,True
1784653686.633,852.5,4.9,False,True
1784653686.739,852.6,5.6,False,True
1784653686.898,852.7,58.9,True,False
1784653687.808,853.7,809.2,True,True
1784653687.967,853.8,59.4,True,False
1784653688.127,854.0,58.8,True,False
1784653689.036,854.9,808.9,True,True
1784653689.195,855.0,58.8,True,False
1784653690.104,856.0,808.7,True,True
1784653690.263,856.1,59.1,True,False
1784653691.173,857.0,809.4,True,True
1784653691.352,857.2,79.8,True,False
1784653692.262,858.1,809.0,True,True
1784653692.421,858.3,58.5,True,False
1784653693.353,859.2,832.3,True,True
1784653693.513,859.4,59.6,True,False
1784653694.422,860.3,808.9,True,True
1784653694.581,860.4,58.7,True,False
1784653694.740,860.6,58.9,True,False
1784653694.913,860.8,72.2,True,False
1784653695.072,860.9,58.9,True,False
1784653695.178,861.0,5.1,False,True
1784653695.360,861.2,81.9,True,False
1784653695.520,861.4,59.3,True,False
1784653695.698,861.5,78.7,True,False
1784653695.858,861.7,59.7,True,False
1784653696.018,861.9,59.2,True,False
1784653696.177,862.0,59.1,True,False
1784653696.337,862.2,59.2,True,False
1784653696.496,862.3,59.5,True,False
1784653696.656,862.5,59.4,True,False
1784653697.588,863.4,831.7,True,True
1784653697.747,863.6,58.6,True,False
1784653698.656,864.5,808.6,True,True
1784653698.762,864.6,5.5,False,True
1784653698.921,864.8,59.1,True,False
1784653699.853,865.7,831.4,True,True
1784653700.012,865.9,58.8,True,False
1784653700.922,866.8,809.3,True,True
1784653701.048,866.9,26.1,False,True
1784653701.207,867.1,59.0,True,False
1784653701.366,867.2,59.0,True,False
1784653701.526,867.4,59.0,True,False
1784653702.434,868.3,808.7,True,True
1784653702.594,868.4,59.1,True,False
1784653702.754,868.6,59.0,True,False
1784653702.913,868.8,59.3,True,False
1784653703.073,868.9,59.3,True,False
1784653703.232,869.1,59.0,True,False
1784653703.392,869.2,59.8,True,False
1784653703.552,869.4,59.7,True,False
1784653703.712,869.6,59.4,True,False
1784653703.872,869.7,59.3,True,False
1784653703.978,869.8,6.2,False,True
1784653704.137,870.0,58.7,True,False
1784653704.297,870.1,59.3,True,False
1784653704.456,870.3,59.0,True,False
1784653704.616,870.5,59.4,True,False
1784653704.776,870.6,59.4,True,False
1784653704.935,870.8,58.9,True,False
1784653705.094,870.9,59.1,True,False
1784653705.254,871.1,59.3,True,False
1784653705.359,871.2,5.1,False,True
1784653705.518,871.4,59.3,True,False
1784653705.642,871.5,24.2,False,True
1784653705.748,871.6,5.5,False,True
1784653706.658,872.5,809.7,True,True
1784653706.818,872.7,59.2,True,False
1784653706.977,872.8,59.3,True,False
1784653707.083,872.9,5.6,False,True
1784653707.992,873.8,809.1,True,True
1784653708.152,874.0,59.6,True,False
1784653709.061,874.9,808.7,True,True
1784653709.244,875.1,82.0,True,False
1784653709.403,875.3,58.8,True,False
1784653709.561,875.4,58.4,True,False
1784653709.721,875.6,59.3,True,False
1784653710.631,876.5,809.1,True,True
1784653710.812,876.7,81.4,True,False
1784653710.972,876.8,59.1,True,False
1784653711.132,877.0,60.2,True,False
1784653711.292,877.1,60.0,True,False
1784653711.452,877.3,59.5,True,False
1784653712.362,878.2,809.2,True,True
1784653712.521,878.4,59.0,True,False
1784653712.680,878.5,59.1,True,False
1784653712.841,878.7,60.1,True,False
1784653713.000,878.8,59.1,True,False
1784653713.159,879.0,59.0,True,False
1784653713.319,879.2,59.4,True,False
1784653713.478,879.3,58.9,True,False
1784653714.386,880.2,808.5,True,True
1784653714.566,880.4,79.3,True,False
1784653715.476,881.3,809.2,True,True
1784653715.654,881.5,77.6,True,False
1784653715.759,881.6,5.1,False,True
1784653715.919,881.8,59.2,True,False
1784653716.078,881.9,58.9,True,False
1784653716.238,882.1,59.5,True,False
1784653717.147,883.0,808.9,True,True
1784653717.306,883.2,59.2,True,False
1784653718.237,884.1,830.8,True,True
1784653718.397,884.2,59.3,True,False
1784653718.556,884.4,59.6,True,False
1784653718.716,884.6,59.1,True,False
1784653718.875,884.7,59.5,True,False
1784653719.785,885.6,809.1,True,True
1784653719.945,885.8,59.8,True,False
1784653720.854,886.7,809.0,True,True
1784653721.013,886.9,59.1,True,False
1784653721.173,887.0,59.0,True,False
1784653721.279,887.1,6.0,False,True
1784653721.439,887.3,59.4,True,False
1784653721.598,887.4,59.1,True,False
1784653721.776,887.6,78.3,True,False
1784653721.936,887.8,59.1,True,False
1784653722.095,887.9,58.9,True,False
1784653723.004,888.9,809.0,True,True
1784653723.163,889.0,59.1,True,False
1784653724.073,889.9,809.2,True,True
1784653724.232,890.1,58.9,True,False
1784653724.338,890.2,5.5,False,True
1784653724.497,890.3,58.9,True,False
1784653724.667,890.5,70.3,True,False
1784653724.827,890.7,59.5,True,False
1784653725.008,890.9,80.5,True,False
1784653725.167,891.0,59.2,True,False
1784653725.326,891.2,59.1,True,False
1784653725.503,891.4,76.6,True,False
1784653725.662,891.5,58.5,True,False
1784653725.768,891.6,5.8,False,True
1784653725.875,891.7,6.0,False,True
1784653726.035,891.9,60.0,True,False
1784653726.216,892.1,80.7,True,False
1784653726.375,892.2,59.0,True,False
1784653726.535,892.4,59.1,True,False
1784653726.641,892.5,5.4,False,True
1784653727.550,893.4,808.7,True,True
1784653727.709,893.6,58.9,True,False
1784653727.869,893.7,59.3,True,False
1784653728.029,893.9,59.5,True,False
1784653728.188,894.0,59.1,True,False
1784653729.098,894.9,809.1,True,True
1784653729.257,895.1,59.0,True,False
1784653729.417,895.3,59.1,True,False
1784653729.576,895.4,59.2,True,False
1784653729.682,895.5,5.6,False,True
1784653730.591,896.4,809.2,True,True
1784653730.697,896.5,5.4,False,True
1784653730.857,896.7,59.5,True,False
1784653731.016,896.9,59.0,True,False
1784653731.175,897.0,58.8,True,False
1784653731.335,897.2,59.0,True,False
1784653732.266,898.1,831.4,True,True
1784653732.427,898.3,59.7,True,False
1784653732.532,898.4,5.2,False,True
1784653732.692,898.5,59.1,True,False
1784653732.851,898.7,59.5,True,False
1784653733.011,898.9,59.0,True,False
1784653733.184,899.0,72.7,True,False
1784653733.343,899.2,59.2,True,False
1784653733.525,899.4,81.5,True,False
1784653734.434,900.3,809.0,True,True
1784653734.593,900.4,58.8,True,False
1784653735.503,901.4,809.2,True,True
1784653735.662,901.5,58.9,True,False
1784653736.572,902.4,808.9,True,True
1784653736.732,902.6,60.5,True,False
1784653736.892,902.7,59.4,True,False
1784653737.009,902.9,15.9,False,True
1784653737.918,903.8,809.0,True,True
1784653738.078,903.9,59.7,True,False
1784653738.238,904.1,59.4,True,False
1784653738.353,904.2,14.4,False,True
1784653739.261,905.1,808.5,True,True
1784653739.421,905.3,59.4,True,False
1784653740.331,906.2,809.5,True,True
1784653740.492,906.3,61.0,True,False
1784653741.402,907.3,809.2,True,True
1784653741.572,907.4,69.6,True,False
1784653742.505,908.4,832.4,True,True
1784653742.664,908.5,59.0,True,False
1784653742.824,908.7,58.9,True,False
1784653742.983,908.8,59.1,True,False
1784653743.161,909.0,77.8,True,False
1784653743.321,909.2,59.6,True,False
1784653743.480,909.3,58.9,True,False
1784653743.639,909.5,58.6,True,False
1784653743.799,909.6,59.0,True,False
1784653743.958,909.8,59.0,True,False
1784653744.118,910.0,59.3,True,False
1784653744.233,910.1,15.1,False,True
1784653744.392,910.2,59.1,True,False
1784653744.563,910.4,70.2,True,False
1784653745.472,911.3,809.1,True,True
1784653745.644,911.5,71.3,True,False
1784653746.553,912.4,809.5,True,True
1784653746.725,912.6,71.3,True,False
1784653746.893,912.7,68.1,True,False
1784653747.803,913.7,809.5,True,True
1784653747.963,913.8,59.7,True,False
1784653748.873,914.7,809.4,True,True
1784653749.033,914.9,59.4,True,False
1784653749.139,915.0,5.6,False,True
1784653749.299,915.1,59.6,True,False
1784653749.458,915.3,59.1,True,False
1784653749.617,915.5,58.8,True,False
1784653749.777,915.6,59.1,True,False
1784653749.883,915.7,5.9,False,True
1784653750.043,915.9,59.6,True,False
1784653750.203,916.1,60.4,True,False
1784653750.384,916.2,80.2,True,False
1784653750.543,916.4,59.1,True,False
1784653751.453,917.3,808.9,True,True
1784653751.612,917.5,58.9,True,False
1784653751.771,917.6,59.1,True,False
1784653751.930,917.8,59.0,True,False
1784653752.839,918.7,809.2,True,True
1784653752.999,918.8,59.9,True,False
1784653753.158,919.0,58.9,True,False
1784653753.318,919.2,59.8,True,False
1784653754.228,920.1,809.3,True,True
1784653754.387,920.2,59.4,True,False
1784653755.297,921.1,809.1,True,True
1784653755.402,921.3,5.5,False,True
1784653755.561,921.4,59.0,True,False
1784653755.720,921.6,58.7,True,False
1784653755.880,921.7,59.3,True,False
1784653756.791,922.6,810.4,True,True
1784653756.896,922.7,5.4,False,True
1784653757.056,922.9,59.5,True,False
1784653757.966,923.8,809.5,True,True
1784653758.126,924.0,59.5,True,False
1784653759.035,924.9,809.3,True,True
1784653759.195,925.0,58.9,True,False
1784653760.106,926.0,811.1,True,True
1784653760.266,926.1,59.5,True,False
1784653761.189,927.0,822.7,True,True
1784653761.349,927.2,59.3,True,False
1784653762.259,928.1,810.1,True,True
1784653762.419,928.3,59.6,True,False
1784653763.329,929.2,809.3,True,True
1784653763.489,929.3,60.3,True,False
1784653764.399,930.2,809.1,True,True
1784653764.559,930.4,60.0,True,False
1784653764.718,930.6,58.7,True,False
1784653764.877,930.7,59.0,True,False
1784653765.037,930.9,59.0,True,False
1784653765.947,931.8,809.6,True,True
1784653766.107,932.0,59.5,True,False
1784653766.266,932.1,58.5,True,False
1784653766.426,932.3,59.8,True,False
1784653767.335,933.2,809.0,True,True
1784653767.494,933.3,59.4,True,False
1784653768.404,934.3,809.9,True,True
1784653768.564,934.4,59.7,True,False
1784653768.671,934.5,5.9,False,True
1784653769.590,935.4,818.5,True,True
1784653769.758,935.6,68.1,True,False
1784653770.669,936.5,809.8,True,True
1784653770.776,936.6,6.5,False,True
1784653770.935,936.8,58.9,True,False
1784653771.845,937.7,809.4,True,True
1784653772.006,937.9,61.0,True,False
1784653772.916,938.8,809.3,True,True
1784653773.021,938.9,5.4,False,True
1784653773.193,939.0,71.0,True,False
1784653774.102,940.0,809.3,True,True
1784653774.261,940.1,59.0,True,False
1784653774.421,940.3,59.5,True,False
1784653774.581,940.4,59.1,True,False
1784653774.742,940.6,61.1,True,False
1784653774.902,940.8,59.3,True,False
1784653775.811,941.7,808.7,True,True
1784653775.970,941.8,59.3,True,False
1784653776.076,941.9,5.1,False,True
1784653776.236,942.1,59.4,True,False
1784653776.404,942.3,68.2,True,False
1784653776.510,942.4,5.5,False,True
1784653777.432,943.3,820.9,True,True
1784653777.613,943.5,80.5,True,False
1784653777.772,943.6,59.1,True,False
1784653777.931,943.8,58.5,True,False
1784653778.840,944.7,809.3,True,True
1784653779.000,944.9,59.4,True,False
1784653779.160,945.0,59.0,True,False
1784653780.069,945.9,808.9,True,True
1784653780.250,946.1,80.9,True,False
1784653781.169,947.0,819.3,True,True
1784653781.329,947.2,59.4,True,False
1784653782.239,948.1,809.1,True,True
1784653782.398,948.2,59.4,True,False
1784653782.504,948.4,5.3,False,True
1784653782.611,948.5,6.5,False,True
1784653782.771,948.6,59.7,True,False
1784653782.930,948.8,58.7,True,False
1784653783.839,949.7,809.5,True,True
1784653784.000,949.8,59.6,True,False
1784653784.909,950.8,809.2,True,True
