ts,elapsed_s,latency_ms,ok,sla_violated
1784660689.492,0.1,87.2,True,False
1784660689.653,0.2,60.6,True,False
1784660689.814,0.4,60.5,True,False
1784660689.974,0.6,59.5,True,False
1784660690.133,0.7,59.2,True,False
1784660690.293,0.9,59.9,True,False
1784660690.454,1.0,60.5,True,False
1784660690.615,1.2,61.3,True,False
1784660690.795,1.4,79.3,True,False
1784660690.955,1.6,59.4,True,False
1784660691.135,1.7,79.4,True,False
1784660691.295,1.9,59.8,True,False
1784660691.455,2.0,59.6,True,False
1784660691.615,2.2,60.3,True,False
1784660691.776,2.4,59.9,True,False
1784660691.936,2.5,59.6,True,False
1784660692.096,2.7,59.8,True,False
1784660692.276,2.9,80.1,True,False
1784660692.436,3.0,59.7,True,False
1784660692.597,3.2,59.9,True,False
1784660692.757,3.4,59.5,True,False
1784660692.917,3.5,60.1,True,False
1784660693.077,3.7,59.9,True,False
1784660693.237,3.8,59.5,True,False
1784660693.396,4.0,58.9,True,False
1784660693.556,4.2,59.2,True,False
1784660693.717,4.3,60.2,True,False
1784660693.877,4.5,59.8,True,False
1784660694.036,4.6,59.4,True,False
1784660694.196,4.8,59.4,True,False
1784660694.355,5.0,59.0,True,False
1784660694.515,5.1,59.8,True,False
1784660694.675,5.3,59.9,True,False
1784660694.835,5.4,59.7,True,False
1784660695.016,5.6,80.1,True,False
1784660695.175,5.8,59.3,True,False
1784660695.337,5.9,62.0,True,False
1784660695.498,6.1,59.8,True,False
1784660695.657,6.3,59.8,True,False
1784660695.817,6.4,58.9,True,False
1784660695.977,6.6,59.6,True,False
1784660696.136,6.7,59.3,True,False
1784660696.296,6.9,59.3,True,False
1784660696.456,7.1,59.8,True,False
1784660696.616,7.2,59.2,True,False
1784660696.776,7.4,59.9,True,False
1784660696.936,7.5,59.7,True,False
1784660697.097,7.7,60.8,True,False
1784660697.256,7.9,58.9,True,False
1784660697.416,8.0,60.3,True,False
1784660697.577,8.2,59.9,True,False
1784660697.737,8.3,59.5,True,False
1784660697.896,8.5,59.1,True,False
1784660698.055,8.7,59.3,True,False
1784660698.215,8.8,59.7,True,False
1784660698.376,9.0,60.2,True,False
1784660698.535,9.1,59.1,True,False
1784660698.695,9.3,59.6,True,False
1784660698.868,9.5,73.0,True,False
1784660699.028,9.6,59.3,True,False
1784660699.188,9.8,59.8,True,False
1784660699.348,9.9,59.4,True,False
1784660699.518,10.1,69.7,True,False
1784660699.679,10.3,60.4,True,False
1784660699.838,10.4,59.4,True,False
1784660699.998,10.6,59.4,True,False
1784660700.157,10.8,59.0,True,False
1784660700.317,10.9,59.3,True,False
1784660700.477,11.1,59.5,True,False
1784660700.637,11.2,59.4,True,False
1784660700.796,11.4,59.6,True,False
1784660700.956,11.6,59.3,True,False
1784660701.116,11.7,59.3,True,False
1784660701.275,11.9,59.2,True,False
1784660701.434,12.0,59.3,True,False
1784660701.596,12.2,60.9,True,False
1784660701.755,12.4,59.6,True,False
1784660701.915,12.5,59.0,True,False
1784660702.074,12.7,59.5,True,False
1784660702.234,12.8,59.5,True,False
1784660702.394,13.0,59.7,True,False
1784660702.554,13.1,59.3,True,False
1784660702.714,13.3,60.1,True,False
1784660702.874,13.5,59.6,True,False
1784660703.035,13.6,60.4,True,False
1784660703.196,13.8,61.0,True,False
1784660703.356,14.0,59.1,True,False
1784660703.516,14.1,59.7,True,False
1784660703.676,14.3,60.2,True,False
1784660703.836,14.4,59.6,True,False
1784660703.996,14.6,59.3,True,False
1784660704.156,14.8,59.4,True,False
1784660704.315,14.9,59.2,True,False
1784660704.475,15.1,59.1,True,False
1784660704.634,15.2,59.5,True,False
1784660704.794,15.4,58.9,True,False
1784660704.954,15.5,60.1,True,False
1784660705.114,15.7,59.6,True,False
1784660705.273,15.9,59.4,True,False
1784660705.434,16.0,59.5,True,False
1784660705.594,16.2,59.8,True,False
1784660705.754,16.3,59.3,True,False
1784660705.914,16.5,59.5,True,False
1784660706.074,16.7,59.9,True,False
1784660706.233,16.8,59.3,True,False
1784660706.392,17.0,59.0,True,False
1784660706.553,17.1,60.1,True,False
1784660706.713,17.3,60.1,True,False
1784660706.873,17.5,59.2,True,False
1784660707.033,17.6,59.1,True,False
1784660707.192,17.8,59.7,True,False
1784660707.352,17.9,59.3,True,False
1784660707.511,18.1,59.5,True,False
1784660707.685,18.3,73.1,True,False
1784660707.845,18.4,59.6,True,False
1784660708.005,18.6,59.7,True,False
1784660708.165,18.8,59.8,True,False
1784660708.324,18.9,58.9,True,False
1784660708.485,19.1,59.9,True,False
1784660708.644,19.2,59.4,True,False
1784660708.804,19.4,59.6,True,False
1784660708.964,19.6,60.2,True,False
1784660709.124,19.7,59.5,True,False
1784660709.284,19.9,59.4,True,False
1784660709.443,20.0,59.1,True,False
1784660709.603,20.2,59.2,True,False
1784660709.763,20.4,59.3,True,False
1784660709.923,20.5,59.8,True,False
1784660710.083,20.7,59.4,True,False
1784660710.243,20.8,59.3,True,False
1784660710.403,21.0,59.9,True,False
1784660710.585,21.2,82.1,True,False
1784660710.745,21.3,59.3,True,False
1784660710.905,21.5,60.0,True,False
1784660711.065,21.7,59.4,True,False
1784660711.225,21.8,59.6,True,False
1784660711.384,22.0,58.8,True,False
1784660711.544,22.1,60.0,True,False
1784660711.704,22.3,59.3,True,False
1784660711.864,22.5,59.6,True,False
1784660712.023,22.6,59.6,True,False
1784660712.183,22.8,59.4,True,False
1784660712.366,23.0,82.8,True,False
1784660712.525,23.1,59.1,True,False
1784660712.707,23.3,81.2,True,False
1784660712.866,23.5,59.0,True,False
1784660713.026,23.6,59.5,True,False
1784660713.186,23.8,59.8,True,False
1784660713.346,23.9,59.2,True,False
1784660713.506,24.1,59.4,True,False
1784660713.665,24.3,59.4,True,False
1784660713.825,24.4,59.4,True,False
1784660713.984,24.6,59.1,True,False
1784660714.145,24.7,59.8,True,False
1784660714.304,24.9,59.6,True,False
1784660714.464,25.1,59.1,True,False
1784660714.637,25.2,73.1,True,False
1784660714.797,25.4,59.4,True,False
1784660714.957,25.6,59.0,True,False
1784660715.116,25.7,59.3,True,False
1784660715.276,25.9,59.5,True,False
1784660715.436,26.0,59.8,True,False
1784660715.596,26.2,59.3,True,False
1784660715.767,26.4,70.3,True,False
1784660715.939,26.5,72.6,True,False
1784660716.100,26.7,60.3,True,False
1784660716.260,26.9,59.7,True,False
1784660716.420,27.0,59.9,True,False
1784660716.580,27.2,60.1,True,False
1784660716.740,27.3,59.8,True,False
1784660716.900,27.5,59.4,True,False
1784660717.060,27.7,59.3,True,False
1784660717.220,27.8,60.2,True,False
1784660717.380,28.0,59.2,True,False
1784660717.540,28.1,60.0,True,False
1784660717.700,28.3,59.5,True,False
1784660717.859,28.5,59.2,True,False
1784660718.019,28.6,59.1,True,False
1784660718.180,28.8,60.8,True,False
1784660718.339,28.9,59.5,True,False
1784660718.500,29.1,60.5,True,False
1784660718.660,29.3,59.3,True,False
1784660718.820,29.4,60.2,True,False
1784660718.980,29.6,59.9,True,False
1784660719.140,29.7,60.1,True,False
1784660719.300,29.9,58.8,True,False
1784660719.459,30.1,59.4,True,False
1784660719.620,30.2,59.9,True,False
1784660719.782,30.4,61.4,True,False
1784660719.942,30.5,60.1,True,False
1784660720.103,30.7,60.3,True,False
1784660720.263,30.9,59.7,True,False
1784660720.423,31.0,59.5,True,False
1784660720.582,31.2,59.2,True,False
1784660720.742,31.3,59.4,True,False
1784660720.902,31.5,59.7,True,False
1784660721.061,31.7,59.5,True,False
1784660721.221,31.8,59.0,True,False
1784660721.381,32.0,60.3,True,False
1784660721.541,32.1,59.6,True,False
1784660721.701,32.3,59.5,True,False
1784660721.860,32.5,59.2,True,False
1784660722.020,32.6,59.4,True,False
1784660722.180,32.8,59.9,True,False
1784660722.340,32.9,59.9,True,False
1784660722.500,33.1,59.4,True,False
1784660722.659,33.3,59.1,True,False
1784660722.818,33.4,59.2,True,False
1784660722.978,33.6,59.9,True,False
1784660723.139,33.7,60.3,True,False
1784660723.298,33.9,59.6,True,False
1784660723.458,34.1,59.5,True,False
1784660723.618,34.2,59.7,True,False
1784660723.778,34.4,59.5,True,False
1784660723.938,34.5,59.3,True,False
1784660724.097,34.7,59.1,True,False
1784660724.280,34.9,82.6,True,False
1784660724.440,35.0,60.2,True,False
1784660724.600,35.2,59.4,True,False
1784660724.761,35.4,60.0,True,False
1784660724.931,35.5,70.0,True,False
1784660725.091,35.7,59.6,True,False
1784660725.251,35.8,59.5,True,False
1784660725.410,36.0,59.2,True,False
1784660725.570,36.2,59.3,True,False
1784660725.730,36.3,59.0,True,False
1784660725.890,36.5,59.6,True,False
1784660726.049,36.6,59.5,True,False
1784660726.209,36.8,59.5,True,False
1784660726.369,37.0,59.8,True,False
1784660726.529,37.1,59.6,True,False
1784660726.688,37.3,59.3,True,False
1784660726.847,37.4,58.9,True,False
1784660727.007,37.6,59.4,True,False
1784660727.167,37.8,59.8,True,False
1784660727.327,37.9,59.2,True,False
1784660727.486,38.1,58.8,True,False
1784660727.646,38.2,59.4,True,False
1784660727.806,38.4,59.9,True,False
1784660727.966,38.6,59.8,True,False
1784660728.128,38.7,61.1,True,False
1784660728.287,38.9,59.0,True,False
1784660728.448,39.0,60.0,True,False
1784660728.617,39.2,67.6,True,False
1784660728.776,39.4,59.4,True,False
1784660728.936,39.5,59.4,True,False
1784660729.096,39.7,59.5,True,False
1784660729.265,39.9,68.5,True,False
1784660729.425,40.0,59.9,True,False
1784660729.606,40.2,81.0,True,False
1784660729.765,40.4,59.1,True,False
1784660729.948,40.5,81.8,True,False
1784660730.107,40.7,59.5,True,False
1784660730.267,40.9,59.1,True,False
1784660730.426,41.0,59.5,True,False
1784660730.586,41.2,58.9,True,False
1784660730.745,41.3,59.1,True,False
1784660730.905,41.5,59.2,True,False
1784660731.064,41.7,59.4,True,False
1784660731.224,41.8,59.5,True,False
1784660731.383,42.0,58.9,True,False
1784660731.543,42.1,59.7,True,False
1784660731.703,42.3,59.1,True,False
1784660731.862,42.5,59.5,True,False
1784660732.022,42.6,59.1,True,False
1784660732.181,42.8,59.4,True,False
1784660732.342,42.9,60.1,True,False
1784660732.501,43.1,59.4,True,False
1784660732.661,43.3,59.5,True,False
1784660732.820,43.4,59.0,True,False
1784660732.980,43.6,59.0,True,False
1784660733.139,43.7,59.3,True,False
1784660733.299,43.9,59.2,True,False
1784660733.459,44.1,59.8,True,False
1784660733.619,44.2,59.9,True,False
1784660733.779,44.4,59.7,True,False
1784660733.939,44.5,59.9,True,False
1784660734.099,44.7,59.4,True,False
1784660734.259,44.9,59.2,True,False
1784660734.418,45.0,59.4,True,False
1784660734.579,45.2,60.1,True,False
1784660734.738,45.3,59.2,True,False
1784660734.898,45.5,59.4,True,False
1784660735.058,45.7,59.5,True,False
1784660735.218,45.8,59.3,True,False
1784660735.378,46.0,59.9,True,False
1784660735.537,46.1,58.9,True,False
1784660735.697,46.3,59.4,True,False
1784660735.856,46.5,59.0,True,False
1784660736.016,46.6,59.4,True,False
1784660736.175,46.8,59.4,True,False
1784660736.335,46.9,59.3,True,False
1784660736.495,47.1,59.5,True,False
1784660736.655,47.2,59.8,True,False
1784660736.815,47.4,59.6,True,False
1784660736.974,47.6,59.5,True,False
1784660737.135,47.7,59.9,True,False
1784660737.294,47.9,59.1,True,False
1784660737.454,48.0,59.7,True,False
1784660737.614,48.2,59.8,True,False
1784660737.774,48.4,59.7,True,False
1784660737.934,48.5,59.3,True,False
1784660738.094,48.7,59.6,True,False
1784660738.253,48.8,58.9,True,False
1784660738.413,49.0,59.6,True,False
1784660738.572,49.2,59.5,True,False
1784660738.733,49.3,60.2,True,False
1784660738.892,49.5,59.1,True,False
1784660739.052,49.6,59.3,True,False
1784660739.211,49.8,59.4,True,False
1784660739.371,50.0,59.4,True,False
1784660739.532,50.1,59.9,True,False
1784660739.692,50.3,59.6,True,False
1784660739.851,50.4,59.3,True,False
1784660740.011,50.6,59.2,True,False
1784660740.172,50.8,59.9,True,False
1784660740.331,50.9,59.4,True,False
1784660740.491,51.1,59.4,True,False
1784660740.651,51.2,59.5,True,False
1784660740.811,51.4,59.8,True,False
1784660740.970,51.6,58.8,True,False
1784660741.130,51.7,59.6,True,False
1784660741.289,51.9,59.6,True,False
1784660741.449,52.0,59.6,True,False
1784660741.609,52.2,59.6,True,False
1784660741.769,52.4,59.4,True,False
1784660741.929,52.5,59.4,True,False
1784660742.088,52.7,59.3,True,False
1784660742.248,52.8,59.5,True,False
1784660742.408,53.0,59.9,True,False
1784660742.567,53.2,59.3,True,False
1784660742.738,53.3,70.5,True,False
1784660742.898,53.5,59.8,True,False
1784660743.058,53.7,59.6,True,False
1784660743.220,53.8,62.2,True,False
1784660743.380,54.0,59.5,True,False
1784660743.540,54.1,59.3,True,False
1784660743.699,54.3,59.4,True,False
1784660743.859,54.5,59.2,True,False
1784660744.019,54.6,59.8,True,False
1784660744.179,54.8,59.6,True,False
1784660744.338,54.9,59.0,True,False
1784660744.498,55.1,59.4,True,False
1784660744.660,55.3,60.4,True,False
1784660744.820,55.4,59.9,True,False
1784660744.980,55.6,59.6,True,False
1784660745.140,55.7,59.5,True,False
1784660745.301,55.9,60.5,True,False
1784660745.460,56.1,59.3,True,False
1784660745.620,56.2,60.0,True,False
1784660745.780,56.4,59.5,True,False
1784660745.941,56.5,60.0,True,False
1784660746.100,56.7,59.5,True,False
1784660746.260,56.9,59.6,True,False
1784660746.421,57.0,60.4,True,False
1784660746.592,57.2,71.0,True,False
1784660746.753,57.3,60.3,True,False
1784660746.930,57.5,76.6,True,False
1784660747.089,57.7,59.2,True,False
1784660747.248,57.8,59.1,True,False
1784660747.408,58.0,59.4,True,False
1784660747.568,58.2,59.6,True,False
1784660747.728,58.3,58.9,True,False
1784660747.887,58.5,59.5,True,False
1784660748.046,58.6,59.1,True,False
1784660748.206,58.8,59.4,True,False
1784660748.366,59.0,59.3,True,False
1784660748.526,59.1,59.5,True,False
1784660748.685,59.3,59.1,True,False
1784660748.845,59.4,59.5,True,False
1784660749.006,59.6,59.9,True,False
1784660749.165,59.8,59.3,True,False
1784660749.325,59.9,59.2,True,False
1784660749.485,60.1,59.4,True,False
1784660749.645,60.2,60.0,True,False
1784660749.804,60.4,59.5,True,False
1784660749.965,60.6,59.7,True,False
1784660750.125,60.7,59.7,True,False
1784660750.285,60.9,59.6,True,False
1784660750.463,61.1,78.1,True,False
1784660750.623,61.2,59.4,True,False
1784660750.783,61.4,59.4,True,False
1784660750.942,61.5,59.0,True,False
1784660751.102,61.7,59.5,True,False
1784660751.262,61.9,59.6,True,False
1784660751.423,62.0,60.4,True,False
1784660751.583,62.2,60.5,True,False
1784660751.743,62.3,59.2,True,False
1784660751.903,62.5,59.3,True,False
1784660752.513,63.1,509.8,True,True
1784660752.696,63.3,82.6,True,False
1784660752.855,63.5,59.2,True,False
1784660753.015,63.6,59.4,True,False
1784660753.175,63.8,59.4,True,False
1784660753.335,63.9,59.5,True,False
1784660753.945,64.5,509.8,True,True
1784660754.555,65.1,509.8,True,True
1784660755.164,65.8,509.7,True,True
1784660755.325,65.9,60.2,True,False
1784660755.935,66.5,510.3,True,True
1784660756.545,67.1,509.7,True,True
1784660757.156,67.8,510.0,True,True
1784660757.316,67.9,59.3,True,False
1784660757.925,68.5,509.4,True,True
1784660758.085,68.7,59.7,True,False
1784660758.259,68.9,73.1,True,False
1784660758.868,69.5,509.3,True,True
1784660759.478,70.1,509.6,True,True
1784660759.639,70.2,60.2,True,False
1784660760.249,70.8,509.9,True,True
1784660760.409,71.0,59.5,True,False
1784660761.019,71.6,509.8,True,True
1784660761.180,71.8,60.4,True,False
1784660761.790,72.4,509.7,True,True
1784660761.950,72.5,60.4,True,False
1784660762.560,73.2,509.5,True,True
1784660762.721,73.3,60.4,True,False
1784660763.330,73.9,509.6,True,True
1784660763.490,74.1,59.4,True,False
1784660764.099,74.7,509.3,True,True
1784660764.259,74.9,59.1,True,False
1784660764.869,75.5,509.5,True,True
1784660765.028,75.6,59.5,True,False
1784660765.639,76.2,509.9,True,True
1784660765.798,76.4,59.4,True,False
1784660766.407,77.0,509.1,True,True
1784660767.017,77.6,509.3,True,True
1784660767.627,78.2,509.9,True,True
1784660767.787,78.4,59.9,True,False
1784660768.397,79.0,509.5,True,True
1784660768.557,79.2,60.0,True,False
1784660769.167,79.8,510.1,True,True
1784660769.327,79.9,59.3,True,False
1784660769.937,80.5,509.7,True,True
1784660770.106,80.7,69.2,True,False
1784660770.716,81.3,509.6,True,True
1784660770.877,81.5,60.1,True,False
1784660771.488,82.1,510.6,True,True
1784660771.656,82.3,68.2,True,False
1784660772.267,82.9,510.5,True,True
1784660772.427,83.0,59.9,True,False
1784660773.037,83.6,509.5,True,True
1784660773.197,83.8,59.9,True,False
1784660773.807,84.4,509.4,True,True
1784660773.981,84.6,73.4,True,False
1784660774.591,85.2,509.9,True,True
1784660774.751,85.3,59.5,True,False
1784660775.361,86.0,509.9,True,True
1784660775.521,86.1,60.0,True,False
1784660776.131,86.7,509.7,True,True
1784660776.741,87.3,509.8,True,True
1784660777.351,87.9,509.7,True,True
1784660777.961,88.6,509.8,True,True
1784660778.122,88.7,60.3,True,False
1784660778.282,88.9,59.9,True,False
1784660778.443,89.0,59.9,True,False
1784660778.603,89.2,59.7,True,False
1784660779.212,89.8,509.3,True,True
1784660779.373,90.0,60.2,True,False
1784660779.533,90.1,59.6,True,False
1784660780.144,90.7,510.2,True,True
1784660780.304,90.9,59.9,True,False
1784660780.914,91.5,509.3,True,True
1784660781.524,92.1,510.0,True,True
1784660782.133,92.7,509.4,True,True
1784660782.294,92.9,59.7,True,False
1784660782.903,93.5,509.6,True,True
1784660783.063,93.7,59.7,True,False
1784660783.674,94.3,510.0,True,True
1784660783.834,94.4,59.6,True,False
1784660784.444,95.0,509.8,True,True
1784660784.604,95.2,59.4,True,False
1784660785.214,95.8,510.4,True,True
1784660785.375,96.0,59.7,True,False
1784660785.985,96.6,510.2,True,True
1784660786.596,97.2,510.4,True,True
1784660787.206,97.8,509.9,True,True
1784660787.817,98.4,510.2,True,True
1784660788.427,99.0,509.8,True,True
1784660789.037,99.6,509.4,True,True
1784660789.646,100.2,509.1,True,True
1784660789.805,100.4,59.2,True,False
1784660790.433,101.0,527.7,True,True
1784660791.043,101.6,509.4,True,True
1784660791.204,101.8,60.5,True,False
1784660791.813,102.4,509.1,True,True
1784660791.973,102.6,59.0,True,False
1784660792.583,103.2,509.6,True,True
1784660793.193,103.8,510.0,True,True
1784660793.803,104.4,510.1,True,True
1784660794.413,105.0,510.1,True,True
1784660795.023,105.6,509.3,True,True
1784660795.183,105.8,59.4,True,False
1784660795.342,105.9,59.2,True,False
1784660795.965,106.6,522.5,True,True
1784660796.126,106.7,60.3,True,False
1784660796.735,107.3,509.0,True,True
1784660796.896,107.5,60.1,True,False
1784660797.505,108.1,509.4,True,True
1784660797.667,108.3,61.1,True,False
1784660798.277,108.9,509.1,True,True
1784660798.436,109.0,59.0,True,False
1784660798.596,109.2,60.0,True,False
1784660798.757,109.4,59.8,True,False
1784660798.917,109.5,60.3,True,False
1784660799.529,110.1,510.9,True,True
1784660799.689,110.3,59.9,True,False
1784660800.299,110.9,510.1,True,True
1784660800.459,111.1,60.1,True,False
1784660801.069,111.7,509.9,True,True
1784660801.230,111.8,59.9,True,False
1784660801.398,112.0,68.2,True,False
1784660801.561,112.2,62.5,True,False
1784660801.721,112.3,60.0,True,False
1784660801.881,112.5,59.8,True,False
1784660802.041,112.6,59.7,True,False
1784660802.652,113.2,510.3,True,True
1784660802.811,113.4,59.3,True,False
1784660803.421,114.0,509.0,True,True
1784660803.581,114.2,59.7,True,False
1784660804.191,114.8,509.6,True,True
1784660804.800,115.4,509.7,True,True
1784660804.961,115.6,60.0,True,False
1784660805.571,116.2,509.7,True,True
1784660806.180,116.8,509.5,True,True
1784660806.791,117.4,510.0,True,True
1784660807.400,118.0,509.7,True,True
1784660807.560,118.2,59.5,True,False
1784660808.170,118.8,509.5,True,True
1784660808.793,119.4,522.2,True,True
1784660809.403,120.0,509.3,True,True
1784660809.563,120.2,60.1,True,False
1784660809.723,120.3,59.7,True,False
1784660809.884,120.5,60.4,True,False
1784660810.494,121.1,510.2,True,True
1784660810.654,121.2,59.7,True,False
1784660811.265,121.9,509.9,True,True
1784660811.425,122.0,59.5,True,False
1784660811.585,122.2,59.9,True,False
1784660811.745,122.3,59.4,True,False
1784660811.905,122.5,60.1,True,False
1784660812.065,122.7,59.9,True,False
1784660812.225,122.8,59.8,True,False
1784660812.835,123.4,509.7,True,True
1784660812.995,123.6,59.3,True,False
1784660813.604,124.2,509.0,True,True
1784660813.764,124.4,59.6,True,False
1784660813.924,124.5,59.5,True,False
1784660814.534,125.1,509.8,True,True
1784660814.694,125.3,59.1,True,False
1784660815.304,125.9,509.8,True,True
1784660815.464,126.1,59.4,True,False
1784660815.623,126.2,59.3,True,False
1784660815.783,126.4,59.1,True,False
1784660816.392,127.0,509.3,True,True
1784660816.552,127.1,59.5,True,False
1784660816.712,127.3,58.9,True,False
1784660816.871,127.5,59.6,True,False
1784660817.032,127.6,59.7,True,False
1784660817.191,127.8,59.2,True,False
1784660817.801,128.4,509.8,True,True
1784660817.961,128.6,59.7,True,False
1784660818.122,128.7,59.9,True,False
1784660818.732,129.3,510.3,True,True
1784660818.892,129.5,59.7,True,False
1784660819.052,129.6,59.2,True,False
1784660819.213,129.8,60.6,True,False
1784660819.373,130.0,59.4,True,False
1784660819.533,130.1,59.5,True,False
1784660819.692,130.3,59.3,True,False
1784660820.304,130.9,510.7,True,True
1784660820.483,131.1,79.5,True,False
1784660821.094,131.7,509.8,True,True
1784660821.254,131.8,60.2,True,False
1784660821.864,132.5,509.6,True,True
1784660822.023,132.6,59.1,True,False
1784660822.633,133.2,509.8,True,True
1784660822.793,133.4,59.4,True,False
1784660822.953,133.5,59.3,True,False
1784660823.112,133.7,59.1,True,False
1784660823.272,133.9,59.2,True,False
1784660823.881,134.5,508.8,True,True
1784660824.041,134.6,59.8,True,False
1784660824.650,135.2,509.4,True,True
1784660824.810,135.4,59.0,True,False
1784660825.420,136.0,510.0,True,True
1784660825.581,136.2,60.4,True,False
1784660826.190,136.8,509.6,True,True
1784660826.350,136.9,59.4,True,False
1784660826.959,137.6,508.9,True,True
1784660827.119,137.7,59.6,True,False
1784660827.279,137.9,59.5,True,False
1784660827.439,138.0,59.3,True,False
1784660827.598,138.2,59.3,True,False
1784660827.758,138.4,59.4,True,False
1784660828.368,139.0,509.6,True,True
1784660828.528,139.1,59.8,True,False
1784660828.689,139.3,59.9,True,False
1784660828.848,139.4,59.4,True,False
1784660829.008,139.6,59.2,True,False
1784660829.168,139.8,59.4,True,False
1784660829.786,140.4,518.5,True,True
1784660829.946,140.5,59.3,True,False
1784660830.106,140.7,59.4,True,False
1784660830.265,140.9,59.2,True,False
1784660830.425,141.0,59.4,True,False
1784660830.585,141.2,59.6,True,False
1784660831.195,141.8,510.3,True,True
1784660831.356,142.0,59.8,True,False
1784660831.966,142.6,509.6,True,True
1784660832.125,142.7,59.7,True,False
1784660832.735,143.3,509.5,True,True
1784660832.896,143.5,59.8,True,False
1784660833.506,144.1,509.4,True,True
1784660833.667,144.3,60.7,True,False
1784660833.826,144.4,59.3,True,False
1784660833.987,144.6,59.9,True,False
1784660834.597,145.2,509.6,True,True
1784660834.777,145.4,79.9,True,False
1784660835.387,146.0,509.8,True,True
1784660835.547,146.1,59.5,True,False
1784660836.157,146.8,509.3,True,True
1784660836.317,146.9,59.7,True,False
1784660836.927,147.5,510.1,True,True
1784660837.087,147.7,59.3,True,False
1784660837.697,148.3,509.6,True,True
1784660837.857,148.5,59.5,True,False
1784660838.016,148.6,59.4,True,False
1784660838.176,148.8,59.6,True,False
1784660838.336,148.9,59.5,True,False
1784660838.496,149.1,60.2,True,False
1784660838.656,149.3,59.4,True,False
1784660839.265,149.9,509.4,True,True
1784660839.426,150.0,59.8,True,False
1784660840.036,150.6,509.8,True,True
1784660840.196,150.8,60.4,True,False
1784660840.807,151.4,510.0,True,True
1784660840.968,151.6,60.7,True,False
1784660841.579,152.2,510.7,True,True
1784660841.738,152.3,59.5,True,False
1784660842.348,152.9,509.9,True,True
1784660842.508,153.1,59.3,True,False
1784660842.668,153.3,59.8,True,False
1784660842.828,153.4,59.9,True,False
1784660842.987,153.6,58.8,True,False
1784660843.148,153.7,60.3,True,False
1784660843.308,153.9,59.6,True,False
1784660843.414,154.0,5.7,False,True
1784660843.575,154.2,60.0,True,False
1784660843.734,154.3,59.4,True,False
1784660843.894,154.5,59.1,True,False
1784660844.054,154.6,59.9,True,False
1784660844.214,154.8,59.4,True,False
1784660844.373,155.0,59.4,True,False
1784660844.533,155.1,59.3,True,False
1784660844.693,155.3,59.4,True,False
1784660844.853,155.4,59.4,True,False
1784660845.462,156.1,509.2,True,True
1784660845.622,156.2,59.4,True,False
1784660845.782,156.4,59.5,True,False
1784660845.942,156.5,59.7,True,False
1784660846.102,156.7,59.6,True,False
1784660846.208,156.8,5.9,False,True
1784660846.368,157.0,59.6,True,False
1784660846.528,157.1,59.6,True,False
1784660846.687,157.3,59.2,True,False
1784660846.847,157.4,59.6,True,False
1784660847.007,157.6,59.7,True,False
1784660847.167,157.8,59.3,True,False
1784660847.327,157.9,59.7,True,False
1784660847.488,158.1,60.1,True,False
1784660847.594,158.2,5.8,False,True
1784660847.754,158.3,59.6,True,False
1784660847.914,158.5,59.9,True,False
1784660848.020,158.6,5.9,False,True
1784660848.630,159.2,509.8,True,True
1784660848.790,159.4,59.3,True,False
1784660848.896,159.5,5.8,False,True
1784660849.002,159.6,5.6,False,True
1784660849.162,159.8,59.7,True,False
1784660849.772,160.4,509.9,True,True
1784660849.933,160.5,60.2,True,False
1784660850.542,161.1,509.4,True,True
1784660850.702,161.3,59.5,True,False
1784660851.312,161.9,509.7,True,True
1784660851.472,162.1,59.4,True,False
1784660851.632,162.2,59.9,True,False
1784660851.792,162.4,59.4,True,False
1784660852.402,163.0,510.3,True,True
1784660852.562,163.2,58.9,True,False
1784660853.172,163.8,509.3,True,True
1784660853.332,163.9,59.9,True,False
1784660853.957,164.6,524.4,True,True
1784660854.116,164.7,59.6,True,False
1784660854.276,164.9,59.7,True,False
1784660854.383,165.0,6.2,False,True
1784660854.542,165.1,59.3,True,False
1784660854.702,165.3,59.4,True,False
1784660855.312,165.9,509.8,True,True
1784660855.471,166.1,59.3,True,False
1784660856.081,166.7,509.3,True,True
1784660856.240,166.8,59.6,True,False
1784660856.400,167.0,59.1,True,False
1784660856.575,167.2,74.1,True,False
1784660856.735,167.3,59.9,True,False
1784660857.345,167.9,510.3,True,True
1784660857.506,168.1,60.6,True,False
1784660858.117,168.7,510.3,True,True
1784660858.277,168.9,59.7,True,False
1784660858.436,169.0,59.1,True,False
1784660858.597,169.2,60.1,True,False
1784660858.703,169.3,5.9,False,True
1784660858.863,169.5,59.3,True,False
1784660859.022,169.6,59.1,True,False
1784660859.128,169.7,5.9,False,True
1784660859.288,169.9,59.4,True,False
1784660859.898,170.5,509.5,True,True
1784660860.058,170.7,59.2,True,False
1784660860.164,170.8,5.7,False,True
1784660860.338,170.9,73.9,True,False
1784660860.497,171.1,59.4,True,False
1784660860.656,171.3,59.0,True,False
1784660860.816,171.4,59.5,True,False
1784660860.976,171.6,59.2,True,False
1784660861.136,171.7,59.5,True,False
1784660861.243,171.8,6.2,False,True
1784660861.402,172.0,59.3,True,False
1784660861.562,172.2,59.9,True,False
1784660862.172,172.8,509.9,True,True
1784660862.332,172.9,59.7,True,False
1784660862.942,173.5,509.6,True,True
1784660863.102,173.7,59.8,True,False
1784660863.729,174.3,525.6,True,True
1784660863.835,174.4,5.5,False,True
1784660863.941,174.5,5.9,False,True
1784660864.100,174.7,59.2,True,False
1784660864.260,174.9,59.4,True,False
1784660864.869,175.5,509.1,True,True
1784660864.975,175.6,6.1,False,True
1784660865.135,175.7,59.5,True,False
1784660865.745,176.3,509.7,True,True
1784660865.907,176.5,61.3,True,False
1784660866.068,176.7,61.5,True,False
1784660866.175,176.8,6.3,False,True
1784660866.337,176.9,61.6,True,False
1784660866.948,177.5,511.2,True,True
1784660867.109,177.7,60.5,True,False
1784660867.719,178.3,509.7,True,True
1784660867.881,178.5,61.0,True,False
1784660868.491,179.1,510.2,True,True
1784660868.651,179.2,59.4,True,False
1784660869.261,179.9,509.5,True,True
1784660869.420,180.0,59.0,True,False
1784660870.029,180.6,509.2,True,True
1784660870.190,180.8,59.9,True,False
1784660870.799,181.4,509.3,True,True
1784660870.959,181.6,59.8,True,False
1784660871.119,181.7,60.0,True,False
1784660871.279,181.9,59.7,True,False
1784660871.386,182.0,6.0,False,True
1784660871.996,182.6,510.3,True,True
1784660872.156,182.8,59.0,True,False
1784660872.316,182.9,59.4,True,False
1784660872.476,183.1,59.6,True,False
1784660872.582,183.2,5.6,False,True
1784660873.193,183.8,511.3,True,True
1784660873.300,183.9,5.9,False,True
1784660873.406,184.0,6.4,False,True
1784660873.568,184.2,61.6,True,False
1784660874.178,184.8,509.5,True,True
1784660874.338,184.9,59.9,True,False
1784660874.947,185.5,509.2,True,True
1784660875.108,185.7,59.7,True,False
1784660875.718,186.3,510.0,True,True
1784660875.878,186.5,59.7,True,False
1784660876.488,187.1,509.5,True,True
1784660876.647,187.2,59.5,True,False
1784660876.807,187.4,59.9,True,False
1784660876.969,187.6,60.6,True,False
1784660877.578,188.2,509.7,True,True
1784660877.753,188.3,74.0,True,False
1784660877.913,188.5,59.6,True,False
1784660878.073,188.7,59.7,True,False
1784660878.233,188.8,59.6,True,False
1784660878.843,189.4,510.4,True,True
1784660879.003,189.6,59.2,True,False
1784660879.164,189.8,60.4,True,False
1784660879.270,189.9,6.0,False,True
1784660879.880,190.5,509.4,True,True
1784660880.040,190.6,59.8,True,False
1784660880.200,190.8,59.9,True,False
1784660880.360,191.0,59.7,True,False
1784660880.970,191.6,509.9,True,True
1784660881.129,191.7,59.7,True,False
1784660881.235,191.8,5.5,False,True
1784660881.395,192.0,59.5,True,False
1784660881.555,192.1,59.5,True,False
1784660881.715,192.3,59.9,True,False
1784660881.874,192.5,59.5,True,False
1784660882.035,192.6,60.2,True,False
1784660882.194,192.8,59.1,True,False
1784660882.301,192.9,6.2,False,True
1784660882.911,193.5,509.9,True,True
1784660883.071,193.7,59.5,True,False
1784660883.232,193.8,60.9,True,False
1784660883.841,194.4,509.6,True,True
1784660884.001,194.6,59.5,True,False
1784660884.611,195.2,509.6,True,True
1784660884.771,195.4,59.4,True,False
1784660884.930,195.5,59.3,True,False
1784660885.090,195.7,59.4,True,False
1784660885.250,195.8,59.2,True,False
1784660885.409,196.0,59.1,True,False
1784660885.569,196.2,59.5,True,False
1784660885.729,196.3,59.7,True,False
1784660885.889,196.5,59.0,True,False
1784660886.499,197.1,509.9,True,True
1784660886.659,197.3,60.1,True,False
1784660887.269,197.9,509.4,True,True
1784660887.375,198.0,5.7,False,True
1784660887.535,198.1,59.2,True,False
1784660887.641,198.2,5.6,False,True
1784660887.747,198.3,5.6,False,True
1784660887.853,198.4,5.5,False,True
1784660887.959,198.6,5.7,False,True
1784660888.118,198.7,59.1,True,False
1784660888.278,198.9,59.3,True,False
1784660888.888,199.5,509.5,True,True
1784660889.048,199.6,59.4,True,False
1784660889.207,199.8,59.6,True,False
1784660889.313,199.9,6.0,False,True
1784660889.474,200.1,60.2,True,False
1784660889.634,200.2,59.4,True,False
1784660890.244,200.8,510.2,True,True
1784660890.404,201.0,59.6,True,False
1784660890.564,201.2,59.7,True,False
1784660891.174,201.8,509.7,True,True
1784660891.334,201.9,60.1,True,False
1784660891.944,202.5,509.0,True,True
1784660892.104,202.7,59.5,True,False
1784660892.266,202.9,62.5,True,False
1784660892.876,203.5,509.3,True,True
1784660893.037,203.6,60.4,True,False
1784660893.647,204.2,509.5,True,True
1784660893.807,204.4,60.3,True,False
1784660893.967,204.6,59.3,True,False
1784660894.127,204.7,59.8,True,False
1784660894.233,204.8,5.6,False,True
1784660894.842,205.4,509.3,True,True
1784660895.003,205.6,60.2,True,False
1784660895.162,205.8,59.5,True,False
1784660895.322,205.9,59.3,True,False
1784660895.932,206.5,509.7,True,True
1784660896.038,206.6,5.7,False,True
1784660896.198,206.8,59.8,True,False
1784660896.808,207.4,509.9,True,True
1784660896.968,207.6,59.7,True,False
1784660897.578,208.2,509.7,True,True
1784660897.738,208.3,59.9,True,False
1784660898.348,208.9,509.9,True,True
1784660898.509,209.1,59.7,True,False
1784660898.669,209.3,59.6,True,False
1784660898.828,209.4,59.1,True,False
1784660898.988,209.6,59.7,True,False
1784660899.598,210.2,509.5,True,True
1784660899.759,210.4,60.1,True,False
1784660900.368,211.0,509.6,True,True
1784660900.529,211.1,59.8,True,False
1784660901.139,211.7,510.5,True,True
1784660901.299,211.9,59.5,True,False
1784660901.909,212.5,509.4,True,True
1784660902.069,212.7,59.9,True,False
1784660902.679,213.3,509.2,True,True
1784660902.839,213.4,59.4,True,False
1784660903.448,214.0,509.6,True,True
1784660903.609,214.2,60.6,True,False
1784660904.219,214.8,509.0,True,True
1784660904.379,215.0,59.7,True,False
1784660904.988,215.6,509.3,True,True
1784660905.148,215.7,59.9,True,False
1784660905.309,215.9,60.3,True,False
1784660905.469,216.1,59.7,True,False
1784660906.079,216.7,509.2,True,True
1784660906.238,216.8,59.5,True,False
1784660906.344,216.9,5.6,False,True
1784660906.504,217.1,59.6,True,False
1784660907.113,217.7,509.6,True,True
1784660907.274,217.9,60.1,True,False
1784660907.883,218.5,509.3,True,True
1784660908.043,218.6,59.4,True,False
1784660908.203,218.8,59.4,True,False
1784660908.363,219.0,59.8,True,False
1784660908.973,219.6,509.2,True,True
1784660909.132,219.7,59.3,True,False
1784660909.742,220.3,509.2,True,True
1784660909.901,220.5,59.3,True,False
1784660910.511,221.1,510.1,True,True
1784660910.672,221.3,60.1,True,False
1784660911.282,221.9,509.8,True,True
1784660911.458,222.1,76.2,True,False
1784660912.068,222.7,509.8,True,True
1784660912.250,222.8,81.9,True,False
1784660912.859,223.5,508.8,True,True
1784660913.020,223.6,60.3,True,False
1784660913.179,223.8,59.7,True,False
1784660913.790,224.4,510.3,True,True
1784660913.950,224.5,59.6,True,False
1784660914.110,224.7,59.4,True,False
1784660914.269,224.9,59.5,True,False
1784660914.879,225.5,509.7,True,True
1784660915.039,225.6,59.7,True,False
1784660915.650,226.2,510.2,True,True
1784660915.756,226.4,6.0,False,True
1784660915.931,226.5,74.1,True,False
1784660916.037,226.6,5.8,False,True
1784660916.197,226.8,59.6,True,False
1784660916.356,227.0,59.0,True,False
1784660916.463,227.1,5.9,False,True
1784660917.074,227.7,510.5,True,True
1784660917.233,227.8,59.5,True,False
1784660917.844,228.4,510.0,True,True
1784660918.005,228.6,61.0,True,False
1784660918.616,229.2,510.6,True,True
1784660918.776,229.4,59.9,True,False
1784660919.386,230.0,509.5,True,True
1784660919.546,230.1,59.2,True,False
1784660919.651,230.2,5.6,False,True
1784660919.757,230.4,5.6,False,True
1784660919.917,230.5,59.7,True,False
1784660920.077,230.7,59.5,True,False
1784660920.237,230.8,59.8,True,False
1784660920.397,231.0,59.3,True,False
1784660920.557,231.2,59.5,True,False
1784660920.717,231.3,59.8,True,False
1784660920.877,231.5,59.3,True,False
1784660921.036,231.6,59.3,True,False
1784660921.195,231.8,59.1,True,False
1784660921.805,232.4,509.7,True,True
1784660921.911,232.5,5.7,False,True
1784660922.071,232.7,59.4,True,False
1784660922.231,232.8,59.6,True,False
1784660922.391,233.0,59.5,True,False
1784660923.015,233.6,523.7,True,True
1784660923.174,233.8,59.0,True,False
1784660923.784,234.4,509.8,True,True
1784660923.944,234.5,59.8,True,False
1784660924.554,235.1,509.6,True,True
1784660924.714,235.3,59.2,True,False
1784660925.324,235.9,509.4,True,True
1784660925.484,236.1,59.4,True,False
1784660926.093,236.7,509.3,True,True
1784660926.253,236.8,59.3,True,False
1784660926.413,237.0,59.9,True,False
1784660926.519,237.1,5.8,False,True
1784660926.625,237.2,5.9,False,True
1784660926.785,237.4,59.3,True,False
1784660927.395,238.0,509.6,True,True
1784660927.554,238.1,59.3,True,False
1784660928.164,238.8,509.3,True,True
1784660928.323,238.9,59.1,True,False
1784660928.933,239.5,509.4,True,True
1784660929.039,239.6,5.4,False,True
1784660929.199,239.8,59.4,True,False
1784660929.358,240.0,59.6,True,False
1784660929.518,240.1,59.4,True,False
1784660929.677,240.3,58.8,True,False
1784660929.837,240.4,59.3,True,False
1784660929.996,240.6,59.2,True,False
1784660930.606,241.2,509.1,True,True
1784660930.765,241.4,59.6,True,False
1784660931.375,242.0,509.5,True,True
1784660931.481,242.1,5.7,False,True
1784660932.416,243.0,834.2,True,True
1784660933.026,243.6,509.8,True,True
1784660933.187,243.8,60.3,True,False
1784660934.097,244.7,809.5,True,True
1784660934.256,244.9,59.2,True,False
1784660934.362,245.0,5.9,False,True
1784660935.272,245.9,809.8,True,True
1784660935.882,246.5,509.7,True,True
1784660936.792,247.4,809.4,True,True
1784660937.703,248.3,810.4,True,True
1784660938.614,249.2,811.1,True,True
1784660939.525,250.1,810.2,True,True
1784660940.435,251.0,809.5,True,True
1784660940.595,251.2,59.9,True,False
1784660941.205,251.8,509.4,True,True
1784660942.114,252.7,809.3,True,True
1784660942.274,252.9,59.3,True,False
1784660943.184,253.8,809.8,True,True
1784660943.290,253.9,5.6,False,True
1784660943.900,254.5,510.0,True,True
1784660944.060,254.7,59.7,True,False
1784660944.969,255.6,809.5,True,True
1784660945.879,256.5,809.8,True,True
1784660945.985,256.6,5.7,False,True
1784660946.145,256.7,59.5,True,False
1784660947.055,257.6,808.9,True,True
1784660947.161,257.8,5.6,False,True
1784660947.321,257.9,59.4,True,False
1784660948.230,258.8,808.9,True,True
1784660948.389,259.0,59.2,True,False
1784660948.999,259.6,509.6,True,True
1784660949.158,259.8,59.3,True,False
1784660950.068,260.7,809.5,True,True
1784660950.228,260.8,59.9,True,False
1784660951.138,261.7,809.5,True,True
1784660952.048,262.6,809.7,True,True
1784660952.208,262.8,59.3,True,False
1784660953.118,263.7,809.6,True,True
1784660953.224,263.8,5.9,False,True
1784660953.384,264.0,59.4,True,False
1784660954.294,264.9,809.2,True,True
1784660954.453,265.0,59.6,True,False
1784660955.365,266.0,810.6,True,True
1784660955.525,266.1,59.9,True,False
1784660955.631,266.2,6.1,False,True
1784660956.541,267.1,809.5,True,True
1784660957.151,267.7,509.7,True,True
1784660958.061,268.7,809.9,True,True
1784660958.671,269.3,509.6,True,True
1784660959.580,270.2,809.2,True,True
1784660960.490,271.1,809.3,True,True
1784660960.650,271.2,59.4,True,False
1784660961.260,271.9,509.6,True,True
1784660961.420,272.0,59.3,True,False
1784660961.580,272.2,60.1,True,False
1784660961.686,272.3,6.1,False,True
1784660961.792,272.4,5.6,False,True
1784660961.952,272.5,59.9,True,False
1784660962.112,272.7,60.0,True,False
1784660962.272,272.9,59.7,True,False
1784660962.432,273.0,60.0,True,False
1784660962.593,273.2,60.0,True,False
1784660962.699,273.3,5.6,False,True
1784660962.858,273.5,59.1,True,False
1784660963.018,273.6,59.7,True,False
1784660963.177,273.8,59.2,True,False
1784660963.337,273.9,59.6,True,False
1784660963.497,274.1,59.7,True,False
1784660963.658,274.3,59.9,True,False
1784660963.817,274.4,59.2,True,False
1784660963.977,274.6,59.7,True,False
1784660964.137,274.7,59.8,True,False
1784660964.297,274.9,59.9,True,False
1784660964.456,275.1,58.9,True,False
1784660964.562,275.2,5.3,False,True
1784660964.722,275.3,59.7,True,False
1784660964.881,275.5,59.2,True,False
1784660965.042,275.6,59.9,True,False
1784660965.201,275.8,59.5,True,False
1784660965.362,276.0,60.0,True,False
1784660965.468,276.1,5.7,False,True
1784660965.627,276.2,59.3,True,False
1784660965.787,276.4,59.2,True,False
1784660965.947,276.5,59.9,True,False
1784660966.107,276.7,59.5,True,False
1784660966.213,276.8,5.5,False,True
1784660966.373,277.0,59.7,True,False
1784660966.533,277.1,59.5,True,False
1784660966.693,277.3,59.9,True,False
1784660966.853,277.4,59.6,True,False
1784660967.013,277.6,59.4,True,False
1784660967.172,277.8,58.9,True,False
1784660967.331,277.9,59.2,True,False
1784660967.491,278.1,59.3,True,False
1784660967.653,278.2,59.9,True,False
1784660967.812,278.4,59.2,True,False
1784660967.972,278.6,59.3,True,False
1784660968.131,278.7,59.2,True,False
1784660968.291,278.9,59.5,True,False
1784660968.451,279.0,59.5,True,False
1784660968.610,279.2,58.8,True,False
1784660968.771,279.4,59.6,True,False
1784660968.931,279.5,59.9,True,False
1784660969.091,279.7,59.7,True,False
1784660969.251,279.8,60.1,True,False
1784660969.411,280.0,59.3,True,False
1784660969.570,280.2,59.3,True,False
1784660969.730,280.3,59.4,True,False
1784660969.889,280.5,59.0,True,False
1784660970.063,280.7,73.5,True,False
1784660970.223,280.8,59.1,True,False
1784660970.383,281.0,60.0,True,False
1784660970.543,281.1,59.3,True,False
1784660970.703,281.3,59.7,True,False
1784660970.863,281.5,59.7,True,False
1784660971.023,281.6,59.9,True,False
1784660971.184,281.8,60.0,True,False
1784660971.344,281.9,60.0,True,False
1784660971.504,282.1,59.6,True,False
1784660971.664,282.3,59.6,True,False
1784660971.824,282.4,59.6,True,False
1784660971.930,282.5,5.6,False,True
1784660972.036,282.6,5.4,False,True
1784660972.195,282.8,59.5,True,False
1784660972.301,282.9,5.7,False,True
1784660972.461,283.1,59.7,True,False
1784660972.567,283.2,5.8,False,True
1784660972.727,283.3,59.0,True,False
1784660972.886,283.5,59.4,True,False
1784660973.047,283.6,59.9,True,False
1784660973.206,283.8,59.8,True,False
1784660973.312,283.9,5.6,False,True
1784660973.472,284.1,59.2,True,False
1784660973.632,284.2,59.6,True,False
1784660973.792,284.4,60.0,True,False
1784660973.952,284.5,59.4,True,False
1784660974.113,284.7,60.4,True,False
1784660974.274,284.9,60.5,True,False
1784660974.394,285.0,20.4,False,True
1784660974.554,285.1,59.4,True,False
1784660974.660,285.3,5.6,False,True
1784660974.820,285.4,59.8,True,False
1784660974.980,285.6,59.4,True,False
1784660975.140,285.7,59.5,True,False
1784660975.299,285.9,59.2,True,False
1784660975.460,286.1,60.0,True,False
1784660975.619,286.2,59.4,True,False
1784660975.779,286.4,59.5,True,False
1784660975.939,286.5,59.1,True,False
1784660976.047,286.6,8.0,False,True
1784660976.207,286.8,59.6,True,False
1784660976.367,287.0,59.4,True,False
1784660976.526,287.1,59.6,True,False
1784660976.686,287.3,59.7,True,False
1784660976.846,287.4,59.7,True,False
1784660977.006,287.6,59.6,True,False
1784660977.167,287.8,59.9,True,False
1784660977.326,287.9,59.2,True,False
1784660977.486,288.1,59.9,True,False
1784660977.646,288.2,59.2,True,False
1784660977.806,288.4,59.3,True,False
1784660977.965,288.6,59.4,True,False
1784660978.125,288.7,59.9,True,False
1784660978.286,288.9,59.7,True,False
1784660978.445,289.0,58.9,True,False
1784660978.604,289.2,59.4,True,False
1784660978.764,289.4,59.1,True,False
1784660978.923,289.5,59.5,True,False
1784660979.083,289.7,59.6,True,False
1784660979.243,289.8,60.0,True,False
1784660979.403,290.0,59.8,True,False
1784660979.509,290.1,5.5,False,True
1784660979.670,290.3,60.7,True,False
1784660979.829,290.4,59.2,True,False
1784660979.989,290.6,59.5,True,False
1784660980.149,290.7,59.7,True,False
1784660980.255,290.9,5.7,False,True
1784660980.361,291.0,5.5,False,True
1784660980.520,291.1,59.2,True,False
1784660980.680,291.3,59.7,True,False
1784660980.840,291.4,59.4,True,False
1784660981.000,291.6,59.3,True,False
1784660981.159,291.8,59.2,True,False
1784660981.319,291.9,59.0,True,False
1784660981.479,292.1,59.8,True,False
1784660981.585,292.2,6.1,False,True
1784660981.745,292.3,59.9,True,False
1784660981.905,292.5,59.1,True,False
1784660982.065,292.7,59.9,True,False
1784660982.224,292.8,58.9,True,False
1784660982.383,293.0,59.0,True,False
1784660982.543,293.1,59.2,True,False
1784660982.702,293.3,59.4,True,False
1784660982.809,293.4,6.3,False,True
1784660982.915,293.5,5.9,False,True
1784660983.075,293.7,59.5,True,False
1784660983.236,293.8,59.9,True,False
1784660983.396,294.0,59.9,True,False
1784660983.555,294.2,59.3,True,False
1784660983.661,294.3,5.9,False,True
1784660983.821,294.4,59.4,True,False
1784660983.981,294.6,59.4,True,False
1784660984.140,294.7,59.1,True,False
1784660984.300,294.9,59.8,True,False
1784660984.460,295.1,59.4,True,False
1784660984.566,295.2,5.3,False,True
1784660984.672,295.3,6.2,False,True
1784660984.778,295.4,6.2,False,True
1784660984.884,295.5,5.7,False,True
1784660985.044,295.6,59.2,True,False
1784660985.204,295.8,60.2,True,False
1784660985.364,296.0,59.8,True,False
1784660985.524,296.1,59.5,True,False
1784660985.685,296.3,59.8,True,False
1784660985.845,296.4,59.4,True,False
1784660986.007,296.6,62.3,True,False
1784660986.168,296.8,59.8,True,False
1784660986.332,296.9,64.0,True,False
1784660986.503,297.1,70.5,True,False
1784660986.662,297.3,59.4,True,False
1784660986.822,297.4,59.4,True,False
1784660986.982,297.6,59.8,True,False
1784660987.154,297.7,71.6,True,False
1784660987.314,297.9,59.7,True,False
1784660987.474,298.1,59.6,True,False
1784660987.581,298.2,6.9,False,True
1784660987.742,298.3,60.7,True,False
1784660987.904,298.5,61.5,True,False
1784660988.081,298.7,77.2,True,False
1784660988.242,298.8,60.5,True,False
1784660988.405,299.0,62.3,True,False
1784660988.565,299.2,59.6,True,False
1784660988.725,299.3,60.0,True,False
1784660988.831,299.4,5.7,False,True
1784660988.937,299.5,5.5,False,True
1784660989.043,299.6,5.8,False,True
1784660989.203,299.8,60.1,True,False
1784660989.310,299.9,6.5,False,True
1784660989.471,300.1,60.2,True,False
1784660989.630,300.2,59.5,True,False
1784660989.791,300.4,59.9,True,False
1784660989.951,300.5,59.9,True,False
1784660990.112,300.7,61.0,True,False
1784660990.272,300.9,59.8,True,False
1784660990.433,301.0,60.1,True,False
1784660990.593,301.2,60.1,True,False
1784660990.699,301.3,5.7,False,True
1784660990.859,301.5,60.0,True,False
1784660991.020,301.6,60.2,True,False
1784660991.126,301.7,6.1,False,True
1784660991.286,301.9,59.7,True,False
1784660991.446,302.0,59.5,True,False
1784660991.607,302.2,60.5,True,False
1784660991.766,302.4,59.5,True,False
1784660991.927,302.5,59.8,True,False
1784660992.086,302.7,59.5,True,False
1784660992.192,302.8,5.6,False,True
1784660992.351,302.9,59.2,True,False
1784660992.511,303.1,59.3,True,False
1784660992.670,303.3,59.2,True,False
1784660992.830,303.4,59.2,True,False
1784660992.990,303.6,59.6,True,False
1784660993.150,303.7,59.8,True,False
1784660993.256,303.9,5.9,False,True
1784660993.416,304.0,60.2,True,False
1784660993.576,304.2,60.0,True,False
1784660993.737,304.3,59.7,True,False
1784660993.898,304.5,61.0,True,False
1784660994.059,304.7,60.8,True,False
1784660994.221,304.8,61.7,True,False
1784660994.382,305.0,60.8,True,False
1784660994.543,305.1,61.0,True,False
1784660994.703,305.3,59.3,True,False
1784660994.863,305.5,59.8,True,False
1784660995.024,305.6,60.1,True,False
1784660995.183,305.8,59.5,True,False
1784660995.344,305.9,60.3,True,False
1784660995.504,306.1,59.8,True,False
1784660995.664,306.3,59.7,True,False
1784660995.770,306.4,5.7,False,True
1784660995.930,306.5,59.7,True,False
1784660996.090,306.7,59.6,True,False
1784660996.249,306.8,59.2,True,False
1784660996.409,307.0,59.8,True,False
1784660996.569,307.2,59.8,True,False
1784660996.730,307.3,59.7,True,False
1784660996.889,307.5,59.4,True,False
1784660997.050,307.6,60.1,True,False
1784660997.209,307.8,59.6,True,False
1784660997.369,308.0,58.9,True,False
1784660997.529,308.1,59.9,True,False
1784660997.689,308.3,59.7,True,False
1784660997.849,308.4,59.3,True,False
1784660998.009,308.6,59.8,True,False
1784660998.169,308.8,59.6,True,False
1784660998.328,308.9,58.9,True,False
1784660998.489,309.1,60.5,True,False
1784660998.648,309.2,59.6,True,False
1784660998.808,309.4,59.5,True,False
1784660998.968,309.6,59.7,True,False
1784660999.128,309.7,59.8,True,False
1784660999.297,309.9,69.0,True,False
1784660999.457,310.1,59.6,True,False
1784660999.617,310.2,59.3,True,False
1784660999.776,310.4,59.0,True,False
1784660999.937,310.5,60.2,True,False
1784661000.096,310.7,59.4,True,False
1784661000.256,310.9,59.7,True,False
1784661000.416,311.0,59.3,True,False
1784661000.576,311.2,59.6,True,False
1784661000.736,311.3,59.4,True,False
1784661000.895,311.5,59.4,True,False
1784661001.067,311.7,71.1,True,False
1784661001.226,311.8,59.5,True,False
1784661001.333,311.9,6.0,False,True
1784661001.492,312.1,59.1,True,False
1784661001.652,312.2,59.6,True,False
1784661001.812,312.4,58.8,True,False
1784661001.971,312.6,59.6,True,False
1784661002.131,312.7,59.2,True,False
1784661002.291,312.9,59.3,True,False
1784661002.452,313.0,61.2,True,False
1784661002.613,313.2,60.5,True,False
1784661002.794,313.4,80.3,True,False
1784661002.955,313.5,60.5,True,False
1784661003.132,313.7,76.5,True,False
1784661003.291,313.9,58.9,True,False
1784661003.451,314.0,60.0,True,False
1784661003.611,314.2,59.1,True,False
1784661003.770,314.4,59.4,True,False
1784661003.929,314.5,59.2,True,False
1784661004.089,314.7,59.3,True,False
1784661004.249,314.8,59.3,True,False
1784661004.408,315.0,59.4,True,False
1784661004.568,315.2,59.8,True,False
1784661004.728,315.3,59.3,True,False
1784661004.888,315.5,60.1,True,False
1784661004.996,315.6,7.4,False,True
1784661005.177,315.8,81.0,True,False
1784661005.337,315.9,59.7,True,False
1784661005.496,316.1,59.5,True,False
1784661005.656,316.3,59.2,True,False
1784661005.815,316.4,59.4,True,False
1784661005.975,316.6,59.4,True,False
1784661006.082,316.7,6.3,False,True
1784661006.241,316.8,59.5,True,False
1784661006.401,317.0,59.5,True,False
1784661006.507,317.1,5.7,False,True
1784661006.614,317.2,5.9,False,True
1784661006.773,317.4,59.5,True,False
1784661006.933,317.5,59.9,True,False
1784661007.094,317.7,60.7,True,False
1784661007.254,317.8,59.4,True,False
1784661007.414,318.0,59.6,True,False
1784661007.574,318.2,60.1,True,False
1784661007.734,318.3,59.7,True,False
1784661007.841,318.4,6.0,False,True
1784661008.001,318.6,59.7,True,False
1784661008.164,318.8,61.3,True,False
1784661008.323,318.9,59.4,True,False
1784661008.483,319.1,59.6,True,False
1784661008.644,319.2,59.7,True,False
1784661008.749,319.3,5.5,False,True
1784661008.909,319.5,59.4,True,False
1784661009.068,319.7,59.5,True,False
1784661009.229,319.8,60.0,True,False
1784661009.389,320.0,59.7,True,False
1784661009.548,320.1,59.2,True,False
1784661009.708,320.3,59.2,True,False
1784661009.869,320.5,60.8,True,False
1784661010.029,320.6,59.8,True,False
1784661010.188,320.8,59.3,True,False
1784661010.348,320.9,59.1,True,False
1784661010.508,321.1,59.8,True,False
1784661010.668,321.3,60.3,True,False
1784661010.828,321.4,59.4,True,False
1784661010.988,321.6,59.4,True,False
1784661011.147,321.7,59.5,True,False
1784661011.308,321.9,60.1,True,False
1784661011.469,322.1,61.0,True,False
1784661011.636,322.2,66.5,True,False
1784661011.798,322.4,61.8,True,False
1784661011.960,322.6,60.9,True,False
1784661012.066,322.7,5.9,False,True
1784661012.227,322.8,60.7,True,False
1784661012.388,323.0,60.8,True,False
1784661012.548,323.1,59.8,True,False
1784661012.654,323.2,5.8,False,True
1784661012.814,323.4,60.1,True,False
1784661012.975,323.6,60.1,True,False
1784661013.081,323.7,6.3,False,True
1784661013.241,323.8,60.2,True,False
1784661013.348,323.9,5.9,False,True
1784661013.508,324.1,60.4,True,False
1784661013.669,324.3,60.3,True,False
1784661013.830,324.4,60.2,True,False
1784661013.990,324.6,60.1,True,False
1784661014.150,324.7,59.6,True,False
1784661014.311,324.9,60.0,True,False
1784661014.471,325.1,59.9,True,False
1784661014.634,325.2,63.3,True,False
1784661014.794,325.4,59.4,True,False
1784661014.954,325.5,60.0,True,False
1784661015.115,325.7,60.4,True,False
1784661015.290,325.9,74.5,True,False
1784661015.450,326.0,60.5,True,False
1784661015.610,326.2,60.1,True,False
1784661015.771,326.4,59.8,True,False
1784661015.931,326.5,59.7,True,False
1784661016.090,326.7,59.3,True,False
1784661016.197,326.8,6.1,False,True
1784661016.357,327.0,59.3,True,False
1784661016.516,327.1,59.5,True,False
1784661016.676,327.3,59.6,True,False
1784661016.836,327.4,60.3,True,False
1784661016.997,327.6,60.4,True,False
1784661017.103,327.7,6.1,False,True
1784661017.278,327.9,75.1,True,False
1784661017.443,328.0,64.0,True,False
1784661017.550,328.1,6.8,False,True
1784661017.712,328.3,61.7,True,False
1784661017.873,328.5,60.1,True,False
1784661018.033,328.6,60.0,True,False
1784661018.193,328.8,59.7,True,False
1784661018.353,328.9,59.7,True,False
1784661018.513,329.1,59.9,True,False
1784661018.674,329.3,60.6,True,False
1784661018.838,329.4,63.9,True,False
1784661018.998,329.6,59.9,True,False
1784661019.159,329.8,60.4,True,False
1784661019.320,329.9,61.0,True,False
1784661019.481,330.1,60.2,True,False
1784661019.642,330.2,60.6,True,False
1784661019.802,330.4,59.6,True,False
1784661019.973,330.6,71.3,True,False
1784661020.134,330.7,59.8,True,False
1784661020.293,330.9,59.4,True,False
1784661020.453,331.0,59.6,True,False
1784661020.613,331.2,59.8,True,False
1784661020.792,331.4,78.0,True,False
1784661020.951,331.5,59.4,True,False
1784661021.111,331.7,59.2,True,False
1784661021.271,331.9,60.2,True,False
1784661021.431,332.0,59.3,True,False
1784661021.592,332.2,60.4,True,False
1784661023.021,333.6,1328.7,True,True
1784661024.490,335.1,1368.3,True,True
1784661024.596,335.2,6.0,False,True
1784661025.990,336.6,1293.6,True,True
1784661027.398,338.0,1307.3,True,True
1784661028.824,339.4,1325.9,True,True
1784661030.154,340.7,1229.7,True,True
1784661031.578,342.2,1324.3,True,True
1784661032.904,343.5,1225.0,True,True
1784661034.412,345.0,1407.5,True,True
1784661035.900,346.5,1388.0,True,True
1784661037.339,347.9,1338.9,True,True
1784661038.835,349.4,1395.4,True,True
1784661038.942,349.5,6.2,False,True
1784661040.479,351.1,1437.3,True,True
1784661042.011,352.6,1430.9,True,True
1784661043.481,354.1,1370.1,True,True
1784661044.935,355.5,1353.9,True,True
1784661046.433,357.0,1397.5,True,True
1784661047.836,358.4,1302.6,True,True
1784661049.228,359.8,1291.3,True,True
1784661050.692,361.3,1363.6,True,True
1784661052.062,362.7,1269.6,True,True
1784661053.457,364.1,1295.2,True,True
1784661054.899,365.5,1341.5,True,True
1784661055.006,365.6,6.0,False,True
1784661056.452,367.0,1345.0,True,True
1784661057.739,368.3,1187.7,True,True
1784661059.197,369.8,1357.0,True,True
1784661060.529,371.1,1231.5,True,True
1784661060.635,371.2,6.3,False,True
1784661062.038,372.6,1302.9,True,True
1784661063.516,374.1,1377.9,True,True
1784661065.034,375.6,1417.2,True,True
1784661066.441,377.0,1307.2,True,True
1784661067.841,378.4,1299.6,True,True
1784661067.947,378.5,5.9,False,True
1784661069.327,379.9,1279.5,True,True
1784661070.642,381.2,1215.1,True,True
1784661072.136,382.7,1393.7,True,True
1784661072.253,382.8,16.8,False,True
1784661073.743,384.3,1389.6,True,True
1784661075.052,385.6,1208.6,True,True
1784661076.334,386.9,1182.0,True,True
1784661077.738,388.3,1304.2,True,True
1784661079.234,389.8,1394.8,True,True
1784661080.681,391.3,1347.3,True,True
1784661080.787,391.4,5.5,False,True
1784661082.237,392.8,1349.2,True,True
1784661083.728,394.3,1391.3,True,True
1784661085.059,395.7,1231.0,True,True
1784661086.393,397.0,1233.3,True,True
1784661087.664,398.3,1171.1,True,True
1784661088.919,399.5,1154.9,True,True
1784661090.326,400.9,1306.4,True,True
1784661091.803,402.4,1377.0,True,True
1784661093.238,403.8,1334.6,True,True
1784661093.344,403.9,6.2,False,True
1784661093.450,404.0,5.6,False,True
1784661094.905,405.5,1354.1,True,True
1784661096.305,406.9,1299.8,True,True
1784661097.665,408.3,1260.0,True,True
1784661099.041,409.6,1275.3,True,True
1784661100.549,411.1,1408.0,True,True
1784661101.898,412.5,1248.9,True,True
1784661103.219,413.8,1220.6,True,True
1784661104.712,415.3,1392.8,True,True
1784661106.255,416.9,1442.4,True,True
1784661107.602,418.2,1246.6,True,True
1784661108.880,419.5,1178.1,True,True
1784661110.284,420.9,1303.7,True,True
1784661111.730,422.3,1344.8,True,True
1784661113.116,423.7,1285.8,True,True
1784661114.405,425.0,1189.1,True,True
1784661115.736,426.3,1230.1,True,True
1784661117.182,427.8,1346.5,True,True
1784661118.595,429.2,1312.6,True,True
1784661120.101,430.7,1405.3,True,True
1784661121.536,432.1,1334.7,True,True
1784661122.923,433.5,1287.3,True,True
1784661124.382,435.0,1358.0,True,True
1784661125.770,436.4,1288.3,True,True
1784661127.059,437.7,1188.1,True,True
1784661128.414,439.0,1254.6,True,True
1784661129.894,440.5,1380.3,True,True
1784661131.359,442.0,1364.2,True,True
1784661131.465,442.1,6.1,False,True
1784661132.994,443.6,1428.3,True,True
1784661134.442,445.0,1347.7,True,True
1784661135.859,446.5,1317.2,True,True
1784661137.309,447.9,1349.4,True,True
1784661138.820,449.4,1411.1,True,True
1784661140.332,450.9,1411.7,True,True
1784661140.438,451.0,5.6,False,True
1784661141.912,452.5,1373.4,True,True
1784661143.395,454.0,1383.1,True,True
1784661144.907,455.5,1411.8,True,True
1784661146.274,456.9,1267.0,True,True
1784661147.634,458.2,1259.8,True,True
1784661149.171,459.8,1436.6,True,True
1784661150.642,461.2,1370.3,True,True
1784661152.065,462.7,1323.2,True,True
1784661153.487,464.1,1320.8,True,True
1784661154.813,465.4,1226.0,True,True
1784661154.919,465.5,5.8,False,True
1784661155.025,465.6,5.9,False,True
1784661156.342,466.9,1216.8,True,True
1784661157.892,468.5,1449.5,True,True
1784661159.377,470.0,1384.6,True,True
1784661160.813,471.4,1336.5,True,True
1784661162.205,472.8,1291.7,True,True
1784661163.652,474.2,1345.8,True,True
1784661165.060,475.7,1308.0,True,True
1784661166.506,477.1,1345.9,True,True
1784661167.983,478.6,1377.2,True,True
1784661169.445,480.0,1361.5,True,True
1784661170.860,481.5,1314.7,True,True
1784661172.174,482.8,1213.0,True,True
1784661173.616,484.2,1342.0,True,True
1784661175.050,485.6,1333.5,True,True
1784661176.428,487.0,1277.4,True,True
1784661177.937,488.5,1408.1,True,True
1784661179.378,490.0,1341.0,True,True
1784661180.858,491.5,1379.5,True,True
1784661182.317,492.9,1358.8,True,True
1784661183.795,494.4,1377.8,True,True
1784661185.312,495.9,1417.2,True,True
1784661185.419,496.0,6.2,False,True
1784661186.867,497.5,1347.7,True,True
1784661188.302,498.9,1335.2,True,True
1784661189.757,500.4,1354.9,True,True
1784661191.200,501.8,1342.2,True,True
1784661196.308,506.9,5007.4,False,True
1784661196.468,507.1,59.9,True,False
1784661196.628,507.2,60.1,True,False
1784661196.789,507.4,60.3,True,False
1784661196.950,507.5,60.8,True,False
1784661197.110,507.7,59.7,True,False
1784661197.270,507.9,59.9,True,False
1784661197.430,508.0,59.2,True,False
1784661197.536,508.1,5.6,False,True
1784661197.697,508.3,60.5,True,False
1784661197.868,508.5,70.7,True,False
1784661198.028,508.6,59.9,True,False
1784661198.189,508.8,60.0,True,False
1784661198.348,508.9,59.3,True,False
1784661198.508,509.1,59.6,True,False
1784661198.668,509.3,59.8,True,False
1784661198.827,509.4,59.2,True,False
1784661198.987,509.6,59.5,True,False
1784661199.147,509.7,59.3,True,False
1784661199.306,509.9,59.1,True,False
1784661199.412,510.0,5.7,False,True
1784661199.572,510.2,59.2,True,False
1784661199.732,510.3,59.8,True,False
1784661199.892,510.5,59.7,True,False
1784661200.053,510.6,60.7,True,False
1784661200.160,510.8,6.9,False,True
1784661200.320,510.9,59.6,True,False
1784661200.480,511.1,59.7,True,False
1784661200.640,511.2,59.8,True,False
1784661200.800,511.4,60.0,True,False
1784661200.906,511.5,6.0,False,True
1784661201.066,511.7,59.5,True,False
1784661201.225,511.8,59.4,True,False
1784661201.386,512.0,59.9,True,False
1784661201.547,512.1,61.3,True,False
1784661201.708,512.3,60.1,True,False
1784661201.868,512.5,60.1,True,False
1784661202.029,512.6,60.6,True,False
1784661202.189,512.8,59.5,True,False
1784661202.349,512.9,59.8,True,False
1784661202.523,513.1,73.8,True,False
1784661202.684,513.3,59.8,True,False
1784661202.844,513.4,59.8,True,False
1784661203.004,513.6,60.0,True,False
1784661203.164,513.8,59.7,True,False
1784661203.324,513.9,59.9,True,False
1784661203.484,514.1,60.1,True,False
1784661203.645,514.2,60.8,True,False
1784661203.808,514.4,62.0,True,False
1784661203.968,514.6,59.9,True,False
1784661204.130,514.7,61.7,True,False
1784661204.291,514.9,60.7,True,False
1784661204.452,515.0,59.7,True,False
1784661204.612,515.2,60.4,True,False
1784661204.772,515.4,59.5,True,False
1784661204.932,515.5,59.6,True,False
1784661205.092,515.7,59.8,True,False
1784661205.252,515.8,60.2,True,False
1784661205.412,516.0,59.4,True,False
1784661205.518,516.1,5.8,False,True
1784661205.679,516.3,60.3,True,False
1784661205.838,516.4,59.5,True,False
1784661205.945,516.5,5.7,False,True
1784661206.104,516.7,59.7,True,False
1784661206.225,516.8,20.7,False,True
1784661206.333,516.9,6.4,False,True
1784661206.495,517.1,62.2,True,False
1784661206.655,517.3,60.0,True,False
1784661206.816,517.4,60.4,True,False
1784661206.976,517.6,60.1,True,False
1784661207.138,517.7,60.9,True,False
1784661207.300,517.9,62.2,True,False
1784661207.461,518.1,60.8,True,False
1784661207.622,518.2,60.5,True,False
1784661207.783,518.4,60.5,True,False
1784661207.943,518.5,60.1,True,False
1784661208.103,518.7,59.6,True,False
1784661208.263,518.9,59.5,True,False
1784661208.423,519.0,59.5,True,False
1784661208.583,519.2,59.7,True,False
1784661208.743,519.3,59.8,True,False
1784661208.904,519.5,59.9,True,False
1784661209.064,519.7,59.7,True,False
1784661209.224,519.8,60.4,True,False
1784661209.330,519.9,5.6,False,True
1784661209.490,520.1,59.8,True,False
1784661209.652,520.2,61.0,True,False
1784661209.812,520.4,60.4,True,False
1784661209.973,520.6,60.2,True,False
1784661210.133,520.7,59.9,True,False
1784661210.293,520.9,60.1,True,False
1784661210.399,521.0,6.0,False,True
1784661210.559,521.2,59.5,True,False
1784661210.719,521.3,59.4,True,False
1784661210.879,521.5,60.0,True,False
1784661211.040,521.6,60.6,True,False
1784661211.202,521.8,61.1,True,False
1784661211.362,522.0,60.2,True,False
1784661211.523,522.1,60.8,True,False
1784661211.684,522.3,60.6,True,False
1784661211.845,522.4,60.4,True,False
1784661212.005,522.6,59.5,True,False
1784661212.165,522.8,59.6,True,False
1784661212.324,522.9,59.4,True,False
1784661212.484,523.1,59.6,True,False
1784661212.644,523.2,59.5,True,False
1784661212.804,523.4,59.5,True,False
1784661212.965,523.6,60.3,True,False
1784661213.125,523.7,60.8,True,False
1784661213.286,523.9,60.0,True,False
1784661213.446,524.0,59.8,True,False
1784661213.607,524.2,60.8,True,False
1784661213.713,524.3,5.8,False,True
1784661213.873,524.5,59.5,True,False
1784661214.033,524.6,59.6,True,False
1784661214.193,524.8,59.5,True,False
1784661214.353,524.9,59.6,True,False
1784661214.513,525.1,59.9,True,False
1784661214.673,525.3,59.7,True,False
1784661214.833,525.4,60.1,True,False
1784661214.995,525.6,61.3,True,False
1784661215.154,525.7,59.7,True,False
1784661215.314,525.9,59.4,True,False
1784661215.420,526.0,6.0,False,True
1784661215.580,526.2,59.6,True,False
1784661215.740,526.3,59.6,True,False
1784661215.900,526.5,59.7,True,False
1784661216.059,526.7,59.2,True,False
1784661216.220,526.8,59.6,True,False
1784661216.379,527.0,59.6,True,False
1784661216.539,527.1,59.5,True,False
1784661216.645,527.2,5.4,False,True
1784661216.805,527.4,59.6,True,False
1784661216.911,527.5,5.9,False,True
1784661217.017,527.6,6.1,False,True
1784661217.123,527.7,5.8,False,True
1784661217.283,527.9,60.0,True,False
1784661217.390,528.0,6.3,False,True
1784661217.496,528.1,5.7,False,True
1784661217.603,528.2,5.8,False,True
1784661217.762,528.4,59.3,True,False
1784661217.922,528.5,59.2,True,False
1784661218.082,528.7,59.1,True,False
1784661218.241,528.8,59.4,True,False
1784661218.402,529.0,60.0,True,False
1784661218.562,529.2,59.4,True,False
1784661218.736,529.3,73.7,True,False
1784661218.896,529.5,59.8,True,False
1784661219.056,529.7,60.2,True,False
1784661219.217,529.8,60.1,True,False
1784661219.377,530.0,59.6,True,False
1784661219.537,530.1,60.3,True,False
1784661219.698,530.3,60.5,True,False
1784661219.804,530.4,5.8,False,True
1784661219.910,530.5,5.8,False,True
1784661220.070,530.7,59.5,True,False
1784661220.230,530.8,59.4,True,False
1784661220.337,530.9,6.2,False,True
1784661220.497,531.1,60.3,True,False
1784661220.657,531.3,59.7,True,False
1784661220.817,531.4,59.2,True,False
1784661220.977,531.6,59.8,True,False
1784661221.137,531.7,59.8,True,False
1784661221.297,531.9,59.4,True,False
1784661221.457,532.1,59.3,True,False
1784661221.563,532.2,5.9,False,True
1784661221.723,532.3,60.1,True,False
1784661221.884,532.5,60.5,True,False
1784661222.044,532.6,59.3,True,False
1784661222.204,532.8,60.3,True,False
1784661222.311,532.9,6.6,False,True
1784661222.417,533.0,5.9,False,True
1784661222.577,533.2,59.5,True,False
1784661222.737,533.3,59.9,True,False
1784661222.899,533.5,61.5,True,False
1784661223.060,533.7,61.1,True,False
1784661223.228,533.8,66.5,True,False
1784661223.391,534.0,62.7,True,False
1784661223.564,534.2,72.8,True,False
1784661223.725,534.3,60.9,True,False
1784661223.885,534.5,59.6,True,False
1784661224.046,534.6,60.4,True,False
1784661224.152,534.7,5.9,False,True
1784661224.321,534.9,68.5,True,False
1784661224.504,535.1,83.5,True,False
1784661224.610,535.2,5.7,False,True
1784661224.770,535.4,59.5,True,False
1784661224.930,535.5,59.6,True,False
1784661225.089,535.7,59.4,True,False
1784661225.249,535.8,59.5,True,False
1784661225.409,536.0,59.9,True,False
1784661225.569,536.2,59.3,True,False
1784661225.744,536.3,74.9,True,False
1784661225.904,536.5,59.9,True,False
1784661226.064,536.7,59.5,True,False
1784661226.185,536.8,20.4,False,True
1784661226.345,536.9,59.5,True,False
1784661226.505,537.1,59.6,True,False
1784661226.611,537.2,5.9,False,True
1784661226.771,537.4,59.6,True,False
1784661226.931,537.5,59.6,True,False
1784661227.037,537.6,5.8,False,True
1784661227.197,537.8,60.2,True,False
1784661227.357,538.0,59.5,True,False
1784661227.517,538.1,60.1,True,False
1784661227.678,538.3,59.8,True,False
1784661227.838,538.4,59.4,True,False
1784661227.998,538.6,60.2,True,False
1784661228.158,538.8,59.9,True,False
1784661228.318,538.9,59.8,True,False
1784661228.478,539.1,59.8,True,False
1784661228.640,539.2,61.1,True,False
1784661228.799,539.4,59.4,True,False
1784661228.959,539.6,59.6,True,False
1784661229.120,539.7,60.0,True,False
1784661229.226,539.8,5.8,False,True
1784661229.333,539.9,6.0,False,True
1784661229.493,540.1,60.2,True,False
1784661229.653,540.2,59.6,True,False
1784661229.813,540.4,59.5,True,False
1784661229.973,540.6,59.9,True,False
1784661230.133,540.7,59.7,True,False
1784661230.293,540.9,59.6,True,False
1784661230.453,541.0,59.6,True,False
1784661230.613,541.2,59.5,True,False
1784661230.774,541.4,60.0,True,False
1784661230.935,541.5,60.4,True,False
1784661231.095,541.7,60.5,True,False
1784661231.256,541.9,60.5,True,False
1784661231.416,542.0,60.1,True,False
1784661231.585,542.2,68.5,True,False
1784661231.746,542.3,61.1,True,False
1784661231.908,542.5,61.1,True,False
1784661232.068,542.7,59.5,True,False
1784661232.237,542.8,69.1,True,False
1784661232.397,543.0,59.7,True,False
1784661232.557,543.2,59.4,True,False
1784661232.716,543.3,59.3,True,False
1784661232.876,543.5,59.4,True,False
1784661233.036,543.6,59.9,True,False
1784661233.196,543.8,59.4,True,False
1784661233.356,544.0,59.7,True,False
1784661233.516,544.1,59.5,True,False
1784661233.677,544.3,59.6,True,False
1784661233.837,544.4,59.9,True,False
1784661234.011,544.6,74.5,True,False
1784661234.172,544.8,60.1,True,False
1784661234.333,544.9,60.2,True,False
1784661234.493,545.1,59.5,True,False
1784661234.653,545.2,60.2,True,False
1784661234.760,545.4,5.9,False,True
1784661234.944,545.5,83.8,True,False
1784661235.104,545.7,60.0,True,False
1784661235.264,545.9,59.7,True,False
1784661235.424,546.0,60.3,True,False
1784661235.584,546.2,59.6,True,False
1784661235.744,546.3,59.7,True,False
1784661235.904,546.5,59.6,True,False
1784661236.064,546.7,59.6,True,False
1784661236.224,546.8,60.0,True,False
1784661236.384,547.0,59.5,True,False
1784661236.545,547.1,60.1,True,False
1784661236.705,547.3,60.0,True,False
1784661236.865,547.5,59.8,True,False
1784661237.025,547.6,59.9,True,False
1784661237.185,547.8,59.5,True,False
1784661237.345,547.9,59.4,True,False
1784661237.452,548.0,6.6,False,True
1784661237.612,548.2,59.9,True,False
1784661237.772,548.4,59.6,True,False
1784661237.933,548.5,59.8,True,False
1784661238.038,548.6,5.8,False,True
1784661238.222,548.8,83.1,True,False
1784661238.382,549.0,59.8,True,False
1784661238.542,549.1,60.3,True,False
1784661238.702,549.3,59.9,True,False
1784661238.862,549.5,59.6,True,False
1784661239.022,549.6,59.3,True,False
1784661239.182,549.8,60.3,True,False
1784661239.288,549.9,5.8,False,True
1784661239.448,550.0,59.6,True,False
1784661239.610,550.2,61.4,True,False
1784661239.771,550.4,60.3,True,False
1784661239.931,550.5,59.8,True,False
1784661240.090,550.7,59.6,True,False
1784661240.251,550.8,60.0,True,False
1784661240.421,551.0,69.6,True,False
1784661240.581,551.2,59.5,True,False
1784661240.741,551.3,59.8,True,False
1784661240.901,551.5,59.7,True,False
1784661241.061,551.7,59.5,True,False
1784661241.220,551.8,59.5,True,False
1784661241.381,552.0,60.1,True,False
1784661241.541,552.1,59.9,True,False
1784661241.701,552.3,59.3,True,False
1784661241.861,552.5,59.9,True,False
1784661241.967,552.6,5.8,False,True
1784661242.126,552.7,59.1,True,False
1784661242.286,552.9,59.4,True,False
1784661242.446,553.0,59.6,True,False
1784661242.606,553.2,59.4,True,False
1784661242.766,553.4,59.6,True,False
1784661242.872,553.5,5.6,False,True
1784661243.032,553.6,59.7,True,False
1784661243.193,553.8,60.7,True,False
1784661243.353,553.9,59.4,True,False
1784661243.459,554.1,5.8,False,True
1784661243.619,554.2,59.6,True,False
1784661243.779,554.4,59.3,True,False
1784661243.938,554.5,59.5,True,False
1784661244.045,554.6,6.3,False,True
1784661244.204,554.8,59.2,True,False
1784661244.363,555.0,59.2,True,False
1784661244.523,555.1,59.3,True,False
1784661244.682,555.3,59.0,True,False
1784661244.842,555.4,59.8,True,False
1784661245.007,555.6,63.6,True,False
1784661245.167,555.8,59.7,True,False
1784661245.327,555.9,59.4,True,False
1784661245.433,556.0,5.5,False,True
1784661245.594,556.2,61.4,True,False
1784661245.754,556.3,59.6,True,False
1784661245.914,556.5,59.5,True,False
1784661246.074,556.7,59.4,True,False
1784661246.233,556.8,59.5,True,False
1784661246.394,557.0,59.7,True,False
1784661246.553,557.1,59.0,True,False
1784661246.731,557.3,77.8,True,False
1784661246.901,557.5,70.0,True,False
1784661247.061,557.7,59.3,True,False
1784661247.220,557.8,59.3,True,False
1784661247.380,558.0,59.0,True,False
1784661247.539,558.1,59.2,True,False
1784661247.699,558.3,59.3,True,False
1784661247.804,558.4,5.7,False,True
1784661247.910,558.5,5.5,False,True
1784661248.070,558.7,59.6,True,False
1784661248.230,558.8,59.9,True,False
1784661248.390,559.0,59.7,True,False
1784661248.550,559.1,59.4,True,False
1784661248.710,559.3,59.7,True,False
1784661248.816,559.4,5.5,False,True
1784661248.975,559.6,59.7,True,False
1784661249.136,559.7,60.4,True,False
1784661249.295,559.9,59.3,True,False
1784661249.455,560.0,59.4,True,False
1784661249.615,560.2,60.2,True,False
1784661249.775,560.4,59.6,True,False
1784661249.882,560.5,5.8,False,True
1784661250.041,560.6,59.1,True,False
1784661250.149,560.7,6.7,False,True
1784661250.309,560.9,59.9,True,False
1784661250.469,561.1,59.7,True,False
1784661250.629,561.2,59.5,True,False
1784661250.789,561.4,58.9,True,False
1784661250.948,561.5,59.6,True,False
1784661251.108,561.7,59.8,True,False
1784661251.269,561.9,60.1,True,False
1784661251.375,562.0,5.4,False,True
1784661251.535,562.1,60.2,True,False
1784661251.722,562.3,86.7,True,False
1784661251.883,562.5,60.1,True,False
1784661252.042,562.6,58.6,False,True
1784661252.200,562.8,58.1,False,True
1784661252.374,563.0,73.6,False,True
1784661252.533,563.1,58.6,False,True
1784661252.692,563.3,58.5,False,True
1784661252.797,563.4,5.6,False,True
1784661252.960,563.6,61.7,False,True
1784661253.119,563.7,59.1,False,True
1784661253.278,563.9,58.9,False,True
1784661253.447,564.0,68.9,False,True
1784661253.607,564.2,59.5,False,True
1784661253.766,564.4,58.4,False,True
1784661253.925,564.5,58.6,False,True
1784661254.084,564.7,59.0,False,True
1784661254.243,564.8,58.9,False,True
1784661254.350,564.9,6.3,False,True
1784661254.523,565.1,72.7,False,True
1784661254.681,565.3,58.1,False,True
1784661255.871,566.5,1089.4,False,True
1784661255.977,566.6,5.7,False,True
1784661257.152,567.7,1074.6,False,True
1784661258.335,568.9,1082.5,False,True
1784661259.518,570.1,1083.6,False,True
1784661259.678,570.3,58.8,False,True
1784661259.784,570.4,5.9,False,True
1784661260.958,571.6,1074.0,False,True
1784661262.143,572.7,1084.2,False,True
1784661263.330,573.9,1087.0,False,True
1784661264.510,575.1,1079.7,False,True
1784661264.674,575.3,63.3,False,True
1784661265.858,576.5,1084.1,False,True
1784661267.038,577.6,1079.9,False,True
1784661268.226,578.8,1087.8,False,True
1784661269.407,580.0,1080.2,False,True
1784661269.513,580.1,5.9,False,True
1784661269.674,580.3,60.7,False,True
1784661270.878,581.5,1103.4,False,True
1784661272.062,582.7,1083.8,False,True
1784661273.246,583.8,1083.9,False,True
1784661274.430,585.0,1083.7,False,True
1784661275.614,586.2,1083.2,False,True
1784661275.773,586.4,58.7,False,True
1784661276.958,587.6,1084.7,False,True
1784661278.142,588.7,1083.9,False,True
1784661279.326,589.9,1083.6,False,True
1784661279.432,590.0,5.9,False,True
1784661280.606,591.2,1073.5,False,True
1784661280.765,591.4,59.1,False,True
1784661280.871,591.5,6.0,False,True
1784661282.046,592.6,1074.5,False,True
1784661283.229,593.8,1083.6,False,True
1784661284.413,595.0,1083.4,False,True
1784661285.597,596.2,1083.7,False,True
1784661285.773,596.4,75.1,False,True
1784661286.941,597.5,1068.2,False,True
1784661288.125,598.7,1084.0,False,True
1784661289.309,599.9,1083.4,False,True
1784661290.493,601.1,1083.6,False,True
1784661290.652,601.2,58.4,False,True
1784661291.837,602.4,1085.2,False,True
1784661293.021,603.6,1083.5,False,True
1784661294.205,604.8,1084.1,False,True
1784661295.394,606.0,1088.5,False,True
1784661296.573,607.2,1079.1,False,True
1784661296.732,607.3,58.4,False,True
1784661297.921,608.5,1089.4,False,True
1784661299.101,609.7,1078.9,False,True
1784661300.285,610.9,1083.5,False,True
1784661301.473,612.1,1087.8,False,True
1784661301.632,612.2,58.9,False,True
1784661302.813,613.4,1080.2,False,True
1784661304.001,614.6,1087.4,False,True
1784661305.181,615.8,1080.0,False,True
1784661306.364,617.0,1083.4,False,True
1784661307.549,618.1,1084.2,False,True
1784661307.721,618.3,72.3,False,True
1784661308.896,619.5,1075.1,False,True
1784661310.076,620.7,1079.7,False,True
1784661311.260,621.9,1083.5,False,True
1784661312.444,623.0,1083.6,False,True
1784661312.620,623.2,75.8,False,True
1784661313.788,624.4,1067.8,False,True
1784661314.972,625.6,1083.8,False,True
1784661316.156,626.8,1083.7,False,True
1784661317.340,627.9,1082.8,False,True
1784661317.447,628.0,6.7,False,True
1784661317.606,628.2,58.6,False,True
1784661318.781,629.4,1075.0,True,True
1784661318.941,629.5,59.5,True,False
1784661319.121,629.7,80.2,True,False
1784661319.281,629.9,59.7,True,False
1784661319.442,630.0,60.1,True,False
1784661319.548,630.1,5.6,False,True
1784661319.721,630.3,73.3,True,False
1784661319.881,630.5,59.5,True,False
1784661320.041,630.6,59.5,True,False
1784661320.221,630.8,79.3,True,False
1784661320.381,631.0,59.4,True,False
1784661320.541,631.1,59.6,True,False
1784661320.721,631.3,80.2,True,False
1784661320.881,631.5,59.7,True,False
1784661321.073,631.7,91.5,True,False
1784661321.233,631.8,59.6,True,False
1784661321.393,632.0,59.7,True,False
1784661321.553,632.1,59.4,True,False
1784661321.720,632.3,66.9,True,False
1784661321.880,632.5,59.6,True,False
1784661322.041,632.6,59.9,True,False
1784661322.221,632.8,79.8,True,False
1784661322.381,633.0,59.8,True,False
1784661322.487,633.1,5.7,False,True
1784661322.648,633.2,59.9,True,False
1784661322.808,633.4,59.9,True,False
1784661322.968,633.6,59.8,True,False
1784661323.074,633.7,5.8,False,True
1784661323.235,633.8,59.9,True,False
1784661323.340,633.9,5.7,False,True
1784661323.516,634.1,75.5,True,False
1784661323.676,634.3,59.8,True,False
1784661323.836,634.4,59.7,True,False
1784661323.943,634.5,6.1,False,True
1784661324.103,634.7,60.2,True,False
1784661324.263,634.9,59.4,True,False
1784661324.423,635.0,59.9,True,False
1784661324.582,635.2,59.4,True,False
1784661324.742,635.3,59.4,True,False
1784661324.902,635.5,59.1,True,False
1784661325.061,635.7,59.3,True,False
1784661325.221,635.8,59.5,True,False
1784661325.381,636.0,59.6,True,False
1784661325.497,636.1,16.2,False,True
1784661325.673,636.3,75.2,True,False
1784661325.832,636.4,59.5,True,False
1784661325.995,636.6,62.2,True,False
1784661326.155,636.7,59.8,True,False
1784661326.315,636.9,59.5,True,False
1784661326.421,637.0,6.3,False,True
1784661326.581,637.2,59.5,True,False
1784661326.741,637.3,60.1,True,False
1784661326.921,637.5,79.2,True,False
1784661327.081,637.7,60.4,True,False
1784661327.242,637.8,60.3,True,False
1784661327.421,638.0,79.0,True,False
1784661327.581,638.2,59.9,True,False
1784661327.741,638.3,60.0,True,False
1784661327.921,638.5,79.1,True,False
1784661328.080,638.7,59.6,True,False
1784661328.241,638.8,60.0,True,False
1784661328.401,639.0,59.6,True,False
1784661328.561,639.2,60.3,True,False
1784661328.721,639.3,59.3,True,False
1784661328.880,639.5,59.6,True,False
1784661329.040,639.6,59.6,True,False
1784661329.200,639.8,59.9,True,False
1784661329.306,639.9,5.5,False,True
1784661329.472,640.1,65.6,True,False
1784661329.632,640.2,60.2,True,False
1784661329.792,640.4,59.4,True,False
1784661329.974,640.6,81.8,True,False
1784661330.143,640.7,69.0,True,False
1784661330.321,640.9,77.2,True,False
1784661330.481,641.1,59.7,True,False
1784661330.640,641.2,59.6,True,False
1784661330.746,641.3,5.6,False,True
1784661330.920,641.5,73.4,True,False
1784661331.080,641.7,59.9,True,False
1784661331.240,641.8,59.8,True,False
1784661331.346,641.9,5.6,False,True
1784661331.521,642.1,74.6,True,False
1784661331.704,642.3,82.8,True,False
1784661331.864,642.5,59.5,True,False
1784661332.024,642.6,60.0,True,False
1784661332.184,642.8,59.0,True,False
1784661332.343,642.9,59.7,True,False
1784661332.503,643.1,59.3,True,False
1784661332.663,643.3,59.6,True,False
1784661332.823,643.4,59.3,True,False
1784661333.004,643.6,81.3,True,False
1784661333.164,643.8,60.0,True,False
1784661333.325,643.9,60.0,True,False
1784661333.485,644.1,59.9,True,False
1784661333.665,644.3,79.6,True,False
1784661333.825,644.4,59.7,True,False
1784661333.931,644.5,6.2,False,True
1784661334.037,644.6,5.6,False,True
1784661334.144,644.7,6.1,False,True
1784661334.250,644.8,5.9,False,True
1784661334.410,645.0,59.9,True,False
1784661334.570,645.2,59.8,True,False
1784661334.676,645.3,5.7,False,True
1784661334.836,645.4,59.5,True,False
1784661335.020,645.6,83.5,True,False
1784661335.181,645.8,60.6,True,False
1784661335.340,645.9,59.4,True,False
1784661335.521,646.1,80.1,True,False
1784661335.681,646.3,59.9,True,False
1784661335.840,646.4,59.5,True,False
1784661336.021,646.6,80.3,True,False
1784661336.181,646.8,59.6,True,False
1784661336.341,646.9,59.9,True,False
1784661336.523,647.1,81.4,True,False
1784661336.629,647.2,5.9,False,True
1784661336.789,647.4,59.5,True,False
1784661336.948,647.5,59.0,True,False
1784661337.108,647.7,60.1,True,False
1784661337.214,647.8,5.7,False,True
1784661337.321,647.9,6.4,False,True
1784661337.427,648.0,5.8,False,True
1784661337.587,648.2,59.6,True,False
1784661337.746,648.3,59.4,True,False
1784661337.920,648.5,73.3,True,False
1784661338.080,648.7,59.5,True,False
1784661338.258,648.9,77.8,True,False
1784661338.420,649.0,61.7,True,False
1784661338.580,649.2,59.3,True,False
1784661338.739,649.3,59.5,True,False
1784661338.920,649.5,80.7,True,False
1784661339.080,649.7,59.5,True,False
1784661339.240,649.8,59.6,True,False
1784661339.419,650.0,79.4,True,False
1784661339.579,650.2,59.6,True,False
1784661339.739,650.3,59.6,True,False
1784661339.920,650.5,80.9,True,False
1784661340.080,650.7,59.7,True,False
1784661340.186,650.8,5.9,False,True
1784661340.347,650.9,60.9,True,False
1784661340.520,651.1,72.4,True,False
1784661340.680,651.3,59.8,True,False
1784661340.840,651.4,60.0,True,False
1784661340.946,651.5,5.8,False,True
1784661341.121,651.7,74.1,True,False
1784661341.280,651.9,59.3,True,False
1784661341.386,652.0,6.1,False,True
1784661341.546,652.1,59.6,True,False
1784661341.720,652.3,73.5,True,False
1784661341.880,652.5,59.3,True,False
1784661342.039,652.6,59.6,True,False
1784661342.199,652.8,59.3,True,False
1784661342.359,653.0,59.2,True,False
1784661342.520,653.1,61.0,True,False
1784661342.680,653.3,59.6,True,False
1784661342.840,653.4,59.7,True,False
1784661343.020,653.6,80.0,True,False
1784661343.180,653.8,59.6,True,False
1784661343.286,653.9,6.0,False,True
1784661343.446,654.0,59.7,True,False
1784661343.620,654.2,73.7,True,False
1784661343.780,654.4,59.7,True,False
1784661343.940,654.5,59.3,True,False
1784661344.120,654.7,79.8,True,False
1784661344.280,654.9,59.5,True,False
1784661344.386,655.0,5.5,False,True
1784661344.546,655.1,59.2,True,False
1784661344.720,655.3,74.0,True,False
1784661344.880,655.5,59.6,True,False
1784661345.040,655.6,59.5,True,False
1784661345.220,655.8,79.7,True,False
1784661345.380,656.0,59.3,True,False
1784661345.564,656.2,83.8,True,False
1784661345.724,656.3,59.8,True,False
1784661345.884,656.5,60.0,True,False
1784661346.044,656.6,59.4,True,False
1784661346.220,656.8,76.3,True,False
1784661346.326,656.9,5.7,False,True
1784661346.432,657.0,5.4,False,True
1784661346.593,657.2,60.3,True,False
1784661346.755,657.4,62.3,True,False
1784661346.920,657.5,64.8,True,False
1784661347.080,657.7,60.1,True,False
1784661347.240,657.8,59.3,True,False
1784661347.346,657.9,5.5,False,True
1784661347.520,658.1,74.1,True,False
1784661347.626,658.2,5.8,False,True
1784661347.786,658.4,59.7,True,False
1784661347.946,658.5,60.0,True,False
1784661348.107,658.7,60.2,True,False
1784661348.267,658.9,60.2,True,False
1784661348.427,659.0,59.5,True,False
1784661348.587,659.2,59.6,True,False
1784661348.747,659.3,59.8,True,False
1784661348.919,659.5,71.9,True,False
1784661349.079,659.7,59.7,True,False
1784661349.240,659.8,60.4,True,False
1784661349.420,660.0,79.8,True,False
1784661349.581,660.2,60.1,True,False
1784661349.741,660.3,59.7,True,False
1784661349.920,660.5,79.2,True,False
1784661350.080,660.7,59.6,True,False
1784661350.241,660.8,60.1,True,False
1784661350.420,661.0,78.9,True,False
1784661350.580,661.2,59.7,True,False
1784661350.742,661.3,61.6,True,False
1784661350.903,661.5,59.9,True,False
1784661351.063,661.7,59.7,True,False
1784661351.169,661.8,6.1,False,True
1784661351.330,661.9,60.6,True,False
1784661351.490,662.1,60.1,True,False
1784661351.650,662.2,59.9,True,False
1784661351.820,662.4,68.8,True,False
1784661351.980,662.6,59.8,True,False
1784661352.140,662.7,59.6,True,False
1784661352.300,662.9,59.7,True,False
1784661352.460,663.1,60.5,True,False
1784661352.621,663.2,60.0,True,False
1784661352.781,663.4,60.2,True,False
1784661352.942,663.5,60.2,True,False
1784661353.120,663.7,77.6,True,False
1784661353.280,663.9,59.5,True,False
1784661353.440,664.0,60.1,True,False
1784661353.620,664.2,79.6,True,False
1784661353.780,664.4,59.7,True,False
1784661353.941,664.5,60.2,True,False
1784661354.101,664.7,60.4,True,False
1784661354.261,664.9,59.4,True,False
1784661354.367,665.0,5.6,False,True
1784661354.527,665.1,59.8,True,False
1784661354.687,665.3,59.7,True,False
1784661354.847,665.4,59.6,True,False
1784661355.020,665.6,72.6,True,False
1784661355.180,665.8,59.5,True,False
1784661355.340,665.9,59.5,True,False
1784661355.520,666.1,79.4,True,False
1784661355.626,666.2,5.6,False,True
1784661355.785,666.4,59.5,True,False
1784661355.945,666.5,59.6,True,False
1784661356.105,666.7,59.2,True,False
1784661356.265,666.9,60.4,True,False
1784661356.372,667.0,6.1,False,True
1784661356.477,667.1,5.6,False,True
1784661356.638,667.2,59.9,True,False
1784661356.799,667.4,60.6,True,False
1784661356.959,667.6,59.8,True,False
1784661357.065,667.7,6.1,False,True
1784661357.225,667.8,60.4,True,False
1784661357.385,668.0,59.7,True,False
1784661357.545,668.1,60.0,True,False
1784661357.707,668.3,61.0,True,False
1784661357.867,668.5,59.6,True,False
1784661357.972,668.6,5.7,False,True
1784661358.078,668.7,5.8,False,True
1784661358.238,668.8,59.4,True,False
1784661358.398,669.0,59.6,True,False
1784661358.557,669.2,59.2,True,False
1784661358.720,669.3,62.6,True,False
1784661358.880,669.5,59.8,True,False
1784661358.986,669.6,5.7,False,True
1784661359.146,669.7,59.1,True,False
1784661359.251,669.8,5.2,False,True
1784661359.417,670.0,66.1,True,False
1784661359.577,670.2,59.2,True,False
1784661359.683,670.3,5.8,False,True
1784661359.844,670.4,60.2,True,False
1784661360.022,670.6,78.4,True,False
1784661360.182,670.8,59.4,True,False
1784661360.341,670.9,59.5,True,False
1784661360.519,671.1,77.4,True,False
1784661360.679,671.3,59.8,True,False
1784661360.786,671.4,6.2,False,True
1784661360.945,671.5,59.7,True,False
1784661361.119,671.7,73.8,True,False
1784661361.226,671.8,6.0,False,True
1784661361.386,672.0,60.0,True,False
1784661361.546,672.1,60.0,True,False
1784661361.720,672.3,73.1,True,False
1784661361.880,672.5,59.5,True,False
1784661362.041,672.6,61.0,True,False
1784661362.201,672.8,59.8,True,False
1784661362.307,672.9,5.9,False,True
1784661362.467,673.1,59.9,True,False
1784661362.627,673.2,59.0,True,False
1784661362.787,673.4,59.7,True,False
1784661362.971,673.6,83.5,True,False
1784661363.130,673.7,59.3,True,False
1784661363.290,673.9,59.5,True,False
1784661363.450,674.0,60.0,True,False
1784661363.619,674.2,68.7,True,False
1784661363.780,674.4,60.3,True,False
1784661363.939,674.5,59.2,True,False
1784661364.099,674.7,59.8,True,False
1784661364.259,674.9,59.6,True,False
1784661364.419,675.0,59.5,True,False
1784661364.578,675.2,59.2,True,False
1784661364.738,675.3,59.4,True,False
1784661364.919,675.5,80.9,True,False
1784661365.025,675.6,5.8,False,True
1784661365.132,675.7,6.3,False,True
1784661365.292,675.9,60.0,True,False
1784661365.452,676.0,59.9,True,False
1784661365.612,676.2,59.6,True,False
1784661365.772,676.4,59.5,True,False
1784661365.932,676.5,59.5,True,False
1784661366.092,676.7,59.7,True,False
1784661366.252,676.8,59.5,True,False
1784661366.419,677.0,67.5,True,False
1784661366.579,677.2,60.0,True,False
1784661366.739,677.3,59.8,True,False
1784661366.919,677.5,79.5,True,False
1784661367.079,677.7,59.6,True,False
1784661367.239,677.8,59.7,True,False
1784661367.398,678.0,59.1,True,False
1784661367.558,678.2,60.0,True,False
1784661367.719,678.3,60.5,True,False
1784661367.879,678.5,59.5,True,False
1784661368.039,678.6,59.8,True,False
1784661368.219,678.8,79.5,True,False
1784661368.379,679.0,59.0,True,False
1784661368.538,679.1,59.3,True,False
1784661368.719,679.3,79.6,True,False
1784661368.879,679.5,60.0,True,False
1784661369.040,679.6,60.1,True,False
1784661369.148,679.7,8.2,False,True
1784661369.308,679.9,59.6,True,False
1784661369.468,680.1,59.5,True,False
1784661369.574,680.2,6.1,False,True
1784661369.734,680.3,59.7,True,False
1784661369.894,680.5,59.9,True,False
1784661370.055,680.6,60.4,True,False
1784661370.219,680.8,64.0,True,False
1784661370.379,681.0,59.4,True,False
1784661370.539,681.1,59.9,True,False
1784661370.719,681.3,79.8,True,False
1784661370.879,681.5,59.4,True,False
1784661371.039,681.6,59.6,True,False
1784661371.219,681.8,80.0,True,False
1784661371.379,682.0,59.7,True,False
1784661371.538,682.1,59.0,True,False
1784661371.698,682.3,59.3,True,False
1784661371.858,682.5,59.7,True,False
1784661372.018,682.6,60.0,True,False
1784661372.203,682.8,84.7,True,False
1784661372.363,683.0,59.5,True,False
1784661372.523,683.1,59.4,True,False
1784661372.644,683.2,20.6,False,True
1784661372.803,683.4,59.3,True,False
1784661372.963,683.6,59.7,True,False
1784661373.123,683.7,59.5,True,False
1784661373.282,683.9,59.4,True,False
1784661373.389,684.0,6.1,False,True
1784661373.549,684.1,60.5,True,False
1784661373.709,684.3,59.7,True,False
1784661373.870,684.5,59.9,True,False
1784661374.030,684.6,59.7,True,False
1784661374.190,684.8,60.4,True,False
1784661374.296,684.9,5.5,False,True
1784661374.456,685.1,59.5,True,False
1784661374.616,685.2,59.6,True,False
1784661374.775,685.4,59.0,True,False
1784661374.935,685.5,59.7,True,False
1784661375.096,685.7,59.7,True,False
1784661375.255,685.9,59.2,True,False
1784661375.415,686.0,59.4,True,False
1784661375.521,686.1,5.5,False,True
1784661375.681,686.3,59.4,True,False
1784661375.841,686.4,59.5,True,False
1784661375.947,686.5,5.9,False,True
1784661376.107,686.7,59.5,True,False
1784661376.267,686.9,60.1,True,False
1784661376.374,687.0,6.2,False,True
1784661376.533,687.1,59.0,True,False
1784661376.693,687.3,59.4,True,False
1784661376.852,687.4,59.0,True,False
1784661376.958,687.6,5.6,False,True
1784661377.117,687.7,59.3,True,False
1784661377.277,687.9,60.1,True,False
1784661377.437,688.0,59.6,True,False
1784661377.597,688.2,59.6,True,False
1784661377.757,688.4,59.6,True,False
1784661377.918,688.5,60.3,True,False
1784661378.077,688.7,59.1,True,False
1784661378.237,688.8,59.8,True,False
1784661378.398,689.0,60.5,True,False
1784661378.558,689.2,59.7,True,False
1784661378.717,689.3,59.7,True,False
1784661378.877,689.5,59.8,True,False
1784661379.037,689.6,59.7,True,False
1784661379.198,689.8,60.6,True,False
1784661379.359,690.0,60.3,True,False
1784661379.519,690.1,59.5,True,False
1784661379.625,690.2,5.5,False,True
1784661379.785,690.4,60.0,True,False
1784661379.945,690.5,59.8,True,False
1784661380.105,690.7,60.2,True,False
1784661380.265,690.9,59.5,True,False
1784661380.426,691.0,60.3,True,False
1784661380.586,691.2,59.7,True,False
1784661380.746,691.3,59.9,True,False
1784661380.906,691.5,59.5,True,False
1784661381.025,691.6,19.6,False,True
1784661381.132,691.7,6.0,False,True
1784661381.310,691.9,78.1,True,False
1784661381.470,692.1,59.6,True,False
1784661381.630,692.2,59.7,True,False
1784661381.790,692.4,59.7,True,False
1784661381.970,692.6,79.8,True,False
1784661382.078,692.7,6.7,False,True
1784661382.237,692.8,59.1,True,False
1784661382.397,693.0,59.6,True,False
1784661382.557,693.2,59.5,True,False
1784661382.718,693.3,60.7,True,False
1784661382.877,693.5,59.6,True,False
1784661383.038,693.6,59.8,True,False
1784661383.198,693.8,60.7,True,False
1784661383.358,694.0,59.5,True,False
1784661383.519,694.1,60.1,True,False
1784661383.679,694.3,59.6,True,False
1784661383.859,694.5,80.7,True,False
1784661384.020,694.6,60.2,True,False
1784661384.180,694.8,59.6,True,False
1784661384.340,694.9,59.4,True,False
1784661384.499,695.1,59.4,True,False
1784661384.659,695.3,59.2,True,False
1784661384.831,695.4,72.1,True,False
1784661384.991,695.6,59.5,True,False
1784661385.151,695.7,59.4,True,False
1784661385.311,695.9,59.5,True,False
1784661385.471,696.1,59.7,True,False
1784661385.630,696.2,59.1,True,False
1784661385.736,696.3,5.5,False,True
1784661385.896,696.5,59.4,True,False
1784661386.056,696.7,59.9,True,False
1784661386.163,696.8,6.1,False,True
1784661386.323,696.9,59.3,True,False
1784661386.483,697.1,59.8,True,False
1784661386.643,697.2,59.9,True,False
1784661386.749,697.3,5.5,False,True
1784661386.909,697.5,60.0,True,False
1784661387.069,697.7,59.6,True,False
1784661387.229,697.8,59.5,True,False
1784661387.389,698.0,59.7,True,False
1784661387.549,698.1,59.5,True,False
1784661387.655,698.3,6.1,False,True
1784661387.762,698.4,6.3,False,True
1784661387.922,698.5,59.8,True,False
1784661388.084,698.7,61.8,True,False
1784661388.243,698.8,59.5,True,False
1784661388.403,699.0,59.5,True,False
1784661388.563,699.2,59.4,True,False
1784661388.723,699.3,59.5,True,False
1784661388.883,699.5,60.0,True,False
1784661389.043,699.6,60.2,True,False
1784661389.203,699.8,59.5,True,False
1784661389.362,700.0,59.4,True,False
1784661389.469,700.1,5.7,False,True
1784661389.575,700.2,5.6,False,True
1784661389.735,700.3,59.5,True,False
1784661389.895,700.5,59.7,True,False
1784661390.055,700.6,60.0,True,False
1784661390.214,700.8,59.5,True,False
1784661390.374,701.0,59.4,True,False
1784661390.556,701.2,81.3,True,False
1784661390.716,701.3,59.3,True,False
1784661390.875,701.5,59.2,True,False
1784661391.036,701.6,60.6,True,False
1784661391.196,701.8,60.0,True,False
1784661391.356,702.0,59.2,True,False
1784661391.462,702.1,5.8,False,True
1784661391.621,702.2,59.5,True,False
1784661391.782,702.4,59.9,True,False
1784661391.887,702.5,5.7,False,True
1784661392.048,702.6,60.5,True,False
1784661392.207,702.8,59.3,True,False
1784661392.367,703.0,59.3,True,False
1784661392.543,703.1,76.0,True,False
1784661392.702,703.3,58.9,True,False
1784661392.862,703.5,59.2,True,False
1784661393.022,703.6,60.3,True,False
1784661393.182,703.8,59.9,True,False
1784661393.344,703.9,61.0,True,False
1784661393.503,704.1,59.5,True,False
1784661393.663,704.3,59.3,True,False
1784661393.823,704.4,59.5,True,False
1784661393.982,704.6,59.5,True,False
1784661394.142,704.7,59.4,True,False
1784661394.302,704.9,59.6,True,False
1784661394.462,705.1,59.7,True,False
1784661394.621,705.2,59.2,True,False
1784661394.727,705.3,5.2,False,True
1784661394.887,705.5,59.7,True,False
1784661395.047,705.6,60.0,True,False
1784661395.207,705.8,59.2,True,False
1784661395.381,706.0,74.4,True,False
1784661395.542,706.1,60.0,True,False
1784661395.648,706.2,5.8,False,True
1784661395.807,706.4,58.9,True,False
1784661395.967,706.6,59.5,True,False
1784661396.127,706.7,59.7,True,False
1784661396.287,706.9,59.8,True,False
1784661396.447,707.0,59.5,True,False
1784661396.553,707.1,5.7,False,True
1784661396.713,707.3,59.5,True,False
1784661396.873,707.5,59.5,True,False
1784661397.033,707.6,59.9,True,False
1784661397.193,707.8,59.4,True,False
1784661397.353,707.9,59.9,True,False
1784661397.513,708.1,60.1,True,False
1784661397.673,708.3,59.8,True,False
1784661397.833,708.4,58.9,True,False
1784661397.992,708.6,59.1,True,False
1784661398.153,708.7,60.7,True,False
1784661398.312,708.9,59.4,True,False
1784661398.472,709.1,59.3,True,False
1784661398.579,709.2,6.3,False,True
1784661398.738,709.3,59.1,True,False
1784661398.898,709.5,59.5,True,False
1784661399.058,709.7,59.6,True,False
1784661399.218,709.8,59.3,True,False
1784661399.323,709.9,5.5,False,True
1784661399.483,710.1,59.4,True,False
1784661399.589,710.2,5.8,False,True
1784661399.749,710.3,59.4,True,False
1784661399.908,710.5,59.0,True,False
1784661400.067,710.7,59.3,True,False
1784661400.227,710.8,60.0,True,False
1784661400.387,711.0,59.0,True,False
1784661400.547,711.1,60.1,True,False
1784661400.707,711.3,59.6,True,False
1784661400.867,711.5,59.6,True,False
1784661401.026,711.6,59.3,True,False
1784661401.186,711.8,59.9,True,False
1784661401.356,712.0,69.8,True,False
1784661401.516,712.1,59.5,True,False
1784661401.676,712.3,59.9,True,False
1784661401.836,712.4,59.4,True,False
1784661401.996,712.6,59.4,True,False
1784661402.155,712.8,59.1,True,False
1784661402.315,712.9,59.4,True,False
1784661402.475,713.1,59.4,True,False
1784661402.634,713.2,59.3,True,False
1784661402.794,713.4,59.6,True,False
1784661402.965,713.6,70.4,True,False
1784661403.124,713.7,59.4,True,False
1784661403.284,713.9,59.5,True,False
1784661403.444,714.0,59.6,True,False
1784661403.604,714.2,59.9,True,False
1784661403.765,714.4,60.1,True,False
1784661403.871,714.5,5.9,False,True
1784661404.031,714.6,59.3,True,False
1784661404.191,714.8,60.0,True,False
1784661404.351,714.9,59.4,True,False
1784661404.511,715.1,59.6,True,False
1784661404.616,715.2,5.5,False,True
1784661404.787,715.4,70.4,True,False
1784661404.946,715.5,58.9,True,False
1784661405.106,715.7,59.4,True,False
1784661405.266,715.9,59.4,True,False
1784661405.426,716.0,59.3,True,False
1784661405.585,716.2,59.5,True,False
1784661405.745,716.3,59.5,True,False
1784661405.905,716.5,59.4,True,False
1784661406.065,716.7,59.8,True,False
1784661406.226,716.8,60.5,True,False
1784661406.385,717.0,59.2,True,False
1784661406.546,717.1,59.7,True,False
1784661406.705,717.3,59.4,True,False
1784661406.865,717.5,59.8,True,False
1784661407.025,717.6,59.5,True,False
1784661407.185,717.8,60.0,True,False
1784661407.345,717.9,59.8,True,False
1784661407.505,718.1,59.0,True,False
1784661407.664,718.3,59.0,True,False
1784661407.823,718.4,59.0,True,False
1784661407.983,718.6,59.7,True,False
1784661408.143,718.7,59.7,True,False
1784661408.303,718.9,60.0,True,False
1784661408.463,719.1,59.6,True,False
1784661408.623,719.2,59.5,True,False
1784661408.782,719.4,59.2,True,False
1784661408.942,719.5,59.5,True,False
1784661409.102,719.7,59.9,True,False
1784661409.262,719.9,59.7,True,False
1784661409.422,720.0,59.2,True,False
1784661409.582,720.2,59.7,True,False
1784661409.688,720.3,5.5,False,True
1784661409.847,720.4,59.3,True,False
1784661410.008,720.6,60.2,True,False
1784661410.168,720.8,60.0,True,False
1784661410.328,720.9,59.7,True,False
1784661410.487,721.1,59.1,True,False
1784661410.647,721.2,59.3,True,False
1784661410.806,721.4,58.9,True,False
1784661410.966,721.6,59.4,True,False
1784661411.127,721.7,60.6,True,False
1784661411.286,721.9,59.4,True,False
1784661411.393,722.0,6.2,False,True
1784661411.552,722.1,59.0,True,False
1784661411.711,722.3,59.0,True,False
1784661411.817,722.4,5.6,False,True
1784661411.923,722.5,5.7,False,True
1784661412.083,722.7,59.8,True,False
1784661412.243,722.8,59.8,True,False
1784661412.403,723.0,59.3,True,False
1784661412.509,723.1,5.6,False,True
1784661412.669,723.3,59.7,True,False
1784661412.829,723.4,59.1,True,False
1784661412.988,723.6,59.6,True,False
1784661413.149,723.7,60.2,True,False
1784661413.309,723.9,59.6,True,False
1784661413.473,724.1,63.2,True,False
1784661413.632,724.2,59.1,True,False
1784661413.792,724.4,59.4,True,False
1784661413.951,724.5,59.4,True,False
1784661414.111,724.7,59.3,True,False
1784661414.271,724.9,59.5,True,False
1784661414.450,725.0,79.3,True,False
1784661414.610,725.2,59.1,True,False
1784661414.716,725.3,5.6,False,True
1784661414.876,725.5,60.0,True,False
1784661415.036,725.6,60.2,True,False
1784661415.197,725.8,59.9,True,False
1784661415.357,726.0,59.5,True,False
1784661415.516,726.1,59.3,True,False
1784661415.676,726.3,59.4,True,False
1784661415.845,726.4,68.8,True,False
1784661416.005,726.6,59.9,True,False
1784661416.165,726.8,59.6,True,False
1784661416.324,726.9,59.3,True,False
1784661416.484,727.1,59.7,True,False
1784661416.644,727.2,59.5,True,False
1784661416.804,727.4,59.2,True,False
1784661416.965,727.6,60.3,True,False
1784661417.125,727.7,60.2,True,False
1784661417.285,727.9,59.4,True,False
1784661417.445,728.0,59.3,True,False
1784661417.604,728.2,59.2,True,False
1784661417.764,728.4,59.1,True,False
1784661417.923,728.5,59.0,True,False
1784661418.083,728.7,59.5,True,False
1784661418.243,728.8,59.7,True,False
1784661418.402,729.0,59.3,True,False
1784661418.562,729.2,59.9,True,False
1784661418.723,729.3,60.0,True,False
1784661418.883,729.5,60.0,True,False
1784661419.042,729.6,59.2,True,False
1784661419.216,729.8,73.5,True,False
1784661419.376,730.0,59.7,True,False
1784661419.536,730.1,59.2,True,False
1784661419.696,730.3,59.7,True,False
1784661419.865,730.5,69.1,True,False
1784661420.025,730.6,59.8,True,False
1784661420.186,730.8,59.9,True,False
1784661420.292,730.9,6.1,False,True
1784661420.453,731.0,60.2,True,False
1784661420.613,731.2,59.7,True,False
1784661420.773,731.4,59.7,True,False
1784661420.933,731.5,60.0,True,False
1784661421.093,731.7,59.7,True,False
1784661421.253,731.8,59.3,True,False
1784661421.360,732.0,6.5,False,True
1784661421.520,732.1,59.5,True,False
1784661421.679,732.3,59.8,True,False
1784661421.839,732.4,59.5,True,False
1784661422.000,732.6,60.0,True,False
1784661422.160,732.8,60.1,True,False
1784661422.320,732.9,59.5,True,False
1784661422.479,733.1,59.4,True,False
1784661422.640,733.2,59.7,True,False
1784661422.799,733.4,59.6,True,False
1784661422.959,733.6,59.1,True,False
1784661423.119,733.7,59.5,True,False
1784661423.279,733.9,59.8,True,False
1784661423.439,734.0,59.8,True,False
1784661423.546,734.1,6.3,False,True
1784661423.716,734.3,70.0,True,False
1784661423.885,734.5,68.9,True,False
1784661424.045,734.6,59.7,True,False
1784661424.206,734.8,60.2,True,False
1784661424.312,734.9,5.8,False,True
1784661424.418,735.0,5.1,False,True
1784661424.578,735.2,59.7,True,False
1784661424.738,735.3,59.5,True,False
1784661424.898,735.5,60.8,True,False
1784661425.058,735.7,59.9,True,False
1784661425.219,735.8,59.7,True,False
1784661425.379,736.0,59.7,True,False
1784661425.485,736.1,5.7,False,True
1784661425.645,736.2,59.8,True,False
1784661425.805,736.4,59.8,True,False
1784661425.979,736.6,73.5,True,False
1784661426.139,736.7,59.8,True,False
1784661426.299,736.9,59.5,True,False
1784661426.459,737.1,59.4,True,False
1784661426.619,737.2,59.5,True,False
1784661426.779,737.4,60.1,True,False
1784661426.886,737.5,6.1,False,True
1784661427.047,737.6,60.2,True,False
1784661427.207,737.8,59.5,True,False
1784661427.367,738.0,60.2,True,False
1784661427.527,738.1,59.6,True,False
1784661427.687,738.3,59.9,True,False
1784661427.847,738.4,59.5,True,False
1784661428.008,738.6,60.0,True,False
1784661428.168,738.8,60.1,True,False
1784661428.329,738.9,60.5,True,False
1784661428.489,739.1,59.5,True,False
1784661428.649,739.2,59.8,True,False
1784661428.810,739.4,60.0,True,False
1784661428.916,739.5,5.8,False,True
1784661429.076,739.7,60.3,True,False
1784661429.237,739.8,60.5,True,False
1784661429.398,740.0,59.9,True,False
1784661429.557,740.2,59.4,True,False
1784661429.717,740.3,59.8,True,False
1784661429.877,740.5,59.6,True,False
1784661430.037,740.6,59.5,True,False
1784661430.197,740.8,60.3,True,False
1784661430.358,741.0,59.9,True,False
1784661430.519,741.1,61.1,True,False
1784661430.679,741.3,60.0,True,False
1784661430.840,741.4,60.0,True,False
1784661431.000,741.6,60.0,True,False
1784661431.180,741.8,79.3,True,False
1784661431.341,741.9,59.9,True,False
1784661431.501,742.1,60.0,True,False
1784661431.663,742.3,61.2,True,False
1784661433.824,744.4,2060.6,False,True
1784661435.983,746.6,2059.1,False,True
1784661438.142,748.7,2058.5,False,True
1784661438.248,748.8,5.5,False,True
1784661440.409,751.0,2060.6,False,True
1784661442.570,753.2,2060.7,False,True
1784661444.731,755.3,2060.3,False,True
1784661444.913,755.5,81.6,False,True
1784661445.019,755.6,5.5,False,True
1784661445.124,755.7,5.5,False,True
1784661445.283,755.9,58.2,False,True
1784661445.389,756.0,5.6,False,True
1784661445.507,756.1,17.7,False,True
1784661445.665,756.3,58.1,False,True
1784661445.824,756.4,58.2,False,True
1784661445.982,756.6,58.1,False,True
1784661446.089,756.7,6.1,False,True
1784661446.195,756.8,5.7,False,True
1784661446.354,756.9,58.6,False,True
1784661446.512,757.1,58.1,False,True
1784661447.702,758.3,1089.5,False,True
1784661448.886,759.5,1083.8,False,True
1784661449.045,759.6,58.4,False,True
1784661450.234,760.8,1088.6,False,True
1784661451.418,762.0,1083.8,False,True
1784661452.597,763.2,1079.3,False,True
1784661452.703,763.3,5.6,False,True
1784661453.881,764.5,1077.8,False,True
1784661454.040,764.6,58.4,False,True
1784661455.222,765.8,1080.8,False,True
1784661456.406,767.0,1084.0,False,True
1784661457.590,768.2,1083.7,False,True
1784661458.773,769.4,1083.2,False,True
1784661458.932,769.5,58.8,False,True
1784661460.117,770.7,1084.8,False,True
1784661461.301,771.9,1083.7,False,True
1784661462.485,773.1,1083.6,False,True
1784661463.669,774.3,1083.4,False,True
1784661464.853,775.4,1083.7,False,True
1784661465.012,775.6,58.8,False,True
1784661466.197,776.8,1084.7,False,True
1784661467.384,778.0,1086.8,False,True
1784661468.565,779.2,1080.9,False,True
1784661469.749,780.3,1084.0,False,True
1784661469.909,780.5,59.3,False,True
1784661471.093,781.7,1083.7,False,True
1784661472.277,782.9,1083.5,False,True
1784661472.383,783.0,6.1,False,True
1784661473.557,784.2,1073.2,False,True
1784661474.740,785.3,1083.5,False,True
1784661475.924,786.5,1083.8,False,True
1784661476.084,786.7,59.5,False,True
1784661477.272,787.9,1087.7,False,True
1784661477.379,788.0,5.9,False,True
1784661478.548,789.1,1069.1,False,True
1784661479.732,790.3,1083.6,False,True
1784661480.916,791.5,1083.5,False,True
1784661481.085,791.7,68.1,False,True
1784661482.260,792.9,1075.0,False,True
1784661482.366,793.0,5.6,False,True
1784661483.540,794.1,1073.7,False,True
1784661484.724,795.3,1083.5,False,True
1784661485.908,796.5,1083.7,False,True
1784661486.067,796.7,58.5,False,True
1784661487.252,797.8,1084.8,False,True
1784661488.436,799.0,1083.9,False,True
1784661489.620,800.2,1083.6,False,True
1784661490.804,801.4,1084.1,False,True
1784661490.964,801.6,59.4,False,True
1784661492.148,802.7,1083.9,False,True
1784661493.332,803.9,1083.7,False,True
1784661494.516,805.1,1084.0,False,True
1784661495.700,806.3,1083.4,False,True
1784661496.884,807.5,1083.7,False,True
1784661496.991,807.6,6.9,False,True
1784661497.151,807.7,59.9,False,True
1784661498.325,808.9,1073.2,True,True
1784661498.688,809.3,262.6,True,True
1784661498.848,809.4,59.5,True,False
1784661499.212,809.8,263.6,True,True
1784661499.373,810.0,60.7,True,False
1784661499.534,810.1,60.9,True,False
1784661500.724,811.3,1089.6,True,True
1784661500.831,811.4,5.8,False,True
1784661501.812,812.4,881.1,True,True
1784661503.000,813.6,1088.6,True,True
1784661503.162,813.8,60.4,True,False
1784661503.322,813.9,59.6,True,False
1784661504.712,815.3,1290.0,True,True
1784661505.876,816.5,1064.0,True,True
1784661506.239,816.8,262.8,True,True
1784661506.399,817.0,59.9,True,False
1784661506.506,817.1,5.9,False,True
1784661506.666,817.3,59.7,True,False
1784661507.828,818.4,1062.0,True,True
1784661507.989,818.6,60.4,True,False
1784661509.172,819.8,1083.2,True,True
1784661509.535,820.1,262.8,True,True
1784661509.695,820.3,59.3,True,False
1784661509.855,820.4,59.7,True,False
1784661509.961,820.6,5.9,False,True
1784661510.121,820.7,60.5,True,False
1784661510.281,820.9,59.4,True,False
1784661510.441,821.0,59.5,True,False
1784661510.803,821.4,262.2,True,True
1784661511.988,822.6,1084.4,True,True
1784661512.148,822.7,59.9,True,False
1784661512.715,823.3,466.7,True,True
1784661512.875,823.5,59.3,True,False
1784661513.034,823.6,59.4,True,False
1784661514.200,824.8,1065.6,True,True
1784661515.187,825.8,886.6,True,True
1784661517.011,827.6,1723.7,True,True
1784661517.117,827.7,5.9,False,True
1784661518.292,828.9,1073.8,True,True
1784661518.452,829.0,59.8,True,False
1784661518.815,829.4,263.0,True,True
1784661519.175,829.8,259.8,True,True
1784661520.339,830.9,1064.4,True,True
1784661520.499,831.1,59.7,True,False
1784661521.683,832.3,1083.9,True,True
1784661521.843,832.4,59.7,True,False
1784661522.003,832.6,59.4,True,False
1784661522.163,832.8,59.6,True,False
1784661522.322,832.9,59.4,True,False
1784661522.482,833.1,59.5,True,False
1784661522.642,833.2,59.4,True,False
1784661522.748,833.3,5.7,False,True
1784661522.909,833.5,60.5,True,False
1784661523.069,833.7,59.9,True,False
1784661523.228,833.8,58.7,True,False
1784661523.389,834.0,60.8,True,False
1784661523.550,834.1,60.6,True,False
1784661523.709,834.3,59.3,True,False
1784661523.869,834.5,59.4,True,False
1784661524.048,834.6,78.7,True,False
1784661524.208,834.8,59.9,True,False
1784661524.315,834.9,6.1,False,True
1784661524.420,835.0,5.8,False,True
1784661524.527,835.1,5.9,False,True
1784661524.687,835.3,59.9,True,False
1784661524.848,835.4,60.4,True,False
1784661525.008,835.6,59.7,True,False
1784661525.114,835.7,5.6,False,True
1784661525.274,835.9,59.7,True,False
1784661525.434,836.0,59.8,True,False
1784661525.540,836.1,5.9,False,True
1784661525.700,836.3,59.5,True,False
1784661525.860,836.5,59.6,True,False
1784661526.021,836.6,60.1,True,False
1784661526.181,836.8,59.7,True,False
1784661526.341,836.9,59.3,True,False
1784661526.501,837.1,59.9,True,False
1784661526.661,837.3,59.5,True,False
1784661526.821,837.4,59.3,True,False
1784661526.981,837.6,60.6,True,False
1784661527.141,837.7,59.6,True,False
1784661527.301,837.9,59.2,True,False
1784661527.461,838.1,59.8,True,False
1784661527.621,838.2,59.7,True,False
1784661527.781,838.4,59.7,True,False
1784661527.940,838.5,59.1,True,False
1784661528.100,838.7,59.5,True,False
1784661528.259,838.9,59.1,True,False
1784661528.419,839.0,59.7,True,False
1784661528.579,839.2,59.2,True,False
1784661528.739,839.3,59.3,True,False
1784661528.898,839.5,59.5,True,False
1784661529.059,839.7,60.6,True,False
1784661529.219,839.8,59.5,True,False
1784661529.378,840.0,59.1,True,False
1784661529.538,840.1,59.5,True,False
1784661529.698,840.3,59.4,True,False
1784661529.857,840.5,59.5,True,False
1784661529.964,840.6,6.1,False,True
1784661530.124,840.7,59.6,True,False
1784661530.283,840.9,59.5,True,False
1784661530.390,841.0,5.8,False,True
1784661530.549,841.1,59.1,True,False
1784661530.709,841.3,59.4,True,False
1784661530.869,841.5,59.7,True,False
1784661531.029,841.6,59.7,True,False
1784661531.136,841.7,6.5,False,True
1784661531.296,841.9,59.4,True,False
1784661531.401,842.0,5.7,False,True
1784661531.561,842.2,59.6,True,False
1784661531.721,842.3,59.4,True,False
1784661531.881,842.5,59.8,True,False
1784661532.041,842.6,60.1,True,False
1784661532.203,842.8,61.4,True,False
1784661532.363,843.0,59.3,True,False
1784661532.523,843.1,59.5,True,False
1784661532.682,843.3,59.6,True,False
1784661532.842,843.4,59.8,True,False
1784661533.003,843.6,60.1,True,False
1784661533.163,843.8,59.7,True,False
1784661533.269,843.9,5.8,False,True
1784661533.428,844.0,59.6,True,False
1784661533.588,844.2,59.5,True,False
1784661533.694,844.3,5.7,False,True
1784661533.854,844.4,59.6,True,False
1784661534.014,844.6,59.5,True,False
1784661534.174,844.8,59.7,True,False
1784661534.334,844.9,59.6,True,False
1784661534.494,845.1,59.5,True,False
1784661534.654,845.2,59.5,True,False
1784661534.814,845.4,60.3,True,False
1784661534.974,845.6,59.4,True,False
1784661535.134,845.7,59.3,True,False
1784661535.293,845.9,59.3,True,False
1784661535.453,846.0,59.4,True,False
1784661535.613,846.2,59.6,True,False
1784661535.772,846.4,59.1,True,False
1784661535.933,846.5,59.7,True,False
1784661536.093,846.7,60.0,True,False
1784661536.253,846.8,59.8,True,False
1784661536.413,847.0,59.7,True,False
1784661536.533,847.1,19.7,False,True
1784661536.694,847.3,60.4,True,False
1784661536.853,847.4,59.0,True,False
1784661537.013,847.6,59.5,True,False
1784661537.173,847.8,59.7,True,False
1784661537.333,847.9,59.5,True,False
1784661537.495,848.1,61.6,True,False
1784661537.655,848.2,59.3,True,False
1784661537.814,848.4,59.3,True,False
1784661537.975,848.6,60.0,True,False
1784661538.135,848.7,60.4,True,False
1784661538.295,848.9,59.6,True,False
1784661538.455,849.0,59.4,True,False
1784661538.614,849.2,59.5,True,False
1784661538.775,849.4,59.9,True,False
1784661538.935,849.5,60.0,True,False
1784661539.095,849.7,60.0,True,False
1784661539.255,849.9,59.9,True,False
1784661539.361,850.0,5.3,False,True
1784661539.522,850.1,60.2,True,False
1784661539.682,850.3,60.4,True,False
1784661539.843,850.4,60.9,True,False
1784661540.003,850.6,59.2,True,False
1784661540.163,850.8,59.6,True,False
1784661540.322,850.9,59.3,True,False
1784661540.496,851.1,74.0,True,False
1784661540.656,851.3,59.1,True,False
1784661540.816,851.4,59.2,True,False
1784661540.975,851.6,59.4,True,False
1784661541.136,851.7,60.1,True,False
1784661541.295,851.9,59.3,True,False
1784661541.455,852.1,59.8,True,False
1784661541.615,852.2,59.4,True,False
1784661541.775,852.4,59.9,True,False
1784661541.936,852.5,60.4,True,False
1784661542.096,852.7,60.0,True,False
1784661542.256,852.9,59.3,True,False
1784661542.416,853.0,59.6,True,False
1784661542.575,853.2,59.1,True,False
1784661542.735,853.3,59.0,True,False
1784661542.894,853.5,59.3,True,False
1784661543.054,853.6,59.7,True,False
1784661543.215,853.8,60.4,True,False
1784661543.375,854.0,59.7,True,False
1784661543.536,854.1,60.5,True,False
1784661543.695,854.3,59.2,True,False
1784661543.854,854.4,59.4,True,False
1784661544.014,854.6,59.1,True,False
1784661544.173,854.8,59.4,True,False
1784661544.334,854.9,59.5,True,False
1784661544.494,855.1,59.8,True,False
1784661544.654,855.2,59.2,True,False
1784661544.813,855.4,59.2,True,False
1784661544.973,855.6,60.0,True,False
1784661545.079,855.7,5.6,False,True
1784661545.242,855.8,63.0,True,False
1784661545.404,856.0,61.1,True,False
1784661545.563,856.2,59.3,True,False
1784661545.724,856.3,60.1,True,False
1784661545.883,856.5,59.3,True,False
1784661545.989,856.6,6.0,False,True
1784661546.158,856.8,68.2,True,False
1784661546.318,856.9,59.4,True,False
1784661546.477,857.1,59.5,True,False
1784661546.637,857.2,59.9,True,False
1784661546.757,857.4,19.9,False,True
1784661546.918,857.5,59.9,True,False
1784661547.078,857.7,59.6,True,False
1784661547.237,857.8,59.4,True,False
1784661547.413,858.0,74.9,True,False
1784661547.518,858.1,5.1,False,True
1784661547.678,858.3,59.2,True,False
1784661547.837,858.4,59.2,True,False
1784661547.943,858.5,5.5,False,True
1784661548.103,858.7,59.9,True,False
1784661548.263,858.9,59.6,True,False
1784661548.423,859.0,59.4,True,False
1784661548.582,859.2,59.2,True,False
1784661548.742,859.3,59.3,True,False
1784661548.902,859.5,59.6,True,False
1784661549.062,859.7,59.7,True,False
1784661549.221,859.8,59.2,True,False
1784661549.381,860.0,59.3,True,False
1784661549.540,860.1,59.2,True,False
1784661549.700,860.3,59.7,True,False
1784661549.860,860.5,59.8,True,False
1784661550.021,860.6,59.9,True,False
1784661550.181,860.8,59.5,True,False
1784661550.353,860.9,72.1,True,False
1784661550.513,861.1,59.8,True,False
1784661550.673,861.3,59.6,True,False
1784661550.833,861.4,59.5,True,False
1784661550.993,861.6,59.4,True,False
1784661551.154,861.7,60.6,True,False
1784661551.314,861.9,60.2,True,False
1784661551.487,862.1,72.4,True,False
1784661551.647,862.2,59.4,True,False
1784661551.806,862.4,59.2,True,False
1784661551.966,862.6,59.5,True,False
1784661552.126,862.7,59.5,True,False
1784661552.285,862.9,59.3,True,False
1784661552.445,863.0,59.7,True,False
1784661552.606,863.2,60.4,True,False
1784661552.711,863.3,5.4,False,True
1784661552.871,863.5,59.6,True,False
1784661553.031,863.6,59.2,True,False
1784661553.193,863.8,60.8,True,False
1784661553.376,864.0,82.8,True,False
1784661553.482,864.1,5.9,False,True
1784661553.642,864.2,59.5,True,False
1784661553.811,864.4,69.0,True,False
1784661553.971,864.6,59.6,True,False
1784661554.130,864.7,59.4,True,False
1784661554.291,864.9,60.5,True,False
1784661554.451,865.0,59.7,True,False
1784661554.611,865.2,59.4,True,False
1784661554.771,865.4,59.7,True,False
1784661554.930,865.5,59.4,True,False
1784661555.037,865.6,6.0,False,True
1784661555.143,865.7,5.6,False,True
1784661555.302,865.9,59.0,True,False
1784661555.462,866.1,59.8,True,False
1784661555.622,866.2,59.8,True,False
1784661555.782,866.4,59.2,True,False
1784661555.941,866.5,59.1,True,False
1784661556.101,866.7,59.7,True,False
1784661556.207,866.8,5.4,False,True
1784661556.313,866.9,5.4,False,True
1784661556.438,867.0,24.7,False,True
1784661556.598,867.2,60.2,True,False
1784661556.757,867.4,59.1,True,False
1784661556.917,867.5,59.2,True,False
1784661557.077,867.7,60.3,True,False
1784661557.237,867.8,59.5,True,False
1784661557.398,868.0,59.9,True,False
1784661557.557,868.2,59.6,True,False
1784661557.718,868.3,59.8,True,False
1784661557.877,868.5,59.4,True,False
1784661558.038,868.6,59.7,True,False
1784661558.144,868.7,6.0,False,True
1784661558.303,868.9,59.5,True,False
1784661558.463,869.1,59.5,True,False
1784661558.623,869.2,59.3,True,False
1784661558.782,869.4,59.1,True,False
1784661558.942,869.5,59.1,True,False
1784661559.101,869.7,59.0,True,False
1784661559.261,869.9,59.3,True,False
1784661559.421,870.0,59.2,True,False
1784661559.580,870.2,59.3,True,False
1784661559.740,870.3,58.9,True,False
1784661559.846,870.4,5.6,False,True
1784661560.006,870.6,59.6,True,False
1784661560.166,870.8,59.5,True,False
1784661560.325,870.9,59.6,True,False
1784661560.485,871.1,59.6,True,False
1784661560.646,871.2,59.7,True,False
1784661560.806,871.4,59.9,True,False
1784661560.966,871.6,59.8,True,False
1784661561.126,871.7,59.7,True,False
1784661561.285,871.9,59.2,True,False
1784661561.392,872.0,5.6,False,True
1784661561.573,872.2,81.6,True,False
1784661561.743,872.3,68.9,True,False
1784661561.902,872.5,59.5,True,False
1784661562.062,872.7,59.6,True,False
1784661562.222,872.8,59.8,True,False
1784661562.328,872.9,5.6,False,True
1784661562.488,873.1,59.3,True,False
1784661562.647,873.2,59.2,True,False
1784661562.807,873.4,59.6,True,False
1784661562.968,873.6,59.9,True,False
1784661563.128,873.7,60.0,True,False
1784661563.299,873.9,70.7,True,False
1784661563.458,874.1,59.2,True,False
1784661563.618,874.2,59.9,True,False
1784661563.778,874.4,59.6,True,False
1784661563.938,874.5,59.9,True,False
1784661564.098,874.7,59.6,True,False
1784661564.258,874.9,59.9,True,False
1784661564.365,875.0,6.1,False,True
1784661564.471,875.1,6.8,False,True
1784661564.632,875.2,59.6,True,False
1784661564.791,875.4,59.0,True,False
1784661564.950,875.5,59.3,True,False
1784661565.121,875.7,70.1,True,False
1784661565.227,875.8,5.5,False,True
1784661565.386,876.0,59.2,True,False
1784661565.546,876.1,59.4,True,False
1784661565.705,876.3,59.3,True,False
1784661565.865,876.5,59.2,True,False
1784661566.025,876.6,59.4,True,False
1784661566.184,876.8,59.8,True,False
1784661566.344,876.9,59.6,True,False
1784661566.504,877.1,59.4,True,False
1784661566.664,877.3,59.3,True,False
1784661566.824,877.4,59.6,True,False
1784661566.985,877.6,60.4,True,False
1784661567.159,877.8,74.3,True,False
1784661567.320,877.9,59.9,True,False
1784661567.480,878.1,59.8,True,False
1784661567.639,878.2,59.5,True,False
1784661567.799,878.4,59.1,True,False
1784661567.905,878.5,6.0,False,True
1784661568.065,878.7,59.8,True,False
1784661568.225,878.8,60.1,True,False
1784661568.405,879.0,79.6,True,False
1784661568.565,879.2,59.6,True,False
1784661568.724,879.3,59.1,True,False
1784661568.883,879.5,59.0,True,False
1784661569.043,879.6,59.3,True,False
1784661569.204,879.8,60.8,True,False
1784661569.363,880.0,59.7,True,False
1784661569.523,880.1,59.3,True,False
1784661569.683,880.3,59.6,True,False
1784661569.843,880.4,59.9,True,False
1784661570.003,880.6,59.9,True,False
1784661570.163,880.8,60.0,True,False
1784661570.324,880.9,60.1,True,False
1784661570.484,881.1,59.8,True,False
1784661570.644,881.2,60.0,True,False
1784661570.804,881.4,59.3,True,False
1784661570.964,881.6,59.8,True,False
1784661571.124,881.7,59.7,True,False
1784661571.284,881.9,59.8,True,False
1784661571.445,882.0,60.8,True,False
1784661571.606,882.2,60.6,True,False
1784661571.766,882.4,59.7,True,False
1784661571.926,882.5,59.6,True,False
1784661572.086,882.7,59.7,True,False
1784661572.247,882.8,60.6,True,False
1784661572.407,883.0,59.2,True,False
1784661572.567,883.2,59.3,True,False
1784661572.727,883.3,59.7,True,False
1784661572.887,883.5,60.2,True,False
1784661573.054,883.6,66.0,True,False
1784661573.215,883.8,60.7,True,False
1784661573.375,884.0,59.8,True,False
1784661573.536,884.1,60.4,True,False
1784661573.719,884.3,83.1,True,False
1784661573.879,884.5,59.7,True,False
1784661574.039,884.6,59.9,True,False
1784661574.200,884.8,59.8,True,False
1784661574.359,885.0,59.7,True,False
1784661574.519,885.1,60.0,True,False
1784661574.679,885.3,59.7,True,False
1784661574.839,885.4,59.3,True,False
1784661574.999,885.6,59.2,True,False
1784661575.159,885.8,60.4,True,False
1784661575.319,885.9,59.8,True,False
1784661575.479,886.1,59.5,True,False
1784661575.639,886.2,59.3,True,False
1784661575.798,886.4,59.5,True,False
1784661575.959,886.6,59.9,True,False
1784661576.119,886.7,59.6,True,False
1784661576.278,886.9,59.8,True,False
1784661576.385,887.0,6.2,False,True
1784661576.545,887.1,59.2,True,False
1784661576.704,887.3,59.5,True,False
1784661576.864,887.5,59.5,True,False
1784661577.024,887.6,60.1,True,False
1784661577.185,887.8,60.1,True,False
1784661577.354,887.9,68.0,True,False
1784661577.514,888.1,60.1,True,False
1784661577.674,888.3,59.4,True,False
1784661577.834,888.4,59.4,True,False
1784661577.993,888.6,59.2,True,False
1784661578.153,888.7,60.3,True,False
1784661578.313,888.9,59.0,True,False
1784661578.472,889.1,59.6,True,False
1784661578.632,889.2,59.0,True,False
1784661578.792,889.4,59.9,True,False
1784661578.964,889.6,71.7,True,False
1784661579.124,889.7,59.8,True,False
1784661579.284,889.9,59.5,True,False
1784661579.443,890.0,59.6,True,False
1784661579.603,890.2,59.4,True,False
1784661579.729,890.3,25.8,False,True
1784661579.889,890.5,59.3,True,False
1784661580.049,890.6,59.5,True,False
1784661580.218,890.8,68.7,True,False
1784661580.377,891.0,59.5,True,False
1784661580.538,891.1,60.0,True,False
1784661580.698,891.3,59.6,True,False
1784661580.857,891.5,59.4,True,False
1784661581.018,891.6,59.6,True,False
1784661581.124,891.7,5.9,False,True
1784661581.284,891.9,60.3,True,False
1784661581.444,892.0,59.5,True,False
1784661581.604,892.2,59.4,True,False
1784661581.765,892.4,60.4,True,False
1784661581.925,892.5,59.6,True,False
1784661582.085,892.7,59.5,True,False
1784661582.245,892.8,59.5,True,False
1784661582.405,893.0,59.7,True,False
1784661582.564,893.2,59.5,True,False
1784661582.724,893.3,59.5,True,False
1784661582.830,893.4,6.0,False,True
1784661582.995,893.6,64.7,True,False
1784661583.156,893.8,60.4,True,False
1784661583.316,893.9,59.6,True,False
1784661583.476,894.1,60.0,True,False
1784661583.636,894.2,59.6,True,False
1784661583.813,894.4,77.2,True,False
1784661583.973,894.6,59.9,True,False
1784661584.157,894.8,83.6,True,False
1784661584.317,894.9,60.0,True,False
1784661584.423,895.0,5.9,False,True
1784661584.584,895.2,59.9,True,False
1784661584.743,895.3,59.4,True,False
1784661584.904,895.5,60.0,True,False
1784661585.063,895.7,59.5,True,False
1784661585.224,895.8,59.9,True,False
1784661585.384,896.0,59.7,True,False
1784661585.544,896.1,59.5,True,False
1784661585.704,896.3,59.6,True,False
1784661585.863,896.5,59.5,True,False
1784661586.024,896.6,59.9,True,False
1784661586.129,896.7,5.7,False,True
1784661586.290,896.9,60.3,True,False
1784661586.451,897.0,60.6,True,False
1784661586.611,897.2,60.0,True,False
1784661586.771,897.4,59.7,True,False
1784661586.932,897.5,60.6,True,False
1784661587.092,897.7,59.8,True,False
1784661587.253,897.8,60.1,True,False
1784661587.413,898.0,59.9,True,False
1784661587.572,898.2,59.0,True,False
1784661587.678,898.3,5.5,False,True
1784661587.838,898.4,59.4,True,False
1784661587.998,898.6,60.3,True,False
1784661588.105,898.7,6.3,False,True
1784661588.265,898.9,59.5,True,False
1784661588.425,899.0,59.8,True,False
1784661588.586,899.2,60.7,True,False
1784661588.746,899.3,59.3,True,False
1784661588.905,899.5,59.4,True,False
1784661589.011,899.6,5.8,False,True
1784661589.171,899.8,59.7,True,False
1784661589.331,899.9,59.4,True,False
1784661589.491,900.1,59.8,True,False
1784661589.651,900.2,60.0,True,False
1784661589.812,900.4,59.8,True,False
1784661589.918,900.5,6.2,False,True
1784661590.079,900.7,60.3,True,False
1784661590.239,900.8,59.6,True,False
1784661590.350,900.9,10.7,False,True
1784661590.456,901.1,5.6,False,True
1784661590.616,901.2,60.0,True,False
1784661590.776,901.4,59.4,True,False
1784661590.935,901.5,59.3,True,False
1784661591.096,901.7,60.0,True,False
1784661591.256,901.9,60.0,True,False
1784661591.416,902.0,60.2,True,False
1784661591.576,902.2,59.2,True,False
1784661591.736,902.3,60.2,True,False
1784661591.897,902.5,60.1,True,False
1784661592.057,902.7,60.0,True,False
1784661592.240,902.8,83.0,True,False
1784661592.400,903.0,59.3,True,False
1784661592.560,903.2,59.3,True,False
1784661592.720,903.3,59.3,True,False
1784661592.879,903.5,59.6,True,False
1784661593.039,903.6,59.0,True,False
1784661593.198,903.8,59.3,True,False
1784661593.358,904.0,59.5,True,False
1784661593.518,904.1,59.4,True,False
1784661593.677,904.3,59.3,True,False
1784661593.783,904.4,5.6,False,True
1784661593.890,904.5,6.1,False,True
1784661594.050,904.6,59.6,True,False
1784661594.210,904.8,59.9,True,False
1784661594.370,905.0,59.8,True,False
1784661594.530,905.1,59.7,True,False
1784661594.690,905.3,59.9,True,False
1784661594.851,905.4,60.5,True,False
1784661595.010,905.6,59.2,True,False
1784661595.170,905.8,59.3,True,False
1784661595.330,905.9,59.7,True,False
1784661595.490,906.1,59.3,True,False
1784661595.649,906.2,59.1,True,False
1784661595.809,906.4,59.3,True,False
1784661595.915,906.5,5.9,False,True
1784661596.075,906.7,59.2,True,False
1784661596.235,906.8,59.5,True,False
1784661596.394,907.0,59.7,True,False
1784661596.554,907.1,59.1,True,False
1784661596.714,907.3,59.9,True,False
1784661596.874,907.5,60.0,True,False
1784661597.034,907.6,59.5,True,False
1784661597.194,907.8,59.6,True,False
1784661597.353,907.9,59.6,True,False
1784661597.513,908.1,59.3,True,False
1784661597.673,908.3,59.2,True,False
1784661597.832,908.4,59.5,True,False
1784661597.938,908.5,5.7,False,True
1784661598.044,908.6,5.9,False,True
1784661598.204,908.8,59.9,True,False
1784661598.364,909.0,59.7,True,False
1784661598.524,909.1,59.7,True,False
1784661598.684,909.3,59.9,True,False
1784661598.844,909.4,59.0,True,False
1784661599.005,909.6,60.6,True,False
1784661599.110,909.7,5.6,False,True
1784661599.271,909.9,60.4,True,False
1784661599.431,910.0,59.2,True,False
1784661599.590,910.2,59.1,True,False
1784661599.750,910.3,59.5,True,False
1784661599.855,910.5,5.5,False,True
1784661599.962,910.6,5.9,False,True
1784661600.122,910.7,59.7,True,False
1784661600.282,910.9,59.6,True,False
1784661600.442,911.0,59.3,True,False
1784661600.602,911.2,59.7,True,False
1784661600.774,911.4,71.5,True,False
1784661600.945,911.5,70.7,True,False
1784661601.104,911.7,59.6,True,False
1784661601.265,911.9,60.0,True,False
1784661601.425,912.0,60.2,True,False
1784661601.585,912.2,59.5,True,False
1784661601.745,912.3,59.3,True,False
1784661601.924,912.5,79.1,True,False
1784661602.084,912.7,59.2,True,False
1784661602.244,912.8,59.8,True,False
1784661602.350,912.9,6.0,False,True
1784661602.510,913.1,59.0,True,False
1784661602.670,913.3,60.0,True,False
1784661602.840,913.4,68.8,True,False
1784661602.999,913.6,59.4,True,False
1784661603.160,913.8,59.9,True,False
1784661603.320,913.9,59.8,True,False
1784661603.480,914.1,59.7,True,False
1784661603.640,914.2,60.2,True,False
1784661603.800,914.4,59.6,True,False
1784661603.960,914.6,59.7,True,False
1784661604.067,914.7,5.9,False,True
1784661604.227,914.8,59.7,True,False
1784661604.387,915.0,60.0,True,False
1784661604.547,915.1,60.1,True,False
1784661604.708,915.3,59.4,True,False
1784661604.867,915.5,59.3,True,False
1784661605.027,915.6,59.5,True,False
1784661605.210,915.8,82.7,True,False
1784661605.370,916.0,60.2,True,False
1784661605.476,916.1,6.2,False,True
1784661605.637,916.2,60.0,True,False
1784661605.797,916.4,59.7,True,False
1784661605.956,916.6,59.6,True,False
1784661606.116,916.7,59.2,True,False
1784661606.276,916.9,59.5,True,False
1784661606.436,917.0,60.2,True,False
1784661606.596,917.2,59.7,True,False
1784661606.756,917.4,59.9,True,False
1784661606.916,917.5,59.6,True,False
1784661607.076,917.7,59.4,True,False
1784661607.236,917.8,59.3,True,False
1784661607.396,918.0,59.7,True,False
1784661607.556,918.2,59.4,True,False
1784661607.715,918.3,59.6,True,False
1784661607.875,918.5,59.6,True,False
1784661608.034,918.6,58.9,True,False
1784661608.194,918.8,59.6,True,False
1784661608.301,918.9,5.6,False,True
1784661608.460,919.1,59.5,True,False
1784661608.620,919.2,59.3,True,False
1784661608.726,919.3,5.5,False,True
1784661608.886,919.5,60.1,True,False
1784661609.046,919.6,59.6,True,False
1784661609.226,919.8,79.9,True,False
1784661609.385,920.0,59.7,True,False
1784661609.545,920.1,59.3,True,False
1784661609.705,920.3,59.7,True,False
1784661609.866,920.5,60.1,True,False
1784661610.025,920.6,59.2,True,False
1784661610.186,920.8,60.0,True,False
1784661610.346,920.9,59.6,True,False
1784661610.505,921.1,59.4,True,False
1784661610.666,921.3,60.0,True,False
1784661610.825,921.4,59.5,True,False
1784661610.932,921.5,5.7,False,True
1784661611.038,921.6,5.7,False,True
1784661611.198,921.8,59.3,True,False
1784661611.359,922.0,61.1,True,False
1784661611.519,922.1,59.7,True,False
1784661611.680,922.3,60.4,True,False
1784661611.840,922.4,60.0,True,False
1784661612.000,922.6,59.9,True,False
1784661612.162,922.8,61.0,True,False
1784661612.338,922.9,76.2,True,False
1784661612.499,923.1,60.1,True,False
1784661612.678,923.3,78.9,True,False
1784661612.838,923.4,60.2,True,False
1784661613.021,923.6,82.2,True,False
1784661613.181,923.8,59.7,True,False
1784661613.287,923.9,5.8,False,True
1784661613.446,924.0,59.1,True,False
1784661613.606,924.2,59.7,True,False
1784661613.766,924.4,59.4,True,False
1784661613.926,924.5,59.2,True,False
1784661614.086,924.7,59.7,True,False
1784661614.245,924.8,59.3,True,False
1784661614.352,924.9,6.3,False,True
1784661614.512,925.1,59.9,True,False
1784661614.672,925.3,59.6,True,False
1784661614.778,925.4,5.5,False,True
1784661614.884,925.5,5.8,False,True
1784661615.044,925.6,59.6,True,False
1784661615.204,925.8,59.5,True,False
1784661615.363,926.0,59.5,True,False
1784661615.524,926.1,59.7,True,False
1784661615.684,926.3,59.6,True,False
1784661615.843,926.4,59.4,True,False
1784661615.950,926.5,6.1,False,True
1784661616.110,926.7,59.7,True,False
1784661616.270,926.9,59.7,True,False
1784661616.430,927.0,59.4,True,False
1784661616.605,927.2,74.6,True,False
1784661616.764,927.4,59.5,True,False
1784661616.924,927.5,59.7,True,False
1784661617.085,927.7,60.3,True,False
1784661617.190,927.8,5.3,False,True
1784661617.350,927.9,59.1,True,False
1784661617.510,928.1,59.4,True,False
1784661617.670,928.3,59.6,True,False
1784661617.829,928.4,59.4,True,False
1784661617.988,928.6,59.2,True,False
1784661618.148,928.7,59.2,True,False
1784661618.308,928.9,59.6,True,False
1784661618.467,929.1,59.4,True,False
1784661618.627,929.2,59.5,True,False
1784661618.787,929.4,59.0,True,False
1784661618.946,929.5,59.4,True,False
1784661619.106,929.7,59.4,True,False
1784661619.266,929.9,59.7,True,False
1784661619.425,930.0,59.2,True,False
1784661619.586,930.2,60.4,True,False
1784661619.745,930.3,58.9,True,False
1784661619.905,930.5,59.2,True,False
1784661620.064,930.7,59.1,True,False
1784661620.225,930.8,60.0,True,False
1784661620.385,931.0,59.8,True,False
1784661620.545,931.1,59.6,True,False
1784661620.705,931.3,59.5,True,False
1784661620.865,931.5,59.7,True,False
1784661621.025,931.6,59.3,True,False
1784661621.185,931.8,59.6,True,False
1784661621.291,931.9,6.2,False,True
1784661621.451,932.0,59.6,True,False
1784661621.612,932.2,60.0,True,False
1784661621.772,932.4,59.4,True,False
1784661621.932,932.5,59.5,True,False
1784661622.092,932.7,59.6,True,False
1784661622.198,932.8,6.0,False,True
1784661622.305,932.9,6.6,False,True
1784661622.465,933.1,59.7,True,False
1784661622.625,933.2,59.5,True,False
1784661622.784,933.4,59.5,True,False
1784661622.961,933.6,75.9,True,False
1784661623.121,933.7,60.0,True,False
1784661623.281,933.9,59.6,True,False
1784661623.441,934.0,59.3,True,False
1784661623.601,934.2,59.5,True,False
1784661623.761,934.4,59.5,True,False
1784661623.920,934.5,59.0,True,False
1784661624.025,934.6,5.4,False,True
1784661624.185,934.8,59.1,True,False
1784661624.345,934.9,59.3,True,False
1784661624.504,935.1,59.1,True,False
1784661624.675,935.3,70.9,True,False
1784661624.835,935.4,59.5,True,False
1784661624.995,935.6,59.2,True,False
1784661625.155,935.8,60.1,True,False
1784661625.315,935.9,59.5,True,False
1784661625.475,936.1,59.7,True,False
1784661625.635,936.2,59.5,True,False
1784661625.795,936.4,59.5,True,False
1784661625.954,936.5,59.4,True,False
1784661626.114,936.7,59.1,True,False
1784661626.273,936.9,59.5,True,False
1784661626.379,937.0,6.0,False,True
1784661626.539,937.1,59.7,True,False
1784661626.699,937.3,59.2,True,False
1784661626.859,937.5,60.0,True,False
1784661627.018,937.6,59.2,True,False
1784661627.124,937.7,5.7,False,True
1784661627.284,937.9,59.1,True,False
1784661627.443,938.0,59.4,True,False
1784661627.604,938.2,60.2,True,False
1784661627.765,938.4,60.2,True,False
1784661627.924,938.5,59.5,True,False
1784661628.084,938.7,59.5,True,False
1784661628.244,938.8,59.4,True,False
1784661628.404,939.0,59.7,True,False
1784661628.564,939.2,59.5,True,False
1784661628.724,939.3,60.1,True,False
1784661628.883,939.5,59.2,True,False
1784661629.043,939.6,59.5,True,False
1784661629.203,939.8,59.6,True,False
1784661629.363,940.0,59.6,True,False
1784661629.544,940.1,80.7,True,False
1784661629.704,940.3,59.4,True,False
1784661629.864,940.5,59.4,True,False
1784661630.024,940.6,59.8,True,False
1784661630.184,940.8,59.3,True,False
1784661630.344,940.9,60.0,True,False
1784661630.504,941.1,59.9,True,False
1784661630.664,941.3,59.4,True,False
1784661630.824,941.4,59.5,True,False
1784661630.984,941.6,59.8,True,False
1784661631.145,941.7,60.2,True,False
1784661631.305,941.9,60.1,True,False
1784661631.465,942.1,59.5,True,False
1784661631.625,942.2,59.5,True,False
1784661631.797,942.4,71.8,True,False
1784661631.957,942.6,59.9,True,False
1784661632.117,942.7,59.4,True,False
1784661632.277,942.9,59.6,True,False
1784661632.436,943.0,59.4,True,False
1784661632.596,943.2,59.5,True,False
1784661632.755,943.4,59.0,True,False
1784661632.915,943.5,59.2,True,False
1784661633.074,943.7,59.5,True,False
1784661633.234,943.8,59.3,True,False
1784661633.394,944.0,59.9,True,False
1784661633.554,944.1,59.4,True,False
1784661633.713,944.3,59.2,True,False
1784661633.873,944.5,59.6,True,False
1784661634.033,944.6,59.9,True,False
1784661634.193,944.8,58.7,True,False
1784661634.353,944.9,60.3,True,False
1784661634.513,945.1,59.4,True,False
1784661634.693,945.3,79.6,True,False
1784661634.853,945.4,59.7,True,False
1784661635.013,945.6,60.0,True,False
1784661635.173,945.8,59.4,True,False
1784661635.279,945.9,6.0,False,True
1784661635.385,946.0,5.6,False,True
1784661635.544,946.1,59.4,True,False
1784661635.704,946.3,59.7,True,False
1784661635.810,946.4,5.8,False,True
1784661635.970,946.6,59.6,True,False
1784661636.143,946.7,72.3,True,False
1784661636.303,946.9,59.7,True,False
1784661636.462,947.1,59.3,True,False
1784661636.622,947.2,59.4,True,False
1784661636.783,947.4,59.2,True,False
1784661636.942,947.5,59.2,True,False
1784661637.103,947.7,59.8,True,False
1784661637.273,947.9,70.2,True,False
1784661637.433,948.0,60.0,True,False
1784661637.594,948.2,60.7,True,False
1784661637.754,948.3,59.5,True,False
1784661637.860,948.5,5.7,False,True
1784661638.020,948.6,59.7,True,False
1784661638.180,948.8,59.8,True,False
1784661638.340,948.9,59.2,True,False
1784661638.500,949.1,59.8,True,False
1784661638.660,949.3,59.8,True,False
1784661638.819,949.4,59.4,True,False
1784661638.979,949.6,59.2,True,False
1784661639.139,949.7,59.8,True,False
1784661639.299,949.9,59.3,True,False
1784661639.458,950.1,59.0,True,False
